ID,dataset,batches,apoe_genotype,apoe_4,sex,age_death,pmi,RIN,sqrt.amyloid_mf,sqrt.tangles_mf,cogng_demog_slope,pseudotime,prAD,ABA,Oli.11,Mic.12,Oli.7,Ast.10,Mic.13,Ast.7,Oli.3,Oli.4,Ast.4,Inh.6,Exc.1,Exc.3,Inh.15,OPC.1,Inh.16,Inh.5,Exc.8,End.3,Inh.12,Oli.5,Mic.1,Exc.12,Inh.7,Ast.6,End.1,Ast.2,OPC.2,Mic.14,Ast.1,Oli.9
80000001,batchA,batch1,33,0,Male,94.32210976180835,4.002890390345582,6.745674682212571,0.6750628641386787,0.6650853249887236,-0.006188605690812823,0.40872223626154547,0.10689663037061356,0.8931033696293864,0.14061578906507569,0.14751134424942156,0.10176446308521817,0.06273729912106882,0.09770317159913493,0.06839734082588543,0.0752099189653218,0.0649829564119523,0.1068452159936276,0.0719543573566805,0.0523468182095428,0.09633610784451485,0.08442397295007406,0.07321307017087025,0.1402238490037408,0.10798984758458068,0.10413366680009446,0.10875105606340627,0.10698023632804562,0.08591446925705293,0.07223670233454797,0.09703490143001572,0.0853692801615917,0.04059369226064545,0.06276603278754114,0.08162325071093471,0.12354508536454191,0.09717444905651998,0.06742077504447588,0.1271600824759104
80000002,batchB,batch2,33,0,Male,98.61840837860268,5.544168047584273,7.99850173286569,0.5346716291924842,1.0810812253646753,-0.02227884761743383,0.5343476602925267,0.7967133193549233,0.2032866806450767,0.11778011055418747,0.1279179313535347,0.16846681681449532,0.17638362410659392,0.14940314629935428,0.1846222968942534,0.14642387757500824,0.12146116569758576,0.1594431666647076,0.22668642054081134,0.11281914158149449,0.18336333809295477,0.15786604172355476,0.126547793407295,0.09834168621352257,0.09072947465524646,0.1299480748699409,0.1533215602871843,0.16629035750478344,0.17286019855192336,0.15093739106699508,0.14681641623510924,0.13496336894795408,0.1539703571153938,0.12689385713704948,0.11391183493937335,0.14522126221430207,0.1640427019035488,0.10937447057216408,0.08321262899617378
80000003,batchA,batch3,33,0,Male,84.20885130056357,9.712588079758053,7.842009003529839,0.7355257391191088,1.0944498998408936,-0.1038864172912229,0.665136270940261,0.12357864047939941,0.8764213595206006,0.11399426380086841,0.0914175880109774,0.07011702603398753,0.12692579706763,0.06897219330373504,0.09283016327818173,0.09943090323061685,0.10905403366443277,0.11165100753604701,0.06868712888297708,0.07828286922346739,0.07848848195076985,0.07354960001235634,0.11613468820140459,0.1495265052434621,0.081800178586067,0.09410941330194117,0.1390295906817475,0.10833025015044105,0.05531354890134982,0.11834568212797765,0.0880598728609515,0.06144969838574624,0.07795280338992544,0.09348720437692697,0.07785749103686801,0.06340048780299756,0.09175939759306187,0.11761361800488095,0.17015151819896132
80000004,batchB,batch4,33,0,Male,80.61068707864658,5.605704367803715,7.526790841368117,0.6641498534309469,0.8849487348659618,-0.13491127722381896,0.5210520809612791,0.1435837106947374,0.8564162893052626,0.08083117723317182,0.12356032859903407,0.11816835349790596,0.11586600147412732,0.10018241950133475,0.10631563174341856,0.07200178665070163,0.11712294275167162,0.12506591353153323,0.058899786758172284,0.0837138947339332,0.07678770392788904,0.07121344719319356,0.0961163288775833,0.10209908837291402,0.0806875917379074,0.031358012058621924,0.08517161183797652,0.12310227875068357,0.0886518780655305,0.04774710204024915,0.11964850457334904,0.0738783964871487,0.1426792769086318,0.07902265904099336,0.07450672040664195,0.05994666288082743,0.08280878722298662,0.08762875193351297,0.13907592929444154
80000005,batchA,batch1,34,1,Female,84.79662428150797,7.914114932631664,6.946252339165355,2.4619462121957074,1.0364614293582632,-0.044295081224765706,0.7177584778639717,0.17983754739289035,0.8201624526071096,0.11936653915095076,0.16310222283108478,0.10355994917238061,0.19887291429143045,0.06213870877223665,0.08770205760252318,0.06844430593139811,0.08115508540474958,0.08891794549728767,0.14174032024086775,0.09649004085196415,0.12035477735623376,0.08598960855402625,0.08351985331512035,0.06259138159135641,0.14070408134147414,0.12889739705587958,0.100314950431255,0.09012939752762046,0.09732564152327486,0.06774202605586598,0.10606727065101335,0.1264925990051815,0.12790976292853112,0.06327997022479569,0.12010603174985691,0.06785834675737241,0.05228148545696124,0.12111390700866163,0.13558471522586357
80000006,batchB,batch2,23,0,Male,86.32460360296305,5.715605381358056,6.668969922248391,0.6899547425425699,1.0593078434781056,-0.06222723132731188,0.8090901545937403,0.8302150657424574,0.1697849342575426,0.13502985917278992,0.14125165577892257,0.1538042600482649,0.16591610064306866,0.13634345300930523,0.1453785552025143,0.1378591747980627,0.17384267540228762,0.19585624818873928,0.1317603265925522,0.16455828493937363,0.1769325401599536,0.14828568283522417,0.12443549497501158,0.1802037214589552,0.12333667509878908,0.18764550654779139,0.13745110912373892,0.12074252084104901,0.1427149935635306,0.1520750511798619,0.15645705898909099,0.16649006091460036,0.1584202658973468,0.1933928426947874,0.1510691622271685,0.1595969628914155,0.15770521325080722,0.11868737359728997,0.0741659893096608
80000007,batchA,batch3,34,1,Female,96.17437529709223,3.9043194794883496,5.40192023997136,1.8858246996532333,1.0412349578309803,-0.06925422835491607,0.5250959853394211,0.11581605535281839,0.8841839446471816,0.11646707475686048,0.0689440763351595,0.08713881965695158,0.14817503703289558,0.07634096019766398,0.12120794306137748,0.08807004883831895,0.1332445607618843,0.11578306230591581,0.08804553446243849,0.08127210391339687,0.11283198971581374,0.0958941203804939,0.06573306485061198,0.08511101328698877,0.12942404282736442,0.10516352196553955,0.0815337221975902,0.05623253844892232,0.09751547916597723,0.09194797981305532,0.08726460260021451,0.1131729156473276,0.1055192265169647,0.056878314239964235,0.09209309525123655,0.06151589990135916,0.07928731762164999,0.06001822029558184,0.12307388202009094
80000008,batchB,batch4,44,1,Female,93.06648075664457,8.167652163916994,6.399347707266899,1.2083504979811397,0.9079728884243246,-0.10915542942214645,0.2523495618744966,0.8578118225260292,0.14218817747397083,0.1375483790080146,0.10329154629411405,0.1800958482687987,0.2664668806696139,0.13535431187674593,0.16378301040272725,0.19075360301464006,0.15580454754048897,0.2132653918132348,0.14229789264768583,0.18291974505982614,0.14657506119362432,0.1597298537813737,0.09407851256875038,0.11276670625051022,0.1700476551860565,0.15358127151009568,0.12993494889142512,0.16853110223429915,0.15230052958841256,0.1457474948684474,0.14011757939609437,0.14092753924298798,0.09720143155889044,0.1409933227987937,0.12630084683502515,0.14860943147201905,0.14279599698386536,0.12715247722058515,0.10384835199149631
80000009,batchA,batch1,33,0,Male,81.43171466278582,7.367200362578863,7.0133714723467,0.6842529930313357,1.1269919802851887,-0.06202948958992387,0.6933311271889983,0.06630462151877313,0.9336953784812269,0.041446822601365244,0.11332001495943976,0.05430768104330641,0.0876528696082777,0.09370365557939105,0.06841651964484911,0.10829873297230377,0.09790413351220245,0.11516016476815907,0.09097512906973651,0.04251252383608718,0.06669214625045042,0.09705133361183588,0.1180024282347361,0.08464065390298346,0.11125596946637391,0.08521895549168432,0.0973681406430271,0.08171778671013515,0.1134460288236354,0.1264959498930355,0.12399793470874575,0.16904100138064387,0.06923014058890413,0.09364962526994043,0.0696778200292696,0.11226499515521376,0.06351872586556963,0.11394429721371163,0.16156485897082773
80000010,batchB,batch2,33,0,Female,97.74269306149102,8.349271546638482,9.191201880459293,0.6370497731325381,1.347699748639429,-0.06855564333094022,0.8879039463557133,0.9066268835953527,0.0933731164046473,0.15588590624078955,0.17507156752091974,0.14752119420906562,0.20689928796503845,0.11620483310807232,0.15684918553754426,0.13295113297056144,0.16610027187499518,0.14546510390785122,0.15176765435533043,0.17240489311471482,0.19378149043441986,0.1868384802651227,0.1408474088442081,0.1647953805024977,0.15006020030085612,0.1340790253186838,0.1500363568285623,0.1926789485482293,0.18660053533464205,0.16467979185578505,0.12574307668662965,0.15679135948753525,0.14426143856648938,0.14196779191950126,0.16607653928269425,0.1885273083647951,0.1756957181127676,0.14539151801198022,0.1055730837121114
80000011,batchA,batch3,34,1,Female,87.23944548681553,6.572204141327268,6.57394154523805,1.3244147848928778,0.8423922456044337,-0.08612564153881454,0.30230908707451865,0.8185367210052137,0.18146327899478631,0.1684742122217579,0.11700316009647785,0.1428122026422561,0.18666294391290164,0.18291484333564245,0.11701159127717647,0.13045066741057798,0.1345027264129025,0.1513135300417942,0.1364078294937684,0.1636737499696582,0.09260177012686921,0.14022932095314822,0.2014565392204207,0.13649073173170906,0.15870948464751697,0.17655681032058762,0.15755706737311234,0.21453987381288295,0.1477556424370413,0.16548296335786694,0.152712933617508,0.19218001526382344,0.1319164016223511,0.21840842535624433,0.12435913852862295,0.20571699901335366,0.113744252126712,0.16666260965155005,0.09395326802445367
80000012,batchB,batch4,33,0,Male,82.45740147956006,4.194222850497002,7.537327959000074,0.7024977610101372,0.7098845695578268,-0.07436386270052192,0.5372136142126415,0.06333610129927157,0.9366638987007284,0.05897722031603378,0.1084703948324751,0.09840096841211375,0.12627883092954414,0.08930235496291021,0.060456052695818475,0.08959371585824999,0.09285518523395098,0.11822382774418684,0.0604043890512889,0.04893859317748788,0.09014812428133609,0.13715143909396596,0.10250700856014072,0.10420936071702395,0.053172523616457364,0.08569854231342783,0.1188547321122991,0.0931793055007297,0.04767057961073618,0.0851842437887103,0.1004376643721139,0.018493357098331276,0.08237350370562042,0.0629506158375266,0.10789788781827006,0.0739952424478827,0.09576401213282083,0.08449910755777831,0.14656404409936696
80000013,batchA,batch1,33,0,Male,85.4915261920943,9.625790736758626,6.5822941924667875,0.588798316615366,1.274835589784274,-0.0838664898935508,0.897885011168143,0.856619204739541,0.143380795260459,0.16327084152511795,0.17268421157407288,0.16567329720766,0.15128354077725775,0.154549015696296,0.18759409743751104,0.15736776681900846,0.18199686740674012,0.15628448928344535,0.18184694454899122,0.15956451672684213,0.17074037046248733,0.1442855398899119,0.1632238977638258,0.1445633268982726,0.14944562080495502,0.15102051717685508,0.15420030209967012,0.17892939558544904,0.1486919037877699,0.16098948197278026,0.18192688983987207,0.1702638312999446,0.12363343987603805,0.12890489469029487,0.16608291274658085,0.14770903965229043,0.12654593477794654,0.14630011776074758,0.10592738914201422
80000014,batchB,batch2,34,1,Female,90.35471150454534,2.5113408167349354,8.035253851661015,1.6739325626910053,0.7580872286061002,-0.08840094161545758,0.44646230528954883,0.8870057863957959,0.11299421360420414,0.12836873860431294,0.15460495518341014,0.13914067596067986,0.18856752045484662,0.1379933737430182,0.14908213714987956,0.1406506104257833,0.10895072037366012,0.2014676818502862,0.15429455349243054,0.20277440601895746,0.15556189824635966,0.17343101069651587,0.1361890229768651,0.1368215878047284,0.15272111917177256,0.20243322785220383,0.12921061152951263,0.10373315441082219,0.1840346212571728,0.17535521087517894,0.14210830132511099,0.2164040814958562,0.21818587091300395,0.1074593922161405,0.13559531062097016,0.152520574236431,0.16532463586330068,0.16079353783037303,0.0900840040688893
80000015,batchA,batch3,34,1,Female,86.0367401471054,10.0701773252715,8.155025991115734,2.377114028285428,1.2097439573128235,-0.13391554749729614,0.7968879783614179,0.7647493063951232,0.23525069360487683,0.1311145687188543,0.14518361282307174,0.1894854948035993,0.22150741353451028,0.1529895190851169,0.15118811686574427,0.1686260202266347,0.16185417344607253,0.15142875794186952,0.1487158183939752,0.1472935248153401,0.14303012901743917,0.12040175046363961,0.15550490664282568,0.13296024599228562,0.1661641874819516,0.1405306888700157,0.16344295572561982,0.14351071305967095,0.14190740286193193,0.14764177482052232,0.13793708687097542,0.18884246281249842,0.184701373826983,0.18395085164617606,0.1512602620252223,0.131745695320787,0.16408777427061672,0.1380888549712337,0.12365952484142209
80000016,batchB,batch4,33,0,Female,79.41342084157333,5.998547589486014,8.478728987291117,0.6513704205100073,0.5571583772827808,-0.06729747022243547,0.3854798530808613,0.901351446717556,0.09864855328244404,0.10508898074322778,0.13590933635918018,0.14979958880637234,0.17912019451181715,0.1678014189766286,0.12476995343497743,0.1429648402680427,0.16106350531939764,0.14103007278448565,0.12717264994170085,0.1463470516140397,0.1581324963540953,0.12234883563364973,0.16435875724211335,0.1514880863361573,0.16549530811409177,0.1457170465783336,0.20025136729172432,0.15754736077480966,0.16902528984589882,0.16423157796924157,0.14260320046017155,0.1548404907883962,0.13106873210195588,0.19737201765977574,0.16083024828233478,0.12567618768601388,0.1883413112552695,0.14400463475585354,0.11061571779110782
80000017,batchA,batch1,23,0,Male,98.7380943599691,8.843315801355523,7.556804591912504,0.7549139041788416,0.8981340078158058,-0.006562296790479927,0.25132809286401164,0.8127019771117425,0.18729802288825748,0.15814586196324829,0.10377983469290446,0.17346986567537123,0.1341787189022553,0.16802533729834535,0.15034027457163052,0.08795214048715398,0.1365578657837755,0.1743561153205121,0.14215522542920622,0.1374145920243035,0.14212169360754676,0.08196556872326945,0.1785517993274676,0.06923255319025337,0.18709469954231284,0.1253277297316471,0.15283424477660462,0.07988830126813799,0.16426557987273996,0.1575882826946785,0.1553077444146085,0.07881609870601407,0.11208677621898924,0.1505299155362885,0.1774042937208525,0.10768491287923639,0.10847308591627788,0.1481578172574043,0.18565708214651602
80000018,batchB,batch2,33,0,Female,87.75010267382828,7.075859799798915,8.279203486619153,0.5896826272694726,0.6429359398038689,-0.06534193505637942,0.3692232549293609,0.8732798197382774,0.1267201802617226,0.14942056262359635,0.16644671785000084,0.16198622219323364,0.15411883350382966,0.14375234761203168,0.20367148825668197,0.15023953529937176,0.17089218310909238,0.20052724395194235,0.16639271306420345,0.16493602020546547,0.15041156935243938,0.16255299453460542,0.141349364654997,0.23799389570329096,0.11213702056533274,0.14552050016948942,0.1669250325793288,0.16496480313676426,0.14130088431496765,0.10329350565574574,0.11596510877484117,0.15614274694167013,0.09650952981523053,0.16919823638637368,0.18728019637686555,0.17493303175063213,0.18155480055926285,0.09733758128201767,0.08269689019230948
80000019,batchA,batch3,34,1,Male,83.94247937411485,8.429546478422363,7.335826284693902,2.1436746776399342,1.1196798904448375,-0.0911442172439345,0.6410588444936484,0.08962347733175469,0.9103765226682453,0.10934052011671318,0.07780089531497436,0.07257465902439533,0.13286224627951126,0.07920569766234221,0.11714373805247108,0.07894893774064263,0.08860510984629719,0.09556530126011054,0.05667727676925778,0.07426634254493165,0.13544419766427682,0.10798094192895762,0.0786624639330509,0.1039327986390297,0.11665455030461055,0.08194356627968528,0.1066699859845457,0.1028046173971425,0.06190863854342935,0.08206485435162542,0.12678944807345505,0.13446011750297954,0.10820606463009201,0.0735720274759933,0.04227198825414654,0.07078890920487428,0.05940016535596836,0.12914430901704707,0.1150608382146906
80000020,batchB,batch4,23,0,Male,88.93078340351242,10.893180737501016,6.688587236837134,0.6500911101917319,1.1009746677204462,-0.009226081441088912,0.5347376427179337,0.08747329127200251,0.9125267087279975,0.08652282659069974,0.0712287315655203,0.08726678971356479,0.046641609080367595,0.055108794410715985,0.11055627412064682,0.12723960853105823,0.07870489014521069,0.11084692103895537,0.047281717965891555,0.04432468624990323,0.11850056236617604,0.09934298649317441,0.08662418961997674,0.13278402596525307,0.08308219604399303,0.06251425228593117,0.052493521786042996,0.08724721981929293,0.09180294404002903,0.08159064012856372,0.11152621940440051,0.12346418129853334,0.07844849260377754,0.0472469593030982,0.09439623913365691,0.11824077205910684,0.0785527835551573,0.10082653744130023,0.12717672679306594
80000021,batchA,batch1,34,1,Female,91.00401571925778,4.252841114350412,5.559040312009627,2.447451644823089,1.1969893492071355,-0.12622569647809098,0.7482270472202764,0.8698673259844297,0.13013267401557027,0.10972626059060382,0.14836774832401625,0.1394222736326458,0.25954405561173033,0.14159600002514333,0.1531795522009752,0.13713255463862944,0.14462605635408454,0.15285261165465142,0.11235839030396966,0.17336954118037926,0.205598430607306,0.18689430244189537,0.17085109425074335,0.17580639257995628,0.15618922895158582,0.16267847410205233,0.13888381536187555,0.1507727751085849,0.12280153942141336,0.13471948833053649,0.15866572516902622,0.1707286220342741,0.1674366937587894,0.17871532928279651,0.16218610589689345,0.10501887144816184,0.14709985268022716,0.1897881825998026,0.12523970449848848
80000022,batchB,batch2,33,0,Male,81.6603630899729,8.177447989422218,6.90309645568907,0.7149534792770867,0.8281360217397374,-0.08143468015347541,0.2838244724330451,0.13381556965520366,0.8661844303447963,0.07357136187436965,0.08349587399773095,0.08152850524282043,0.057822155228545766,0.16220830998335137,0.08267610655608586,0.10631503850433632,0.10746070679293328,0.04513845219069342,0.07839189193901601,0.11620322814688767,0.14200517855033154,0.0790409791821138,0.04930742047098764,0.07105100599879237,0.07770828988080826,0.07655232168393365,0.062229936125484574,0.0467419538612308,0.05541553898612931,0.07130221133126927,0.11553862337297172,0.13020075173185006,0.09352090567288361,0.0561384650872918,0.07296271651990813,0.03167342553411285,0.14290480501911562,0.06833733137426723,0.15985740741818338
80000023,batchA,batch3,23,0,Female,79.25442624259787,7.375151833146021,7.856326535036502,0.9635573343836144,1.0103636225692814,-0.04958977645157782,0.7358127477929342,0.9033834556585538,0.09661654434144618,0.15661637471851836,0.19273486473320095,0.15042884028723355,0.12624008242201634,0.17166425025652243,0.18182292562488137,0.18351251393668516,0.15381945889235243,0.17417746290502095,0.14609377150491443,0.15958208860339473,0.15171944381972738,0.148463870457514,0.16051051326548668,0.13435781388264548,0.1796392712918318,0.1485486635829475,0.17840616756421052,0.13821083908050238,0.1484760195104018,0.13429444155052003,0.13358731871506505,0.1407320297869452,0.1385093234366219,0.13445211372778393,0.15804462639872566,0.17118696099941602,0.17244790341668495,0.12181967339518257,0.08382046519143363
80000024,batchB,batch4,33,0,Male,77.48624091582295,11.873355210751594,6.736711501135271,0.4570468082881369,0.2036090460017408,-0.04054432134385309,0.061588983030060065,0.5131296702060292,0.4868703297939708,0.014978561621409486,0.06736457418641663,0.10088856593328813,0.06175589389640815,0.08471617786442727,0.12632934487281272,0.12453270406158479,0.16123272386037882,0.10219839024808734,0.08023259868571958,0.11984485832699157,0.16668135475485332,0.15533468588401206,0.09418077263017105,0.0642267707534895,0.0968195418552702,0.06880142258119207,0.18096810002461827,0.09664429795365893,0.12257390535706444,0.032240542632125314,0.1661463133235666,0.09128743764407597,0.12036590365556521,0.13426375940256718,0.16325941620321963,0.11050109928886521,0.09259537032035216,0.040035276452924276,0.1076665166872442
80000025,batchA,batch1,34,1,Female,93.07447120017895,8.69372371748285,7.826498879317836,1.6539156306795746,1.0561062105098897,-0.10716598078082384,0.49398674823542593,0.8820369752357416,0.11796302476425835,0.12595227034156872,0.12603070961365076,0.15362488893618173,0.22320478439874583,0.18928119630015441,0.15284341431751522,0.18189073706487813,0.16586852307364833,0.13681651713010065,0.13519976476331153,0.20291434307090025,0.16617756944625564,0.11386696304459543,0.12476028344482804,0.2117437464724253,0.1317085438927549,0.12648396821817967,0.185223065569479,0.11144591554738037,0.14051614328299544,0.1351193771425374,0.20037869958827156,0.14581326302638178,0.12874969194235378,0.14498262186993355,0.1522088513971167,0.13487631467418779,0.1353075926836114,0.1477744705052349,0.07751776868484293
80000026,batchB,batch2,33,0,Female,90.2218158118234,10.876714412071916,6.127725326997342,0.702197196770813,1.0777311677159036,0.003667492437556208,0.5057048112522267,0.0924447938560958,0.9075552061439042,0.11627727471959594,0.0675364689308817,0.06473530930082645,0.10732826344989095,0.08351986855369832,0.09199942102782155,0.11787219735497997,0.10723175166028773,0.07793199515724925,0.1278131109112359,0.07001710879936608,0.09578186688142654,0.11541926040850414,0.08956612611018365,0.07606955280744675,0.09033423139247121,0.09154277001406695,0.0702895324337061,0.12053218358023504,0.06091586244449184,0.032197989523893404,0.11287116930719972,0.08950625127057846,0.07627090275114663,0.09891397315718682,0.08091130383804593,0.053820031855331574,0.05946444966660285,0.07936362111709867,0.1398142019519788
80000027,batchA,batch3,34,1,Male,94.98160356068044,5.318589243959249,7.0615877016020105,2.0269993733948413,0.9758855159876282,-0.1001556505414898,0.5808508461070925,0.7649083803308008,0.23509161966919923,0.14872582499350498,0.1078976208259617,0.14098155797058073,0.16532865572421485,0.13654581496012244,0.14750682481025676,0.16574283801499642,0.1547393229549106,0.17096315106849858,0.12819088589850358,0.1808044801169316,0.184851414731183,0.10343430640508383,0.11151447940187129,0.14694094108682573,0.1348769161900904,0.13824473882598287,0.15451064557385205,0.17208338349711316,0.12707989298302158,0.17672827832273447,0.13132662286791186,0.2062275134512605,0.18102375406406282,0.13349853842692136,0.11725941415655268,0.1329952631025714,0.12997921537479723,0.16233129216045605,0.06115773475702919
80000028,batchB,batch4,34,1,Female,90.03535846986509,2.9354300186572857,7.415463018113221,1.417966315690246,0.9756494457519619,-0.04365379407643943,0.330100340536878,0.11188980160715185,0.8881101983928481,0.10736088010979626,0.06052269786107217,0.07090608689961479,0.13391739710430722,0.10720368273280194,0.09169443605350577,0.09632768966172713,0.058012637627231405,0.11456330271747155,0.1322932144653457,0.1685239325275519,0.1007331791574287,0.13379088479230278,0.05096989056902981,0.10045362183178234,0.09150540808650877,0.08483099285938563,0.12352124977335248,0.11109653791610162,0.0459460721723032,0.112986389053604,0.07844725622372027,0.09696615663291751,0.08341302034479998,0.05688481239237408,0.05910653011089975,0.053286784864014676,0.08565150937440899,0.12188410611979052,0.1929969632136732
80000029,batchA,batch1,34,1,Female,98.12416377924984,4.205141198444494,7.587375854327841,1.2560366000272463,0.7918837956204497,-0.06081038477184439,0.26251860792933146,0.8286088301137603,0.1713911698862397,0.08600941581447726,0.12072405449001752,0.09153182971542456,0.1081893313251359,0.10622380964338535,0.19325007457326132,0.19302869379690446,0.1214488729055818,0.09848055626765347,0.1311617700688286,0.17202264594520145,0.18373983142553937,0.15377310869952793,0.16019283955871894,0.15645437665845882,0.09335354949345132,0.10110419653494118,0.2130860294644997,0.15359852579968192,0.07985913063795853,0.1624837473396466,0.11451963856986892,0.18720536695158574,0.1824390514781506,0.16975185211129326,0.15317435967273446,0.19762164442949626,0.20233785159983123,0.1152953487173452,0.11629460212454167
80000030,batchB,batch2,33,0,Female,92.25284380942792,5.6469714554423485,5.803184499896688,0.6208879213550487,0.0,-0.046987729031318155,0.19643761350593356,0.10903656460071802,0.890963435399282,0.10172945111081241,0.10738507241178931,0.14373366508076485,0.03689482354341253,0.051464750755426,0.08620959796105586,0.11158642977877203,0.03912921841863401,0.045256496364793126,0.12272221318184391,0.040248852490342456,0.051897524473334,0.12593404533616417,0.11088899189471392,0.0601097150048318,0.10540119546658382,0.09656561297691452,0.07956159754969137,0.06929746365220334,0.10358856341916145,0.04266823083273843,0.103068201452109,0.09251894681173965,0.09555815982668475,0.05052827892390802,0.14516001194333755,0.06022583002863521,0.06548707604782256,0.07802142338071154,0.17221684272332416
80000031,batchA,batch3,23,0,Male,86.9455269936864,8.381165286925059,7.318866177430353,0.5801292653099659,0.9216168867915596,0.008360641166599792,0.39067114654915447,0.8655282051741312,0.1344717948258688,0.14315542149363789,0.15496022407613808,0.16297298591386772,0.12300712481780336,0.1427778819817536,0.1640466607423499,0.12991429676900385,0.11675303517074209,0.13544328841936662,0.13791420323478273,0.15481136989371747,0.15272137412403564,0.18042161077135974,0.17352285525367436,0.12704400559574852,0.1693463962624255,0.17813503281012194,0.1808846360010851,0.15808493061458256,0.15640480369840637,0.14783054879131127,0.15082066334245997,0.20351679231019387,0.1518074028439319,0.12906146321319245,0.1587344974570561,0.17226489625146724,0.17941525020080892,0.12107176184773348,0.13732503918898095
80000032,batchB,batch4,33,0,Female,77.76485963967866,9.756136484836325,6.662905277192135,0.44051042039857835,0.8547095766469207,-0.009488722276475382,0.42789347190724303,0.12237968556608028,0.8776203144339197,0.06288052064576878,0.08635346323297388,0.1072257354604438,0.09701290806862937,0.068962816149208,0.09181818086879479,0.08556501426100892,0.09021350554259938,0.09386967294745761,0.10128314946816755,0.07417868253290304,0.12471181844106569,0.14575311520791948,0.07989710490069185,0.15880812041621564,0.07566296889351802,0.09231606993863249,0.08580647220718124,0.0912097708008346,0.12080097583927064,0.08426837387985833,0.060045536692549806,0.07373813433295981,0.0843276640892077,0.09478961313720186,0.06907307713881347,0.07161652084973641,0.09582938333599096,0.09682547657039721,0.17671654953217783
80000033,batchA,batch1,23,0,Male,84.87797213159935,4.073292344869488,6.912653436170581,0.7311176220000525,1.2516853128893675,-0.09308750029295601,0.923493296353132,0.1929001732609249,0.8070998267390751,0.11802826821993265,0.07042208686314963,0.06639241822344483,0.07802191813817975,0.10117803352792507,0.10725733615944329,0.05010597935342496,0.10698693025750439,0.13361470584799565,0.09163547132420242,0.12998637411905395,0.10547639065063975,0.1269787617026134,0.12222033920530621,0.09164506214112655,0.11502813798117167,0.0916060714741276,0.13312612532844909,0.09330678815976338,0.10823892808273086,0.13794996722990358,0.10915374714383809,0.08972526816791299,0.07476395770893571,0.07055610496496006,0.10688318758292584,0.09648811795973429,0.0768931243142997,0.11261090709895272,0.16241697557085705
80000034,batchB,batch2,33,0,Male,84.3241339842414,9.514247612603771,5.549296043812615,0.7608688492496323,0.5489800787569026,-0.10006396880681923,0.23093489419321894,0.16647790357722067,0.8335220964227793,0.05296263711371964,0.16522891448652896,0.10269489648271798,0.06364477052816922,0.10216514079464302,0.10268416599372586,0.14857553740423693,0.022614417142722734,0.055270247004052794,0.012191147488254055,0.1550399553478081,0.13141558756584976,0.09848137710980333,0.0545863083950529,0.053689513172553424,0.2183985507727593,0.07095012970274954,0.03732496970264511,0.05749074699243936,0.1211016966953734,0.08687048222024228,0.09731763619209712,0.07312015035375748,0.10181256031821147,0.11207960732184903,0.056110210507676374,0.06786342406910244,0.12250536163208288,0.09591881488270572,0.20703536381460047
80000035,batchA,batch3,34,1,Male,81.31337541346699,3.860857160686878,7.85627751063768,2.8536334947188298,1.2506452823356773,-0.1233711322945333,0.9796068925648335,0.14064517661104017,0.8593548233889599,0.10392607828557189,0.08740185700177969,0.11321099377323497,0.16054379084888717,0.0848751417422694,0.09921795447665191,0.1188101286894554,0.11496520477315456,0.08589366964748431,0.126894532168546,0.0777764725997012,0.08270961133712575,0.11224463830783173,0.05894742167144608,0.09481109151823251,0.08887090981099463,0.12840002291686725,0.07471551769976871,0.07648835153608338,0.131953242492474,0.08908380476853837,0.11787005091102025,0.08609912191291047,0.08199998863324781,0.11904576509441965,0.13833376841388062,0.12087695022082931,0.08494869945942582,0.09396257172786131,0.13729580377133305
80000036,batchB,batch4,33,0,Female,95.61285459156481,12.420794711040664,7.165544051803573,0.4888114129803782,0.8004472671302946,-0.04959651405303338,0.43716107980730506,0.12155894877676648,0.8784410512232335,0.0715575512477277,0.0484252687006044,0.1299923118235052,0.14157833731172126,0.08432805832781869,0.09480083904927476,0.10110742700025137,0.08475182614429749,0.09683577651038844,0.1053358774113711,0.09272805397516722,0.11071776985526814,0.07074161048072622,0.087746021745942,0.17526870015194118,0.11807867060348508,0.09337252439437796,0.06383613547650162,0.08914010168859908,0.11577694824040945,0.10876154986249724,0.04373679986615292,0.04915117512079182,0.050050190480084245,0.1015886141933329,0.05031638308256943,0.06284664526759869,0.08378216504286307,0.12126888072517308,0.164485188525862
80000037,batchA,batch1,34,1,Female,86.98591477561274,7.438312654485223,8.244204178572357,2.050023084422866,1.18725587585465,-0.11364732620304581,0.7397591813228054,0.8522008045552085,0.14779919544479148,0.21051671472993264,0.13956788574741413,0.13396521238575682,0.2061837137607888,0.15113031628601098,0.17675827739243563,0.12219024152227327,0.10565222622901987,0.16240093547527892,0.16883243746529064,0.1432515109221129,0.16958495271541263,0.16255115475079238,0.14057754537384293,0.12647831868716866,0.16501814500541873,0.1610060969637328,0.17221192495702067,0.14967232366301625,0.13437398689065136,0.15882797948780597,0.1397460425209493,0.1842144538406518,0.1383780540116968,0.14754538725496155,0.16688954648762658,0.18304991954975972,0.16958461368866648,0.173145822909835,0.12767408354377446
80000038,batchB,batch2,33,0,Male,88.15992563861626,5.053852146597452,7.200360588993864,0.668850622594792,0.6093535479665168,-0.05047011957538228,0.09276539208683963,0.5183253474923256,0.4816746525076744,0.08512867220716476,0.16656767586380475,0.17634977962161066,0.1120968748222432,0.16244038248003423,0.07043615540005702,0.13537585759615142,0.20154809015691005,0.14700902407577487,0.21348836422244888,0.21604592736315012,0.13928047768887242,0.17482927242652418,0.052096815468639965,0.02699802258868585,0.17989287095387768,0.13978062476572753,0.12387829653450487,0.14569829549637597,0.028809832322227714,0.09948610730102418,0.07765516466900046,0.11937182621628765,0.12139519444306723,0.14297095235996524,0.15243016678641538,0.030299953170454884,0.10019035196626536,0.11171190885841407,0.04869372299125537
80000039,batchA,batch3,33,0,Female,88.3549312190396,2.49522920295471,6.954786748913501,0.8633061069870741,0.8100917785924806,-0.03907201665058197,0.6571720838842845,0.8791044291902708,0.12089557080972924,0.15011679793490632,0.15862963067565564,0.12288738662273226,0.15747811903149445,0.16434358561250403,0.15751280175889995,0.15382785167236926,0.17258865184456032,0.12766624055598963,0.1655261390155045,0.10990205383783168,0.18774827348219697,0.15462924181076085,0.17825960165035423,0.09648445559923768,0.17427064435517992,0.14006186867079948,0.1587929061948831,0.174702049715811,0.15650964514020846,0.17143873277895233,0.15045955255940294,0.1900716758205315,0.15456316242650606,0.15504397005549259,0.15548817925737746,0.1581163339974783,0.12864802134997155,0.13573383509798392,0.11788158932789196
80000040,batchB,batch4,33,0,Female,82.38422412791006,5.448702897964771,7.93592718593219,0.5965621147510237,0.05766822866215328,0.00024433914224281095,0.06365762007555321,0.48697398700223343,0.5130260129977666,0.0596903434802492,0.06012892777814158,0.07182040898518874,0.142309159218993,0.07835115887977999,0.150026972288672,0.03173584213398034,0.1421573708421928,0.19105231417672433,0.0943457652270859,0.03999323490864614,0.12607605222862492,0.09536883817002925,0.11421008725761518,0.1522020169515137,0.07427585606548728,0.06616169947061529,0.28886846174185377,0.12694758193796973,0.1651862402974115,0.14781451988585437,0.16617544346878838,0.1163821701143959,0.15647896293969188,0.0599796923747683,0.01702563833413393,0.04817207026603091,0.0868747769071325,0.07961301582866841,0.09731932193802528
80000041,batchA,batch1,34,1,Male,92.03725438645458,8.094122650475532,7.368320303099603,1.796536859857864,0.9375869040193181,-0.07188836048113507,0.48248050880711707,0.12267069373507916,0.8773293062649208,0.056657696850345676,0.08148284903631894,0.07703948502447684,0.0730985182111762,0.08671259072272351,0.08408729553305758,0.0650474036468286,0.12738784761642666,0.11000050682080864,0.09012502285687127,0.11474470811956274,0.12228425005969806,0.1290011874097695,0.07124767224163334,0.1147320241314473,0.08419717612517878,0.09493969114270819,0.07243472127942083,0.08884268620894838,0.11520573268332034,0.13791876333629774,0.08619379091177186,0.0657687466219928,0.1435586637634856,0.07032574701872903,0.04834967577575385,0.07432599635856589,0.036684516484058065,0.12058544194082371,0.10466095775211455
80000042,batchB,batch2,33,0,Male,81.68516312085332,9.69645337617296,6.852944956265054,0.8208912914635799,1.0593944021277746,-0.01620921586444707,0.6356647513271756,0.15310985879807798,0.8468901412019221,0.09016608028118536,0.08289942448936713,0.09045086990023798,0.04594338195842889,0.08857620391032969,0.08800365798721528,0.11237395561114603,0.1218128670311867,0.11470469834102767,0.10660614950119934,0.0757714948111595,0.050647429713570946,0.10176344130144646,0.12060152223912747,0.12854194790163845,0.0702807575455589,0.11100077595833727,0.06231335027862342,0.0717017497358225,0.08500703697556761,0.04869453344185006,0.13066189310134507,0.09078430209019575,0.07871428124525723,0.06538522988701273,0.10714213226220853,0.07171569279170854,0.11251897199402441,0.06541297308630499,0.16491892156884955
80000043,batchA,batch3,33,0,Female,88.8272579959379,6.570176098866047,7.0627317234788105,0.6538914181021896,1.1461699354756154,-0.08416342407904018,0.7537942415619567,0.16336676293409164,0.8366332370659084,0.1465174463427485,0.11511941579798812,0.11441504830904282,0.06982630471735067,0.08510690600244085,0.08494886741990341,0.134599433770985,0.12170080469977591,0.10107997215254884,0.14276295436087677,0.07760541204703154,0.12171681343007414,0.08657177655358098,0.08361091022654432,0.09693827058900359,0.08686802749222013,0.10628683851347327,0.10205217102533815,0.10896953036706293,0.10697923463435506,0.1256306902070021,0.07747931313988742,0.08878430485818721,0.09569443375749372,0.07407741515471977,0.15520716581017116,0.07720896878805053,0.06731056306859728,0.0726908914538786,0.15135974018501827
80000044,batchB,batch4,44,1,Female,90.65382792499659,4.834241889404071,6.348187349306897,2.232532196286279,1.2028279823394998,-0.09703467750988153,0.7945805912592163,0.103695299755976,0.896304700244024,0.07941269666553676,0.12168222815635969,0.06347962569459172,0.18763120129877026,0.06839663313280435,0.08193841362610252,0.05375359078360689,0.1172415077119398,0.08464476753489046,0.1368177277747292,0.11051572595016464,0.08144306091097321,0.07118497808320072,0.10590452918532169,0.08678628773399562,0.07020681488087953,0.08830544279775768,0.04855646518394962,0.09463044136046908,0.09886563013680064,0.06288271482372897,0.11338797769251038,0.1076251813998703,0.09256334186982677,0.06709260862413398,0.10025918410442336,0.07833696640591621,0.09023442495692827,0.10250499847859282,0.12153972984305723
80000045,batchA,batch1,33,0,Male,83.52992374252702,9.581282112434522,7.367741461767574,0.7026766865503148,1.0496660019110717,-0.13905782189480306,0.8148767906343473,0.14145923022456927,0.8585407697754307,0.11786745678956635,0.08601872678637876,0.1289552113655848,0.052177197124954694,0.09817138405092414,0.11832423630725436,0.11059967052030732,0.06929253264755046,0.12634130916554107,0.0791637532623247,0.08466997890170369,0.08640511829744138,0.06278574215441371,0.09919501782558635,0.11996704855975505,0.1282461826073792,0.09109207479323925,0.09462490237948414,0.11229037036129415,0.09167333548068345,0.12235080533746559,0.09356231804391599,0.07657348189075545,0.09977448814831244,0.06577002792862102,0.09947514941617774,0.10363943262223012,0.07925633397988183,0.10272526098281622,0.14893943458735687
80000046,batchB,batch2,33,0,Male,78.45908619646295,7.283895286405722,7.045647307207554,0.6452099096336511,1.1659988778472439,-0.10088875884219334,0.5539027260460638,0.05873521725347894,0.941264782746521,0.0783937896205122,0.07145214758764984,0.08995186608408409,0.09747079535950356,0.044412596537956005,0.032977075140436594,0.0736064513572798,0.10811607277272837,0.07006430194602982,0.1237205272591926,0.10525580917730178,0.1205744000373849,0.07427093623778196,0.06028753330752005,0.05713207784656105,0.09841866575733757,0.045988696689584406,0.04718528890726671,0.06868662551450791,0.0899470438852283,0.0646091147763463,0.11475834376716458,0.12106834742143481,0.02647691104377449,0.0962961100405285,0.07017789837530852,0.1095348227952376,0.09727230663604856,0.0886574129374475,0.15504687535231373
80000047,batchA,batch3,33,0,Female,82.4176805249974,5.670501659666287,7.197126308417838,0.704269630295007,0.6942303867889447,-0.0211599250633456,0.04415708188604431,0.5237118043089851,0.4762881956910149,0.10868624389813056,0.0699339974123666,0.023859530615218397,0.14217310733556485,0.049708329863469194,0.08075518801754805,0.03861353241294991,0.20636732520516882,0.16650936582650763,0.14138568159373036,0.08821390788039432,0.08641483702954246,0.06702531838605655,0.07029680988564538,0.18408049385327885,0.1222101838406896,0.13164422079655766,0.2450640847416117,0.06870343240980134,0.08900082274036838,0.02820989482609834,0.2235161123911717,0.1162674094076269,0.009995337280792868,0.08074104779058035,0.07521018592181823,0.003044722457548223,0.0783347843066317,0.021826429718180745,0.11144888823506424
80000048,batchB,batch4,34,1,Male,84.59411311902373,5.763649104255153,8.993379141310907,2.392175587401476,1.1056533523048406,-0.11488865111171398,0.7171100370540181,0.8915746622267882,0.10842533777321184,0.13598561275323084,0.16044462051196323,0.12800443938051756,0.19753808968584272,0.15035846151917467,0.14253387109631163,0.16080951033044674,0.16402087617752173,0.136433183976803,0.15073988708247904,0.12953641532844096,0.16210667932848322,0.18540199800008933,0.15440217449175228,0.20367018310785337,0.15665527191266226,0.16090518019489303,0.14054709349573363,0.16464165501166692,0.13122253974361003,0.11792799351028048,0.14691977239349538,0.20541371589211002,0.19461490001576792,0.18665012710685205,0.14312540256886444,0.17560229299902844,0.1649641882790705,0.14617148346175265,0.06826837750366578
80000049,batchA,batch1,33,0,Male,83.54135846827805,10.504947433130948,6.837661219520376,0.5774954486814066,0.9946953480167807,-0.03800135816370834,0.6389822716479766,0.1484685513668239,0.8515314486331761,0.1291700792136148,0.08306217009339392,0.06116086463001052,0.08600725235520426,0.07745682782599297,0.0985385676776612,0.09318645212692245,0.09575831055767406,0.09785585451940652,0.10235988179742662,0.1147770633857253,0.08827195476482533,0.08618231348880812,0.08575763094226165,0.0842648062227138,0.1443120607902509,0.13153352043546798,0.061620801024761716,0.09395738045688899,0.05714611365634087,0.1480574642470943,0.11967537863625474,0.07386438098741568,0.14672326457790455,0.08248365424092692,0.12193994489705301,0.08689814915985257,0.094630423070584,0.07471560171375116,0.15268916204554056
80000050,batchB,batch2,33,0,Male,79.59634878741562,6.601162567785915,6.715968307914573,0.6141155375982686,0.8729213997531434,-0.05182586922008699,0.5557163336362986,0.17048596967834745,0.8295140303216526,0.10438163075584979,0.11283519875255281,0.10728967114168642,0.09485198472535372,0.11075731195864491,0.10158907760397834,0.10046713236757693,0.1431965920590813,0.10490421734178723,0.09931453629289307,0.0929947133292609,0.0908497118308848,0.06953115098539488,0.09622733863846997,0.12814745011572234,0.08367102754995366,0.15807194735257366,0.04763684300292772,0.10968678987722769,0.10257185966624188,0.14255138240979146,0.08115526599631821,0.06714763423755542,0.09170573513403162,0.08780917653276524,0.05928701367302364,0.09955603693492156,0.08583561919565295,0.13575733105891966,0.15480597177031216
80000051,batchA,batch3,34,1,Male,80.72388000761771,6.711685034281295,6.039602708111688,0.9846386178679121,0.0,-0.05562765331734599,0.09125613517794981,0.5293875602346791,0.47061243976532086,0.1250289471222622,0.11063929748167836,0.10972992133233317,0.06546422256999036,0.09495369452605562,0.18527547255117421,0.08927108592223519,0.16680390192901512,0.12295313062715295,0.08521720902915317,0.11750901831192295,0.10472779885497577,0.09416121570584049,0.08373591456835597,0.15726576679646134,0.1676392719708388,0.07138840800291381,0.08767504725130261,0.24065377590134945,0.14940806355308855,0.11898677713501123,0.07217286043794055,0.10149404892217692,0.18011862637541556,0.10481258212640221,0.07106946275588902,0.08564630619003984,0.20022555790743435,0.1051909480832745,0.11663218361797077
80000052,batchB,batch4,33,0,Female,101.81424191765745,7.314359262739818,7.184969827438772,0.535432678971786,0.41106985667498197,-0.07606754121616473,0.14470581143702468,0.8843380694571872,0.11566193054281282,0.13526859199621555,0.11221217508541675,0.140803236805265,0.0763687723140645,0.2160287116458429,0.15204454613089852,0.1645061590716958,0.11388577776048141,0.15164410474874698,0.15936424398938123,0.1331964119763566,0.13548604900084404,0.09060456622512396,0.23554363135543674,0.11332258338371728,0.11824105145413408,0.22000760165546263,0.1668092967001961,0.17668510647976857,0.08841021156086784,0.15106629995495274,0.08880136994712194,0.10763773696994525,0.24520251860980233,0.10072637630092088,0.17420148575381642,0.10407915712809204,0.10848220150609873,0.2850879021259856,0.08041719261601843
80000053,batchA,batch1,34,1,Female,95.62201953193998,7.476156644692617,6.987822392958946,1.631431946705286,0.8440690346514598,-0.08046581265440321,0.39898217108381767,0.128797254924765,0.871202745075235,0.11950132524411974,0.06645204920450055,0.18699602390710443,0.0722910529767582,0.1135042988520304,0.09444250315878779,0.05291257169441174,0.09426365284652809,0.0693166427382406,0.0865766550223475,0.0869612993109834,0.06965902560488307,0.07904231949117546,0.06736533516955859,0.044700425458030296,0.09182602213181651,0.1308681574289457,0.06874117201990734,0.14894531284595333,0.15772369792665747,0.07683870497414358,0.0827453153157794,0.07733893016273406,0.059730044009078956,0.08287410281723867,0.07985605370947385,0.09133206055382319,0.09287965821620683,0.05807583737686104,0.16588878895311318
80000054,batchB,batch2,34,1,Male,94.67638819370455,9.487218723931322,6.551007476271787,1.1458453390843186,0.6311620680623036,-0.0857636472037217,0.306666116202983,0.21266107984560423,0.7873389201543958,0.08617676880335386,0.05487999620391461,0.09556540585389572,0.0897329083129026,0.07303209997341086,0.09487983926695663,0.10967056134775618,0.05367247524238907,0.14613694051940157,0.09843289397491171,0.05772869912024617,0.14560322569002426,0.06756358074524886,0.12417698744954048,0.1007857839405194,0.1114606699007204,0.07710793845335186,0.06279507781469991,0.09430661607601935,0.055830065700586684,0.12546233471981097,0.08921581395988852,0.11712008066285919,0.12091086030945403,0.12209357459627654,0.09634868037404028,0.09822053595677858,0.09074269710536152,0.11495507417268679,0.0932057131328303
80000055,batchA,batch3,33,0,Female,86.9954390324564,3.8126835593674837,6.085491603592917,0.704189199240402,0.8223730633554174,-0.07430062383727908,0.5178726369766529,0.104750462102558,0.895249537897442,0.07596888527037945,0.08068107218463277,0.07621546859919325,0.07874743297898798,0.05235923573269303,0.08917036700723796,0.07280133822913365,0.12541845180689315,0.11496804815809916,0.11330960218851226,0.07955128717517294,0.09876189195881173,0.08784782986552112,0.07095526097138817,0.11141960268320451,0.08807943189932144,0.0632783082365434,0.09234213554886683,0.09687434165381438,0.07418261835068891,0.06703215136372416,0.08636605019219419,0.09933553084922235,0.14817025664715697,0.05707051712360607,0.11506236846834987,0.05288898815528969,0.07447920058928001,0.10922051361990355,0.21104811623413577
80000056,batchB,batch4,34,1,Male,93.05111637424831,12.237598200746145,6.706705777865834,1.867186891020778,1.1900095629630765,-0.045619418328661974,0.5199671396565412,0.14869761661213046,0.8513023833878696,0.08715627853864646,0.0912464088295767,0.12176421017881821,0.13792275334940413,0.1504731065091817,0.09695485660902452,0.08585864388266232,0.07404072609997486,0.07588316462413303,0.09369917858816802,0.09677117796791104,0.08500882515395662,0.06252927096417502,0.09370374937207634,0.07628781233857361,0.053655988736034714,0.10983861627794576,0.056260676688010956,0.08398621270843314,0.09056453131775556,0.1287018776636129,0.0545714356987397,0.11292828393333416,0.11750484050030024,0.1384754307819888,0.12323378189094546,0.09138375545162268,0.057208293040869426,0.11424459451214276,0.18736565065385152
80000057,batchA,batch1,23,0,Male,85.12540806158415,8.855117680140523,7.2636884053383195,0.6345517881275443,1.142053505354209,-0.07233998044785828,0.9399402556603171,0.8514290022978214,0.14857099770217863,0.12988821375248275,0.12449563942158227,0.1471676257601954,0.16742324088832294,0.19743240351836638,0.1550063416295564,0.1320705006902112,0.16717013819523924,0.17977656774877276,0.13561214413096723,0.1700631263329145,0.17664732434434274,0.16769732895510778,0.13909362156641808,0.15569551000848153,0.15936735036496016,0.17524188499374924,0.14025300140408314,0.17062206216030232,0.14885577328422075,0.14473994179807068,0.15254903315201884,0.11021352656459105,0.11454004466526492,0.11844208245915638,0.16026684119540782,0.14678827260055805,0.13914793589416313,0.15080767552006613,0.11346370843087585
80000058,batchB,batch2,34,1,Female,94.55492474107247,10.926545592112248,7.557616390451348,0.9601992514854493,0.7179323183687233,-0.019111994418822095,0.09896127143263751,0.5387505939697602,0.4612494060302398,0.041996946902366154,0.13768087196101464,0.14202508641917497,0.08555525483390017,0.09599986641770945,0.17594053306674243,0.252256427691132,0.12282078008383532,0.0903736607474232,0.14256880045083253,0.11426850737433442,0.13851493046834085,0.12957510491895688,0.13100507563890526,0.0316805889142676,0.09585291965937819,0.09127910230996296,0.09062005336686918,0.15722132798310975,0.06454842249799801,0.03182443368586179,0.08958724831748634,0.08009794814503314,0.12319586565678069,0.07978316942223418,0.10653778337434179,0.09926866015607469,0.19692533200918386,0.08090523002978073,0.14768559804192788
80000059,batchA,batch3,34,1,Female,81.5632663145201,6.530354683508829,6.375633759244013,2.799824450866563,1.0612860110300397,-0.14581992199960758,0.9392436250693302,0.13856701013336178,0.8614329898666382,0.11362878078006464,0.09296714497928796,0.07260770142660478,0.20435079328795916,0.10198726693480609,0.0867943175187621,0.08066038583394566,0.09632861133168497,0.11608979299469947,0.08724450157926539,0.11357482625873323,0.09307579875935773,0.10077451790352471,0.10211183696544121,0.11869365490672586,0.09945821831363574,0.11170241781096903,0.08693912168415595,0.09234961412379938,0.1104956633399711,0.13635063836570274,0.1013158927069389,0.1267364073818619,0.07453761684113565,0.07595881988658426,0.08293938906753869,0.09418490978561907,0.07097424511695981,0.0949702355036217,0.16025158013825355
80000060,batchB,batch4,33,0,Female,92.06559982967107,9.384516724381605,7.420089162580212,0.4907236865693926,0.2564688030219875,-0.039578597434796296,0.053376429916000744,0.5533496272015946,0.44665037279840536,0.12173697966800394,0.17002362355516526,0.10842265005521583,0.2991225809956073,0.1393336311492819,0.05309286110714247,0.0918389869419921,0.05411664772769351,0.13561781589322242,0.050048877131073116,0.03917423157569419,0.08367464603255108,0.08999976267996877,0.17981682900616552,0.18306328457533497,0.08257419251797167,0.11196423471123818,0.12804001818713165,0.06971207336777495,0.0982668170082567,0.26393304755474206,0.08354891246052969,0.05380311068854888,0.09993562967640594,0.035629588121128125,0.13994419527011712,0.10710826398184907,0.13402056329877915,0.07838891225155085,0.11889426912623725
80000061,batchA,batch1,33,0,Male,92.03698709343918,10.605707321570396,8.969250099221023,0.796578292219501,1.1143812752110978,-0.1443597388413171,0.8198158932190371,0.1359880933022637,0.8640119066977363,0.1184589504416531,0.09426243870113928,0.08180448908070102,0.08771547693296525,0.06669745339683625,0.09983510906781669,0.10285299398285358,0.07938601151920933,0.10587185194243727,0.08093587273883655,0.08176528840764016,0.09995980106624733,0.07418150070085437,0.08056191238658343,0.10999276565804657,0.045641809412226564,0.09585555350169302,0.09660017736447996,0.04029282578282452,0.09921990813995912,0.07593578468133753,0.08810673975122023,0.08863534927024665,0.11148459999875393,0.0886807690739886,0.10334216114753737,0.09027039669232326,0.11323850455110755,0.08383188774190002,0.13210537395571414
80000062,batchB,batch2,33,0,Female,89.96634243616953,6.020859550804822,6.809528883511033,0.6876389048556927,0.9906073543183579,-0.06591510354397435,0.946850575027918,0.1354271132798101,0.8645728867201898,0.12704926992101542,0.1281612479272839,0.08996193015367553,0.08418336653865777,0.0894691200093906,0.0915953846679216,0.0643589817897536,0.08677306245273175,0.11183538957496092,0.11084188605308125,0.08027930856799208,0.09499853127184461,0.1231130364614616,0.09269953576695138,0.056495048318799916,0.09987656372332233,0.0980960487156665,0.11187049893746083,0.09132585304234411,0.08531861910123827,0.07293633231375615,0.10909140827929698,0.08358938257732659,0.11069426673430455,0.07366454353953833,0.10214599712619116,0.10959067992861174,0.1171139137467768,0.10359967495603833,0.1464231466440751
80000063,batchA,batch3,33,0,Male,86.11754848880348,7.794135104274669,8.247641595758342,0.6175858995240757,1.1017901467448281,-0.11821882779803769,0.9140365747906065,0.7861465195551808,0.21385348044481922,0.1605083126453074,0.1338190177827761,0.11678862997606639,0.15068937626494444,0.17637839662754565,0.13604427389981633,0.11485606051951351,0.12670128760226698,0.14954823764733913,0.1256184009022733,0.1534323746457825,0.1446571996432122,0.14309523226798315,0.13315224854018184,0.13040157751348022,0.1595513333954646,0.12168237406166536,0.18823591025270062,0.14117304304836645,0.14219057162286108,0.16736410995381626,0.16107756431768075,0.16205087469376978,0.17097653063227364,0.16863935160207214,0.16110799610570725,0.18325900171427217,0.15529895366604715,0.15439388139884191,0.10806300239882118
80000064,batchB,batch4,33,0,Female,91.75079750689285,9.162674627753967,6.905559191452446,0.6885548467065251,1.2654849095234897,-0.1262316483714964,0.828850197144262,0.14428420120037888,0.8557157987996211,0.1156205389845012,0.07268097379170214,0.07238613729579747,0.09071094959368145,0.09809222434374565,0.08133768855903115,0.06965728662428156,0.09527324235025533,0.09521669871537718,0.08095816317139946,0.11471805736553774,0.06675157020860067,0.10767892905353342,0.12845777902240213,0.11713227760044749,0.11209599030418689,0.06598940923985447,0.11125771185584733,0.08531542317249727,0.10436668264744481,0.07229500461799396,0.09336985727771557,0.09029046944473712,0.11877209674697109,0.06900240995849863,0.11176489519757275,0.0945180664828765,0.10814152484161263,0.08515916337668661,0.15543577871537945
80000065,batchA,batch1,23,0,Male,88.51696253591241,6.025340871168057,8.02460130370576,0.843407175419386,1.0323088006623264,-0.05393760079692472,0.6286389188096483,0.8417807500458073,0.15821924995419268,0.15642425680879773,0.15071078066622295,0.16475194302744917,0.16477124350223196,0.1574249882183322,0.14298991322622553,0.1776866517444185,0.14191182610785733,0.1117137586646324,0.12190848091171116,0.16499463544573936,0.13820848732758456,0.1751418009381833,0.15532433084006986,0.17747460447644792,0.11335717697200627,0.1417405433597889,0.1339283441202584,0.2241598147906396,0.1453824097760879,0.12162411765728566,0.1645059244892307,0.13210710649134308,0.18038612471704435,0.18513103773981449,0.1341327333574634,0.20206327731177673,0.13883950886358262,0.16207679422880014,0.1233530273126564
80000066,batchB,batch2,33,0,Female,105.0,9.577885676975328,8.4657742410689,0.6682649563644399,0.8741445731943812,-0.01774551983450797,0.3877618308487109,0.8766547259255582,0.12334527407444185,0.11196642914811558,0.15206975777909865,0.18526642913875863,0.17169820131550773,0.14727425477382522,0.1262581281803364,0.15710673507155368,0.17165278419792765,0.1720166961237934,0.15421129298851707,0.15411778355950467,0.19117549713487295,0.18715389414479403,0.14314623915537447,0.20647142675035793,0.11237735076569899,0.1555483686948126,0.15856781932371444,0.1247775832566473,0.10740822564542826,0.1253348973963269,0.17819680237447744,0.17921981914060697,0.16981766045750749,0.12882702257344114,0.1796589710550536,0.1306066389498743,0.1573842466480911,0.14905516424385892,0.07689515523602397
80000067,batchA,batch3,33,0,Male,80.07659520834167,3.893230188970519,6.751884596357549,0.6750693484544809,0.9156667477987728,-0.03901723662383377,0.5690922556924909,0.8163821098979809,0.18361789010201912,0.14934218103130759,0.17942436859026642,0.15532945769215856,0.16051714322282692,0.1007676629081875,0.17246709451028464,0.13141052234386738,0.15572148953267867,0.15233854605841135,0.15480169418690767,0.1812073232164965,0.14511648533990287,0.1354148715057326,0.15004648040323926,0.1455458089189981,0.1600997480833438,0.13898723201002192,0.14716338175556104,0.12116713342148487,0.17953434587700332,0.15988805490502614,0.142752232292961,0.13480614056243437,0.14189069058824405,0.14084268271058473,0.11991190890128149,0.18084472848081348,0.13976332323893984,0.15473867148852774,0.11066091460049841
80000068,batchB,batch4,33,0,Male,95.04336781160328,3.2431665230397027,7.8618531061819965,0.8463655221049744,0.8628328958795556,-0.118614174460183,0.6998060175361263,0.885250989204863,0.114749010795137,0.13409573495538935,0.1556640820129433,0.14122521892955509,0.18627209242988513,0.12814215116691363,0.197604701120948,0.1560731982547664,0.17773717684021467,0.14367976431503726,0.1265389482970205,0.19125478090269424,0.16720700122349763,0.12984086581502968,0.15301003803996785,0.15130018883398297,0.16634108690885002,0.13400711940967214,0.1294069370329313,0.15870952466087196,0.13515681311955183,0.19218371746552113,0.17514141861381696,0.17436612606353954,0.11286691464140278,0.1445293878081919,0.1488226910661719,0.1319542212621895,0.16928738978477628,0.16586866867712477,0.10844574447484037
80000069,batchA,batch1,34,1,Male,98.23655692309774,10.445433513308902,6.6119016902576995,1.0194492316329269,0.748548395471275,-0.058664457598561676,0.2095468492282788,0.173918349738548,0.826081650261452,0.15697980530032202,0.15851049702203723,0.07867477535839036,0.04926810229803504,0.1834407336470036,0.06943078862768542,0.04561096042050622,0.08920437063799254,0.11888389788626799,0.08338736850413164,0.06039274594463672,0.13126391317966385,0.1331459716553241,0.08145092225568311,0.1050762509095966,0.13089794650755376,0.11836217103417516,0.1038746489702503,0.11646237534557034,0.10798481023867706,0.09140062542334534,0.04924867727321442,0.055812949969391956,0.10984763059734283,0.07315882060484453,0.10826953530945826,0.048515523993006085,0.06324349974067446,0.08338618257126185,0.06704960570271092
80000070,batchB,batch2,33,0,Male,93.70027847412834,4.625005109878611,7.265850337961407,0.7275929373574697,0.7024845511238846,0.015077448596916496,0.251438081545121,0.8963357318906922,0.10366426810930784,0.10337988726590266,0.146389323178242,0.14698656958216227,0.12696832578519307,0.1632223027779289,0.127821808735152,0.16695580228486404,0.1427989302748038,0.10183483836170892,0.17238265948847004,0.14969971984957509,0.16489396346031016,0.10492127669971528,0.17476076511655766,0.23039956992720176,0.10285891168291086,0.18041353254707546,0.14985053257123795,0.14316072456335494,0.17523223954239367,0.17073093912981518,0.1906070591232454,0.1059745769882826,0.19233332942206763,0.15649957453952817,0.0919537146948497,0.1296245672206946,0.1506666136574823,0.12892683656835982,0.07691701918928469
80000071,batchA,batch3,33,0,Male,91.89395987027453,7.135404261044885,8.36059841209535,0.7030068441601336,0.9918815666659667,-0.02246880479565383,0.6326668733266069,0.8650746790518337,0.13492532094816634,0.15159051667745352,0.1733113101774634,0.13736116382793384,0.17167954806664495,0.1519629954347424,0.16950054944595008,0.13779117425682139,0.15089282898890402,0.20020586357703177,0.1507182756222071,0.17163351253412326,0.17494365462418449,0.16334878494281999,0.16776583786368313,0.13785482117055697,0.1307196271978106,0.12629494122962057,0.15845588837687485,0.15004670792151495,0.15674522373532995,0.12298084781433022,0.1338163289416802,0.17087972410624924,0.15357551920614898,0.15213599898626187,0.1440797959832546,0.1319409998433857,0.17791513243152615,0.18253919742254507,0.09172112184865211
80000072,batchB,batch4,33,0,Female,94.4810879460813,5.287418232620167,8.913471694852856,0.5943970974808012,1.183118745492482,-0.08397114507850748,0.892531956041396,0.1951094494509898,0.8048905505490103,0.08192369012521862,0.09876767990538364,0.07526050727363738,0.1135543560372278,0.08945558077007798,0.10162173694001,0.09419837198431834,0.16129617987701758,0.0963930799906936,0.09466251213155435,0.11964399467251591,0.12304583297097445,0.10455113903918575,0.12373836038346184,0.1553940217387761,0.09317980648101294,0.07711444002986585,0.15003594011731097,0.10743820385266582,0.12136920381747679,0.1328783819882896,0.11125272284844945,0.0998516672694304,0.08439849658799332,0.12687483274888048,0.10564041290931671,0.06755354614421977,0.14418025906156087,0.07810710574982192,0.1722179025125976
80000073,batchA,batch1,33,0,Female,93.31406369870791,8.662649591935072,7.21498542408723,0.4778718439600286,0.9024936183999639,-0.12693456064297956,0.6323218304453307,0.13990999021983372,0.8600900097801663,0.07391831742300073,0.11065263101225055,0.10899115078486543,0.061005991212811736,0.07801034619459729,0.11305324829620678,0.08843172255622175,0.1115747192150393,0.08719463375763324,0.08353660221537841,0.07498761546497737,0.10112559071523917,0.0748586772059497,0.08220513866189885,0.12194330350743221,0.15138240876271727,0.10429571827863104,0.12310801719058917,0.08478081101371622,0.08773336903823263,0.09836828147468848,0.07747511381489697,0.08322562706185394,0.11062842836797936,0.09412000234212306,0.090108590868794,0.08897875765828932,0.07016566932897794,0.09744352365897399,0.13739441979627948
80000074,batchB,batch2,33,0,Female,87.15547304685022,2.3512331732589704,7.111466211271918,0.63468299661907,0.20579937898190867,-0.04580098518474253,0.1946169024390418,0.7374488053475041,0.2625511946524959,0.11259014678493563,0.13693719508073796,0.13303079281093094,0.1705146450462586,0.13319057757458605,0.21012926522026298,0.0981653486900319,0.09144465286323168,0.11088724278900167,0.12425754907849407,0.18078782158637308,0.1478436211677643,0.05186029665399769,0.05416732647524038,0.12772569757062324,0.11649313032887573,0.12885138469598753,0.12428408736448576,0.20149058216255206,0.1730790276259476,0.11272362179679035,0.13245326418810957,0.12118641580530995,0.06315058246592775,0.11436878546209138,0.11486124025546557,0.10688225636016883,0.11331070945466563,0.12191058701157327,0.11569776944587828
80000075,batchA,batch3,44,1,Male,84.20686423422067,3.4065336844044953,8.644417020251819,1.509974019108304,0.77029187779594,-0.08322793527893663,0.3746573429969941,0.8088764654915278,0.1911235345084722,0.15832850981724741,0.14982091785950785,0.13867291453311362,0.22345892292653435,0.16767781846231278,0.08869054462171906,0.1588604474042351,0.10388986026921736,0.1555947469617617,0.1078078763533545,0.1678372822426666,0.10353673511500447,0.12114494291131073,0.17540228090454318,0.14928650928332954,0.1099885416702125,0.19975379474880356,0.1369387569503618,0.14166584073765148,0.14432053777674952,0.17063954080372754,0.13913800339419455,0.1455050569890646,0.18693015736425517,0.1820848906552664,0.14364441916883944,0.14467588847306911,0.08052419302272382,0.15502372380029172,0.12729240652899962
80000076,batchB,batch4,33,0,Female,87.56279233911418,2.500455249105241,7.348373251034724,0.5242871873185505,0.4542495029173891,-0.1095282897854128,0.02103812489643955,0.47400751584021683,0.5259924841597832,0.010009305898680763,0.1147176693720962,0.29180777688563353,0.050889698077572654,0.006456105250396038,0.16586225973791208,0.020353271087783304,0.13556828248486874,0.04223557939057175,0.09891487972029352,0.05403842501983323,0.12571501732756307,0.04212627407752616,0.07007518059721306,0.14118895464151499,0.08644951657614598,0.10368631547714985,0.005492371505340306,0.21969293537717463,0.004886878457268589,0.030527902353214707,0.054831502515107926,0.16192733987375413,0.18126467451593073,0.04138136297098188,0.11871023150796788,0.06614334259581768,0.04867100651807476,0.057392810758799616,0.00450094750673138
80000077,batchA,batch1,33,0,Female,82.16882542054881,10.882953900615865,6.289389627852345,0.7510489301327985,0.7238044817221302,-0.051564082544389586,0.6894902540354465,0.17261264288686534,0.8273873571131347,0.08212491568371176,0.12284507137533665,0.1252246270398994,0.12894249970415805,0.046265008659833205,0.08926820068427546,0.11100617765001596,0.09087292115303439,0.08727751358937627,0.08380070890331648,0.06592122404290865,0.10963232206530443,0.08581656646210951,0.0898620124302302,0.09563187374955379,0.11366879110078171,0.10586939175643344,0.1047243146889233,0.053608234405329414,0.12356038855909965,0.1426257651785716,0.10405700969205231,0.07585902347327846,0.08782584116384701,0.07671136023937589,0.13866887477331824,0.08974470303239156,0.1051682586016146,0.09470994656979283,0.16635679319115793
80000078,batchB,batch2,34,1,Female,95.35900361326424,6.549855830116245,6.857535713096476,1.388230709632336,1.0011488411238372,-0.08707383083882629,0.2974174409221682,0.9354475663422432,0.06455243365775676,0.08865122254641294,0.18143716196121346,0.15040730972009,0.10509623029990785,0.14799898159559738,0.13260417694718968,0.18630224194139064,0.1967324176754938,0.13460022591410906,0.12898272026173083,0.1824754282447456,0.1767459301223252,0.17428918222504,0.13838534317238654,0.11344328085434552,0.10987787554691777,0.2135171152362291,0.09610328119280627,0.22167442626992542,0.17167353681826625,0.17024085168995123,0.1487028018767774,0.1271691326683816,0.07802511003268386,0.15487107735283484,0.1126465487634618,0.16653505022314263,0.15717789222232204,0.14345053471475225,0.05185221600933368
80000079,batchA,batch3,44,1,Male,88.56667341671613,10.476257472248426,7.332322743807731,1.6488321052323458,0.9576695794391189,-0.06921555226553919,0.40775112871487734,0.8381384882788648,0.16186151172113517,0.14695189071983503,0.17431733361583598,0.17794125753016563,0.14564970753502218,0.1424619639123893,0.12523838829070352,0.15380870036423397,0.2097817854849038,0.17027059253984694,0.15641157978824657,0.1645796509964641,0.18525054592058246,0.16728644490603964,0.1130467150736638,0.19433695522197497,0.1451522953916248,0.15262387928170773,0.17790027368947817,0.20769037906420443,0.13063385706080843,0.17597958602737745,0.12906221433723616,0.15018326686765376,0.10545014130323069,0.12920583677277256,0.14872428941323523,0.15803466831155474,0.15629660316800537,0.1715223043332961,0.08131873281963384
80000080,batchB,batch4,34,1,Female,88.5822873945525,5.013944636584993,6.903906947822909,2.0179721566401074,1.2205573661257705,-0.173564860975209,0.6562787323436535,0.7806342710748402,0.21936572892515982,0.17379871498136812,0.15169843723722404,0.16544519735217597,0.2353733978418574,0.13972899506704578,0.14843272485375691,0.15365081443139358,0.1883469866384584,0.1575394143796194,0.133645920573863,0.12492714081122717,0.1434217525831603,0.13947754270453666,0.17961437752418727,0.17442820420240615,0.14119720833501728,0.1464669839900413,0.12486409084941953,0.16493980639968148,0.14094771756963106,0.1424989512367851,0.15170835318680914,0.17274534553386467,0.15186127072076117,0.126805015334174,0.15343805166507557,0.10703906196668084,0.15623061141184333,0.1474474078847405,0.09281711218640222
80000081,batchA,batch1,34,1,Female,96.3011445732717,5.066451511085755,5.8769743652374595,1.8047099889232951,0.9607538773016908,-0.12610776886021408,0.5389386739775055,0.11192932214932871,0.8880706778506713,0.13303796124378436,0.1050517962327456,0.08035602812078677,0.16848679024119814,0.09597984045660449,0.07101338957063356,0.10956422915656805,0.08242626783722044,0.06557891238914472,0.06451249090948398,0.08063975204242692,0.09863805831497546,0.06065854944663915,0.06773658015277777,0.13160384078881218,0.1410711767413764,0.10420181154384228,0.10867891289234533,0.1306373565036396,0.08239297029813634,0.04777706467441067,0.13669121377996685,0.13991587169008504,0.1704411366744584,0.15098528128494892,0.09197649497023108,0.0862476601049178,0.10557914936596595,0.054415333022775965,0.13104564400414515
80000082,batchB,batch2,34,1,Female,87.12944058970852,10.447863672699368,6.985777999931913,1.246171836359723,0.7673158212110799,-0.1704174548849875,0.3581057018364511,0.9094098955324109,0.09059010446758908,0.12007466751414567,0.21084662386560205,0.1986388390572062,0.18089685487824977,0.1946052066021929,0.14734158789868196,0.2037474597109582,0.15437143800355535,0.12528543913675555,0.22067856652143167,0.17730995891554552,0.14537879381865312,0.2072190941939859,0.1726638703383813,0.1415846889137797,0.20775616139525158,0.1786004298369555,0.16244751490581644,0.15233335129344477,0.12427324858352141,0.08583726350864149,0.17500086556586034,0.11865921344042055,0.12425716572286852,0.1468409221878377,0.14758942129820385,0.12771006698208412,0.17496713627553337,0.10422749546850055,0.10896701227023073
80000083,batchA,batch3,34,1,Female,90.60936460473903,3.491491492201849,5.7967645648422055,2.2147866755054686,1.0110958740261389,-0.10154447707467942,0.6683719037939883,0.17063821810904933,0.8293617818909507,0.08949666189298539,0.060383265245368585,0.06724229028392098,0.13652747919133326,0.06212753265003343,0.11870348814100218,0.09505551347122607,0.0899607311814238,0.07517233384604696,0.1191703646398522,0.11518189527686613,0.1258322908825161,0.0729830429141676,0.12990220667884458,0.08435171894860623,0.09447402471294285,0.0929510678433464,0.05651525247334092,0.11379240610012671,0.07373565834285235,0.13047041394248843,0.07482401469128462,0.14088980789440314,0.09851287771418965,0.1003175478316393,0.10822041020144298,0.06922853588459121,0.12694378797235714,0.10554633787996037,0.15619670659551557
80000084,batchB,batch4,34,1,Female,99.38498771222048,10.3973537234987,5.573179390929614,1.3106711781479001,0.5744945638584333,-0.09575632694477024,0.24777949430607027,0.8605342236617469,0.13946577633825308,0.15956947908198021,0.09181717723780321,0.15157288215222164,0.17881770540375913,0.19889141744888986,0.15623319894484386,0.10821061840096365,0.16056089639699814,0.15547999033719082,0.18037668029683154,0.15874901372719738,0.11632106881427459,0.11774120611584642,0.17292704889649319,0.1582398747837517,0.09410031919904592,0.14825113681218116,0.15578793335262386,0.11482944103903026,0.2159727227232946,0.13348272633057962,0.14285692967955702,0.1733179572908395,0.10386492234961942,0.1501330552494924,0.25026428333917655,0.1137546221469015,0.15698737112065983,0.16814602406022788,0.1133092398603151
80000085,batchA,batch1,33,0,Female,96.86532767917193,8.62021108672136,6.3656047424641455,0.7811179347191708,1.076271186890878,-0.07660256676956269,0.5761777664545974,0.1095203390469204,0.8904796609530796,0.08409367187446366,0.09989610538722916,0.12005128321109712,0.047998400480520786,0.102824131840043,0.07495011577151806,0.09018537749081187,0.06605012731961851,0.10198823743629605,0.11465007643438001,0.08512855818211423,0.0820758875671905,0.07988478253824617,0.06045462772702094,0.10724689435110966,0.11924560337690132,0.07061486075490302,0.09347705481491925,0.1012471992599594,0.07457483925038154,0.12666616295299912,0.09394657352815085,0.056008760025956124,0.11624974629691588,0.03904723901266301,0.08606851243773293,0.07821798199363225,0.10508906171023219,0.07530268705911737,0.18817422486948435
80000086,batchB,batch2,33,0,Female,94.04585276163382,11.38573580017955,7.38664950674547,0.6122975673684209,0.7243043670218005,-0.06850519527222536,0.43774884981561435,0.904197619558309,0.09580238044169098,0.11479490479356205,0.16123845807250275,0.14250202597486078,0.16018739838380722,0.17510479945918186,0.176760007278989,0.20867787257092685,0.1868365270151915,0.10346195230038115,0.1303023721619838,0.13237768395291308,0.18325162129344488,0.20288292905980826,0.12146533351387441,0.1841138399206832,0.15532188802382055,0.10262069869095426,0.15122316857887122,0.138001777088877,0.14727581448909388,0.16138361431239692,0.14097911153462106,0.16724432065094452,0.15134636490186273,0.14821815180845227,0.17288175676070902,0.1641847518331439,0.09724939580704069,0.1685596493067334,0.09577495724024976
80000087,batchA,batch3,33,0,Male,82.27372144946877,5.4956802854425355,7.274840644544349,0.52670530125369,0.6199734800473317,-0.09600485754941199,0.47625816384864844,0.8710783470087746,0.12892165299122538,0.09775512325543097,0.14529139596126683,0.12555523497855464,0.18891793220548916,0.13651911408186282,0.13177384950023768,0.13922701953617772,0.18071234039877587,0.16058511266713932,0.12211351962860796,0.11577464083073319,0.1913779657296721,0.13119447511337864,0.18170241277624682,0.14422008218976068,0.12809318533352848,0.12989521285530492,0.145455018754288,0.09688772698522423,0.12886692392609356,0.2036746159126174,0.21464973726221664,0.13129082813813023,0.1668544043358218,0.15978690104690746,0.11874131622346458,0.16736699464828458,0.13864879521495171,0.15058333126016502,0.11442895420247308
80000088,batchB,batch4,33,0,Male,93.16712469846823,7.389346954575034,7.658439513288056,0.7524951999300267,0.26745694143211096,-0.06709192074612344,0.34409911374801194,0.8783423654484868,0.12165763455151324,0.14913511402946303,0.13098677211504625,0.19050562148214353,0.15324432263127236,0.1471137621575693,0.14030407549076235,0.1702505613879734,0.14419642133832603,0.2137570664540831,0.10034043252789726,0.13704100673256575,0.16502246915967517,0.1603947345792367,0.2136263097194327,0.12455636118161656,0.07276563732918494,0.17947858503618147,0.1540620200563417,0.17981568616345603,0.1587268772805754,0.0802981094538945,0.16086460310529238,0.12435387928190927,0.1370653180320127,0.14314308330280134,0.11122823936236277,0.12340202610891408,0.17270781156686593,0.17264960195713724,0.04088179249905985
80000089,batchA,batch1,33,0,Female,78.57019750510057,7.419500795467092,7.3725948087664035,0.6789576482315504,1.0763278557645855,-0.008858198455093454,0.5062654187315704,0.1836263974435253,0.8163736025564747,0.09336820517024605,0.10931939593672352,0.06040468852186433,0.13781324885430268,0.09205823110240215,0.06444788457226489,0.0971547570281319,0.042021872639695056,0.11959770642139377,0.13485436011624496,0.07421593784209801,0.07337894534556079,0.11727943000526389,0.12104594527604537,0.08369983943903882,0.0772510446574954,0.1284794396322829,0.062368958518598853,0.08819569653729288,0.07665502770491094,0.11680066564531853,0.07847222881699946,0.15954772886157711,0.13293114620780783,0.08723062402282915,0.11116420859937591,0.07891662634983719,0.10543081533153013,0.08186327139580703,0.12410229325849759
80000090,batchB,batch2,33,0,Male,88.19571981423267,10.68823902985824,8.167454378514137,0.68318760329183,0.8572847385119916,-0.07699879505758583,0.4916129569547561,0.2284256350957296,0.7715743649042703,0.1040221155286105,0.09822902908111916,0.0807579451702774,0.1287715570230846,0.1269421091772194,0.12707177314655527,0.14422858233916938,0.07669858212539661,0.06067159150649627,0.10386988169025335,0.09515847674165907,0.1739698529519233,0.07318240775930807,0.15539188580434032,0.09541886827494789,0.07058682098827204,0.1477614373164993,0.07705015778841139,0.1271445934426598,0.10467681510081833,0.1552466270672144,0.13411101767128822,0.09473437010724277,0.1479598408389122,0.11334522987883916,0.10067895591190268,0.10406701693129963,0.12844456070569335,0.09340085787246986,0.12825016617698076
80000091,batchA,batch3,34,1,Female,94.05217295835396,5.562229163518056,6.734433310210141,1.4182825824524112,0.9610682319176171,-0.10473481118883418,0.37840034032638925,0.8745203699085806,0.12547963009141938,0.08776468611219364,0.13970556576100374,0.14744425961960073,0.18010420468434346,0.20746226230878898,0.15895330830349622,0.1010458084063683,0.16882909807253904,0.13756273250025558,0.16547585953867863,0.17161575577143579,0.09945981337948229,0.14583813627279488,0.14695342591825108,0.1585558896107659,0.12754017074800078,0.11987751431535273,0.20675045397214314,0.1552647057096768,0.1225182676325144,0.13276773582064358,0.20873058390758029,0.1913396286549681,0.12971650961314693,0.11747488072642734,0.11931629195854652,0.1871143330799008,0.13564855516032184,0.10673944013503474,0.07484459814324743
80000092,batchB,batch4,34,1,Female,91.80861390293919,4.3878396429219,5.716983772389143,0.9236454734006636,0.499839170690184,-0.11312830610402094,0.08118428026564589,0.5004169462799753,0.49958305372002465,0.09374428927504881,0.12485769180281352,0.0498509272700683,0.15867072937535276,0.167210984846641,0.33537500566429224,0.12090775006106967,0.16463586290707605,0.058374250616615476,0.18608303901713988,0.03971093889663147,0.2157752980698961,0.11505920347606849,0.042917586389231245,0.08838785640444176,0.16387505052444673,0.09782147438585535,0.09712136266057517,0.15726992959243027,0.10215859523891765,0.18116132696385046,0.0775819824594272,0.02949321365693502,0.10527320323554493,0.11169818326191085,0.07580796062975342,0.12318125197472878,0.0343797706802005,0.12488598465939527,0.051938251196639605
80000093,batchA,batch1,34,1,Female,85.37407184925334,4.855049269272588,8.185993726505542,0.9550420499207869,0.7323958318332909,-0.06390543455460075,0.1613505717887009,0.13511664448114435,0.8648833555188556,0.10895275977908445,0.10360473647814118,0.05814664552701899,0.15265495274771326,0.04482402657656896,0.07886929575207956,0.04710467431746849,0.22020526992143896,0.09697104548370282,0.05301317876050394,0.07403292655516455,0.10822248542329342,0.13782209693682823,0.05638631445897129,0.1675605501193507,0.0951663494757869,0.11959043271370139,0.07091198769369438,0.11194588728469512,0.06798721782155097,0.07624494486861509,0.14003887148707178,0.11663729149144399,0.08038885421410523,0.13679604769275766,0.10657920579231146,0.022838092117858273,0.08827906583220205,0.1387356387377708,0.2398935206618066
80000094,batchB,batch2,33,0,Male,87.04429283623668,4.414230837715956,6.994256582548344,0.718571788416995,0.8574179023942478,0.020178271157247296,0.5865453604105262,0.05229826036770367,0.9477017396322963,0.08076096537539246,0.06390798987570355,0.08954633868346205,0.06412407208926851,0.09384270812250425,0.062361445627429485,0.092492602263731,0.06488204006058344,0.07592899338300191,0.07375896290169365,0.08027398772735433,0.08267688045615905,0.07386090607147014,0.06020445221678789,0.11220310682140207,0.0837151585919392,0.09012885039915626,0.07387051735326666,0.15022188151240348,0.08582840643385865,0.1137953297302876,0.07630434176970943,0.09708542467538353,0.07929407219575535,0.10862790057870164,0.07147053595970458,0.05786313651906149,0.09004361685670344,0.11065141998548142,0.15402133922308775
80000095,batchA,batch3,34,1,Male,86.90113269583684,7.878983658123666,6.920845027227554,2.7618685621164296,1.2501488285361178,-0.16023638229999113,0.98,0.88789953247684,0.11210046752316005,0.13496226549250065,0.17290030477114302,0.14405285582474345,0.23419064652350483,0.14895789194802106,0.17651822509374876,0.14300952082136076,0.13996650014433776,0.17501632378617057,0.1700408426382583,0.15343120935669693,0.15322813261385565,0.14890193735443832,0.18412975234836726,0.15507458766072088,0.1496035831624436,0.17279115853636468,0.11559190009708631,0.1520895190008342,0.17575797020303235,0.18945552068911917,0.14537898276399416,0.1675380524258004,0.14526766263225752,0.20077882456448007,0.16062661600985711,0.1698851859002154,0.11843262456945583,0.148700311139863,0.1073436055567539
80000096,batchB,batch4,33,0,Male,87.99598786939448,11.302233522355367,7.633898280115286,0.6257476639496709,0.6160700189315802,-0.12188794185328866,0.17695681187017115,0.9510972179422439,0.04890278205775611,0.13928185921499223,0.13450995951498237,0.14291106813358434,0.11575131559409227,0.09612516632318416,0.2212463742152885,0.11518935556476727,0.079893916978461,0.1682471266373192,0.101709584241272,0.1636723984309461,0.11365443281320986,0.2323509455488146,0.1988226086295404,0.13159490245582067,0.1593073709966073,0.1504486449060916,0.11241407418755689,0.1666110926316395,0.14258337699961088,0.14814098121210806,0.16287137120944575,0.13555317482452064,0.10807308265734186,0.15931214571620786,0.17054532552665586,0.1707836037400222,0.17176688946370117,0.1537891882340992,0.02085450333201636
80000097,batchA,batch1,33,0,Male,78.91790865870124,9.478505371090044,7.571069217717252,0.611204467286138,0.7116077886980933,0.008161043379931551,0.3398413395264099,0.1180770826702071,0.8819229173297929,0.0889959485501793,0.08950746758816948,0.12236044140425845,0.07125243826210607,0.1028701360650048,0.07356467865200397,0.1346118955250634,0.14429300811978096,0.09414399641477891,0.10038586658994629,0.08224776109888413,0.03907832576670655,0.08978739463501798,0.086823652893398,0.07828863856958641,0.0816639650789897,0.10333664393566366,0.10046746584275106,0.08246912276814422,0.13846782279089306,0.035941163428425016,0.06871334678543521,0.11713581984680888,0.042270356302537816,0.035575472077854754,0.06837192642759483,0.08724328927734676,0.07459563567080431,0.09538602531377448,0.09536070800075819
80000098,batchB,batch2,33,0,Female,83.9766134598768,6.015654939726986,8.738902401345497,0.6668136984662894,0.984348248214106,-0.0696538095051909,0.6027026348741178,0.18927500537157216,0.8107249946284278,0.11699003005614925,0.12138937059550774,0.13581519633236283,0.12245396903209103,0.0567301941502031,0.07401475956432879,0.10788258217555552,0.1217859729932908,0.07124605877575972,0.11274157275603007,0.1306490025530948,0.12065510798217499,0.11231418971086085,0.09423073191027553,0.09306748912101127,0.15136119335860634,0.030671688151681288,0.08386954072654283,0.07401656668907972,0.06432305664816769,0.11063855872842027,0.10688755487333963,0.09638192330187746,0.10686850855425557,0.11696017715204962,0.09079212974710464,0.10871206837864066,0.08867920195253583,0.10960550997948316,0.17943402234020756
80000099,batchA,batch3,23,0,Male,77.04618529161013,12.002658967770735,7.396803933045591,0.7930988865070057,0.882120634987202,-0.03546820103291065,0.57047947295154,0.1621230714810098,0.8378769285189902,0.1159680840033368,0.09435635806531843,0.09094965969844485,0.12199703305971761,0.06555433663076575,0.1255609708227584,0.061581666594974514,0.07143277416862553,0.09874868506051745,0.1311312267330952,0.08763157413936129,0.11042209091342889,0.0895492094351467,0.07874758914784094,0.07097052365477101,0.09693738293799346,0.1503827677783662,0.05220304488472492,0.10799043075580174,0.09586996111690395,0.10360709450222232,0.08019948751823226,0.10880091664412943,0.07339824384186963,0.09622312851608518,0.07981740229143834,0.09409688142162352,0.07815073260464575,0.1253415730402269,0.15195127026372643
80000100,batchB,batch4,33,0,Female,90.43780674923275,13.324588808936845,6.600612904061847,0.5986074675559216,0.8154468807929167,-0.11578462848700788,0.7287351170526232,0.1499565439470012,0.8500434560529988,0.10188737993106878,0.10454532136193376,0.12269463982598038,0.06136759312632747,0.09244454151052794,0.11590717341360718,0.13905435400928723,0.1251404789936995,0.07615573186778854,0.12412830441140461,0.07344872023108949,0.16046102581639513,0.0891307414039208,0.06935160632613019,0.057071940556275465,0.07770409634269862,0.07642447710267329,0.10474173341764148,0.11630075697639672,0.08065307381186425,0.04481668366620724,0.07808449954710793,0.13987978629254644,0.11531024851372902,0.10199217383376304,0.08678586643647138,0.11470704602514348,0.07125698379106045,0.11591750010086968,0.1630604712631135
80000101,batchA,batch1,23,0,Male,86.21222020201112,3.499753490238845,7.604795078678949,0.7261905374532639,0.5473484183410953,0.0016748594938473527,0.6439280422286737,0.8988402534383675,0.10115974656163251,0.13347146303821905,0.12227393488325103,0.16273446550125442,0.22298831486715795,0.12522991722313018,0.14987089900075934,0.16488490188354052,0.15972381010338593,0.1687920746273587,0.19177347789274252,0.1822083940007414,0.14935614310143808,0.12492450537204837,0.18436113124562217,0.14979675763418718,0.15939691137615622,0.1792229618829301,0.183450380722696,0.17759492490033468,0.19999706199226147,0.09563936438342444,0.15670500807140392,0.14231025766810795,0.1358051933128911,0.143536504570398,0.14441342190895445,0.16311774195398696,0.17142673303886272,0.1328045943843618,0.11272747783255496
80000102,batchB,batch2,34,1,Male,95.02206041263972,7.096698162447359,7.782573339617837,1.1002842495192044,0.9015628266577163,-0.09247406797805921,0.2727351962399177,0.7967864272861785,0.20321357271382146,0.13562974365071906,0.11224293329261718,0.1559641910526736,0.192954088947327,0.10693345324637116,0.09045567540680949,0.20728775463938745,0.18789567897344017,0.13912721453278676,0.07358188190790929,0.14739222345117767,0.23173444339891858,0.16147597232684666,0.15826594428560284,0.13660549127240396,0.15484194062553783,0.16128886036985607,0.14442695227986582,0.13176062689332987,0.14500969717103018,0.14338176044032147,0.07745145077575126,0.22075361189662288,0.15829519738087813,0.18079955845064846,0.1486137747155776,0.12166372965675712,0.17153209108332806,0.08900965388580685,0.11457045735307525
80000103,batchA,batch3,33,0,Male,94.00518108215988,7.045006623965312,5.965982952561841,0.6489040862575618,1.2550710021528977,-0.035885131158678675,0.9289774562241765,0.8778664606111561,0.12213353938884386,0.1471043037662469,0.15051375549055832,0.1892067140825469,0.16297444894149965,0.1280210581370797,0.14207449865960772,0.1529392848825137,0.15612108613035708,0.1073840884100606,0.16297482540478908,0.1638488111177757,0.13399627895848265,0.1702045961157672,0.14959408150392228,0.13702632308543433,0.13283884376302887,0.16253857398462587,0.14321409561200404,0.15811686389042584,0.132361726907862,0.14731908405105543,0.16120300611754718,0.1752853248347116,0.17772220200317762,0.17482260772774816,0.2065569381143628,0.1584200856110509,0.13188905459757766,0.1424805562844686,0.11487118642395167
80000104,batchB,batch4,33,0,Male,89.9343220643407,8.625655237824471,7.2865604181526,0.797856238576878,1.021736956723131,-0.06251563726958528,0.6140174046401575,0.9056592307241287,0.09434076927587132,0.14143167303752877,0.18346442538754276,0.14806601909332956,0.1358819058841994,0.16620056363237762,0.15901283759807733,0.1671779430198116,0.16674887035812638,0.16400542866363113,0.15612534572203615,0.18280730305954065,0.17383294869620458,0.1488662978582344,0.14829808426826432,0.12108513169932153,0.12398205731561243,0.1543932931477748,0.1790604698751611,0.13773492778510857,0.1750607354616112,0.1630964232761775,0.13907452030647185,0.15993118039871093,0.15896297631145148,0.14001272113348429,0.1732319102468196,0.18175767464177806,0.1508975399983032,0.1317341029267988,0.11553040815718907
80000105,batchA,batch1,33,0,Female,102.4008843956403,11.262199051037818,5.693276580031356,0.6714579901993541,1.2038000486317855,-0.08304440496237589,0.8728403550997147,0.9081080322614459,0.09189196773855413,0.1280909252125391,0.1914394280950114,0.13701865831496146,0.16871829784359,0.19086241133635679,0.16432094722602603,0.14612673261397957,0.14502222564209322,0.1648947630778714,0.1776179397801659,0.16800140368900643,0.1446093319668935,0.15746899006043685,0.14204265759552334,0.14184011025314405,0.14087722284405682,0.15288968116142546,0.15958619719949071,0.1619713400265295,0.16682972451872197,0.14566271966847683,0.16001977651207439,0.16253886666181844,0.1847573684233585,0.1286261682357365,0.13301353530836774,0.17161313274372778,0.17393554501194117,0.17170708440254856,0.1014708398000708
80000106,batchB,batch2,34,1,Male,83.66408358546741,12.316306606028245,6.6000497155652464,1.6039305440972977,0.835783404771707,-0.12374299405750243,0.45402859666162143,0.842935800677636,0.15706419932236404,0.1808872428687161,0.1372370759956584,0.16423858189327362,0.16555530859028914,0.141116627800352,0.17092751557041871,0.16490576908223442,0.18934228700416864,0.1371324385434894,0.15924640299256404,0.15185788442389292,0.16004915869042452,0.17830559524308645,0.13264441285157114,0.15809472096236624,0.18535555418393385,0.15188606318478537,0.17069437913891447,0.10219490435575068,0.15312270494334498,0.1385763806155989,0.09087486533540091,0.16444380512847634,0.158279657493228,0.128413849183779,0.1146983529005055,0.20510249868947636,0.16052439480151404,0.15982885959185866,0.07640061377046489
80000107,batchA,batch3,33,0,Male,88.48057298827113,2.5152690731313863,6.131592710408483,0.6823628615305609,0.9513439503673451,-0.09223911828384468,0.5925051450012079,0.9065977778075252,0.09340222219247485,0.16803182565653726,0.19760696189993568,0.19594516626539202,0.21635577809693085,0.1302796758860969,0.19585307838180419,0.15906750337194472,0.15186618812262143,0.13710083010216353,0.13043001883544275,0.17298214339161289,0.1296869054817623,0.17409817674715117,0.1107448481643073,0.13885127973848835,0.15547036415575838,0.16192056097442944,0.13999610223918804,0.1322973199891561,0.1528091136091707,0.14653860412008204,0.14934192439685418,0.1754500448115775,0.19081568616635272,0.15148487675626815,0.17547722765238255,0.14722642759636534,0.14547009265913147,0.15266795147843584,0.11688667469212984
80000108,batchB,batch4,33,0,Male,102.6152004944023,1.0,7.348844624213707,0.7374855490364401,1.1017465833931654,-0.13176620972851133,0.92158641146035,0.18034673423819358,0.8196532657618064,0.08132320919655672,0.09222569593568937,0.13023688025904787,0.07816847918635389,0.06584508711851231,0.09594474116807916,0.12557115634404015,0.10013309040564278,0.09108493993793897,0.09028323371286065,0.11627920594530725,0.10255494076144003,0.07582412548438817,0.10674293317343404,0.09849039979953253,0.11241441422767925,0.13023842093892002,0.13337131683383335,0.09562618623975644,0.10219190265657893,0.12910147336640876,0.09843912410384102,0.1159619948717009,0.08018777440671639,0.08253154567736284,0.13526582430171524,0.13621487803917953,0.11052550584223567,0.09316532769500432,0.13819943618512176
80000109,batchA,batch1,33,0,Male,82.53265687334739,11.0802774358649,6.524683705787567,0.6723805742589035,0.8506556827805574,-0.06083723157317584,0.2501180639106223,0.8971096959820481,0.10289030401795185,0.1769798179316605,0.1456399574489423,0.15508563479438084,0.13369032986278706,0.09048910765053972,0.16315401331831367,0.09785589760617525,0.11136249324326278,0.12479207221381679,0.1478093177597018,0.214471916625182,0.12452690533210016,0.21857962813516432,0.17922478642922385,0.1583823932779775,0.12105606076149202,0.14832927710501392,0.15119105436708621,0.17004656621483774,0.12264322799031345,0.18050873857675126,0.14424884885252726,0.16303794516463835,0.14142046356712693,0.1941672572244913,0.11309486097909248,0.15615379755934275,0.10405751370364462,0.16613857295335904,0.050533274548477586
80000110,batchB,batch2,33,0,Male,90.02251730844527,3.486614750635952,6.545678922406937,0.715046108707428,1.2063326257619853,-0.03462031579676359,0.7947101639180513,0.9629006974787891,0.03709930252121085,0.17460275156651883,0.1511880981957872,0.1405412913950954,0.1595525622530973,0.15226825369083447,0.15006898235450872,0.1863874633454441,0.12131061356116236,0.16354301385740766,0.14184868658658,0.1559724208726025,0.13803767138102602,0.15228469315071724,0.2093276086658959,0.17234267777717893,0.16838193654979342,0.15653865500049569,0.1546942862623955,0.1579063772328821,0.16603168349815747,0.17277603617614234,0.19888650609851827,0.15110739004096366,0.1857493900324021,0.19920777810949042,0.17453505696161567,0.15434545322569845,0.1746915458234671,0.12633632153922703,0.11923017145129867
80000111,batchA,batch3,33,0,Male,86.08383529313822,6.983702047704261,7.88617900260194,0.7442615789063486,0.8444663246512547,-0.006178605767037652,0.37225851710545343,0.1593781375699369,0.8406218624300631,0.09684659813951263,0.09472342391115592,0.09282288732014772,0.10527574335598736,0.09756088301859274,0.13313601192245825,0.09860845505524754,0.07243483993980829,0.09002990846400538,0.028405466176483908,0.10069263518681909,0.06840243114443444,0.09401175401160114,0.07206986251375967,0.06011636320057157,0.14496175235652875,0.07159710332765347,0.06703847918541891,0.11201679060927072,0.08092573195926166,0.06973554447533195,0.1129712060613594,0.08915724500296657,0.11744750319603696,0.1345249884115365,0.08024350478367014,0.11013913783720379,0.1363638647338194,0.14674038517589777,0.12746290795798532
80000112,batchB,batch4,23,0,Female,94.05525907468501,5.47164205394039,7.7717412983308085,0.7137488138157296,1.0020296206895858,-0.05948237882654914,0.6644451900312636,0.18870900749804548,0.8112909925019545,0.08883753155193932,0.10509883457169815,0.09220817218501497,0.14620070620545833,0.10010373849386169,0.09946895377681615,0.07938586051849794,0.09265128118393157,0.12014897876652902,0.08465997043113128,0.06434628248280862,0.09626696779402202,0.10118046318328998,0.09022923531950827,0.1330398130540021,0.15688993704445728,0.1049406084945483,0.0924308771105756,0.1123540149152746,0.13324894469191104,0.08620135597909473,0.11870848209785637,0.09624517636228727,0.1270597886235785,0.07939455983219298,0.13696407128549254,0.10572625516410485,0.11227774798564562,0.07627594946088948,0.1268630988716699
80000113,batchA,batch1,34,1,Female,89.02668227197425,9.2584365067531,8.004342042990505,1.796982040473858,0.7590591258391489,-0.07831378315527603,0.49152017211487653,0.17677694706587943,0.8232230529341206,0.09547823997489942,0.12041248289053509,0.12906751613170087,0.0849898333572835,0.10623170416475863,0.1388813621748517,0.1122788941015849,0.0739331117253082,0.127564970516826,0.11432729532958182,0.1113700378807995,0.09269332441684043,0.10957550097747998,0.1847970134910759,0.053690690663041295,0.08729708699842523,0.08968780382085928,0.041657207523706885,0.16096353188077672,0.07213017116905726,0.07078181717647956,0.061176993737659724,0.08702159003266854,0.11124324535161907,0.09752230205107235,0.07524738515539606,0.10963130659028435,0.0978492537952003,0.13458604119666764,0.13500801345927665
80000114,batchB,batch2,34,1,Male,79.22638111664375,8.637234020276114,6.848420651815664,0.992025461734203,0.5130160261156692,-0.05615112079336101,0.1686953528262409,0.20086801810947835,0.7991319818905216,0.10857238324474708,0.14787299082891425,0.12859550047277446,0.06133036621842235,0.09175663366939979,0.035780841703760426,0.15645962353574916,0.1511649114244106,0.0661301345083746,0.07447503518547124,0.13762890255439097,0.08323069123431356,0.05835682285973182,0.08311971906228256,0.11110843038399917,0.05740481373305986,0.09968119320335951,0.16759451833722008,0.059309821050373975,0.16244512958512924,0.08645606442301573,0.06068452928939652,0.1413532035601968,0.0638986046485134,0.056759251366693894,0.12288926556970171,0.12238055830405005,0.09033154261026634,0.11980326039310567,0.0859127181830039
80000115,batchA,batch3,33,0,Female,91.84358889489017,1.9241879346431263,7.167984781912144,0.7448082291736968,0.7038392310740804,-0.004198748438707184,0.30406952628618944,0.15435184335625018,0.8456481566437498,0.08760176482702538,0.057826828238087845,0.08872897550032546,0.15181314413127103,0.08511621597766418,0.08243885795197028,0.05033699943259061,0.09177570733599702,0.06331165711621768,0.09461191147086216,0.07180467708749835,0.057335546699355006,0.0664895005444688,0.1054470335829934,0.07305074577038775,0.05755371270145607,0.15996524091734307,0.04891556637494983,0.06475328748538543,0.06972185829648112,0.05423176048107674,0.06688793669789501,0.09738785426156635,0.11176233048196961,0.19593230206540496,0.0708548581518585,0.10875425100324462,0.1041625305587109,0.116997140003403,0.21295087187295583
80000116,batchB,batch4,34,1,Male,82.79325635135439,7.985739618204469,7.271320635152202,1.7730920380391546,1.0175448808246697,-0.05488417524342866,0.5041998367433186,0.8299999305500595,0.1700000694499405,0.1203761460307551,0.1675841225947235,0.19611939054023828,0.2004214250798695,0.1542832180267499,0.12197665709006869,0.18837914636109926,0.16118872386311028,0.15480399924900903,0.1042913196993949,0.16255786813476109,0.12389342532828256,0.14072717795301304,0.15696120990113133,0.14417726382417523,0.17040746719880437,0.13761350931753039,0.1664015593881576,0.15109713667275773,0.10293703380600264,0.19410967572388152,0.15087851900870605,0.1618901958793662,0.18461978789397612,0.13685874985678048,0.19975854658360856,0.13440104124986157,0.12521435323911242,0.16273884683734782,0.07983965207879569
80000117,batchA,batch1,34,1,Female,84.95255469515249,8.276319817632551,7.853506665809773,1.4485767822977598,0.8861216220866386,-0.09797587670879049,0.30643758391637593,0.839703976943983,0.16029602305601698,0.17364839251914882,0.12418303262652874,0.14539704937731265,0.14825960076358843,0.12453379685592539,0.12630809336091942,0.11415665140397209,0.15614649006808387,0.1851510768995585,0.12967981573025672,0.1264905541495978,0.08970421145644279,0.16764956622134897,0.08460950283686998,0.150265833456514,0.1217194371045551,0.13899032390731575,0.15213944155851716,0.15010524701785422,0.1801724844733919,0.08566849464322791,0.17538831085489812,0.15356038290156784,0.18422333371406807,0.14793793700955182,0.1032088694367877,0.14321506538477732,0.16655680116813318,0.17290534581117484,0.09000739381689975
80000118,batchB,batch2,34,1,Female,87.5351740065046,9.980076954987021,7.300774543010992,1.1602864393018824,0.9539687030584857,-0.07496367651345129,0.22900089725178593,0.1762103760597582,0.8237896239402418,0.1730186007869783,0.09982199061032081,0.12235991870906004,0.11761276623457928,0.09724447478966672,0.11903993228324011,0.10461052155677864,0.10106356635523818,0.08970777933167812,0.08150834601801465,0.0765817610138079,0.10114314923469929,0.09829546553978832,0.15876913315645796,0.04823710675008524,0.17763064605119985,0.05734900064345182,0.09678388090530499,0.11365456150865942,0.06373569281886453,0.05665933827358699,0.09237937657851585,0.12352096806266222,0.13543943880417275,0.05239647769813032,0.09079358700691362,0.039080704839521814,0.06447905071956446,0.14858762247603702,0.1644991820352217
80000119,batchA,batch3,33,0,Male,97.00872584141179,12.060240379175015,8.276522046389085,0.7340741302125329,0.9356231842813324,-0.061242033573168576,0.6474570512297759,0.8477552380616018,0.1522447619383982,0.14745449858839782,0.16436374337654105,0.15137579090301542,0.21925218045299066,0.1356910014715861,0.12904746098831194,0.18018877220678567,0.16416733454675553,0.13636106668128475,0.150639243578531,0.1627495460099512,0.17166353922657931,0.14496195446471688,0.13260108783882973,0.11892672943676473,0.16480759074946832,0.15622784586274904,0.16833828847407606,0.14934745923557283,0.16785607625989205,0.161167124590144,0.1503280014333313,0.17050398117683488,0.10582640624355402,0.14123270626913606,0.18201191463282193,0.13371817870088754,0.09797514145793092,0.15417225606448584,0.10812008519915825
80000120,batchB,batch4,34,1,Female,84.65825569421894,8.973154608212123,7.919959733893633,1.641226018786506,1.0072220937010208,-0.07941677940163398,0.41606260251571003,0.840391113998449,0.159608886001551,0.15338540820918548,0.18039778742436785,0.14825202657490077,0.20591010062424933,0.16120252432406787,0.17227469982869043,0.15926606325666529,0.17158215252250553,0.153208931048726,0.1687160210256226,0.15727419506352566,0.12871281507557097,0.17194354554278746,0.12843644620165878,0.1149828752654525,0.1497593019505165,0.1502890837341268,0.14271980597361542,0.11986573383306207,0.11456880916585574,0.11501852559572408,0.12675215604711654,0.1593472688643314,0.1497464952071475,0.17507228395750393,0.14591396019903835,0.14505042887950548,0.15532893678434306,0.16390613447836513,0.09944392597193404
80000121,batchA,batch1,33,0,Female,81.9539025990889,6.8608396106989185,6.2002951508899535,0.6823520504861902,0.9857451175813091,-0.03750956032451369,0.44956139710291415,0.8243991700094558,0.17560082999054416,0.17500441170333605,0.163523062224103,0.11195584133536025,0.17272317438785004,0.1640048683429757,0.12560731717291934,0.14722545687031713,0.13427268469038825,0.20823041782843876,0.11811447869685786,0.13550727781196997,0.1452750812593229,0.15040679904845056,0.136380757429717,0.14963615158326393,0.16108782622621806,0.1279992797993934,0.13642201655122627,0.19904750408442018,0.07844746449977338,0.17481555516232633,0.17402421767449971,0.11092036164032958,0.2051676091170378,0.14423299375081816,0.17768139532428984,0.15197571287722386,0.10223902341419033,0.13770394855943555,0.12350655134863217
80000122,batchB,batch2,33,0,Female,84.13134934211412,1.0,6.965596195806778,0.7644184723004498,0.9733910954721351,-0.025790482387318257,0.5356445912280089,0.7494929797730503,0.2505070202269497,0.10960694243712063,0.11648014818698421,0.15794692721195105,0.15206169055933882,0.11898455159330977,0.1496705832906398,0.15272541085176639,0.16322336292724246,0.12342674277186141,0.1403718169989265,0.1240701651861456,0.11290094427943075,0.17140696969990732,0.16927803874659494,0.10345396394750235,0.1447457854334132,0.17585396137618867,0.16424687953158523,0.12095264349271505,0.17938029780379233,0.17589233392684547,0.1517909015834318,0.1366096270313229,0.12063397735393169,0.14331158970569105,0.18404789325096718,0.121478118075936,0.18704627639736485,0.16280653768836778,0.10365784277780776
80000123,batchA,batch3,33,0,Male,100.23502766670492,8.402439602001214,7.189105426143556,0.7253914804161089,0.965200937942615,-0.07536170019350637,0.5236566543965414,0.8426120210510746,0.15738797894892542,0.11755495900358938,0.12185297376250194,0.16586366514142598,0.13385015155950084,0.12223020686863185,0.13994677854592918,0.16763290293597932,0.10278645745509399,0.11723082879026946,0.1475950831199143,0.12101641428518957,0.14241859694872874,0.1553624966510088,0.15547759820917997,0.18463791446285796,0.10955820728365463,0.1679476852052044,0.20256052332763944,0.17930983746515775,0.12357407762337519,0.19228557198616622,0.18445597808856917,0.10854569750814316,0.17944488885009818,0.126953864913,0.13684415591958596,0.11567882588604078,0.1649330956836095,0.19614879952213748,0.1112197526227236
80000124,batchB,batch4,34,1,Female,94.80247729819752,5.909213301365465,7.9988175192673285,1.4564383651439594,0.9767873894299369,-0.06230260272391709,0.41101571520650726,0.8747743223879961,0.12522567761200387,0.17371152112351892,0.17334607543430594,0.18299200333594748,0.1837394577812783,0.15528744214290996,0.13474415549835358,0.13364645922417928,0.15379501331432477,0.17647019770734085,0.1690227775707113,0.1476736365386261,0.17921245703221295,0.11483456839435462,0.2205762127650965,0.11716099175561952,0.1454088883869758,0.15334866030336325,0.15443275555673538,0.17582252562955158,0.12461974967756842,0.1563318212695933,0.16642288676810058,0.18048066184900513,0.13945814238180626,0.15070617093920136,0.14687046708900026,0.16491826596987402,0.16512031657726328,0.1383828249009331,0.08765981407109627
80000125,batchA,batch1,23,0,Female,83.42792800823472,9.083988220794927,8.451695931779048,0.8573788637319971,0.8726601687794044,-0.07825273326941878,0.5060042729339835,0.1277149170765686,0.8722850829234314,0.15356175269317132,0.06630748514500559,0.13907106203023845,0.06832600048056545,0.10989546993665424,0.10286927034334636,0.10263022208416235,0.064760295593641,0.11380904772563472,0.1119501200010244,0.10991705124249498,0.08711140526668504,0.02974083027035848,0.1145779570354501,0.06465296360162726,0.11455463301509367,0.11559305507472147,0.04794137241840306,0.06859401737543704,0.09687285704769975,0.12544875318405094,0.10792713537942633,0.11461615775043552,0.09248001990081801,0.10453547964815353,0.07222217811311515,0.1325408927460702,0.10604381969689149,0.10251936683761201,0.17050102502905148
80000126,batchB,batch2,33,0,Female,85.25474981343734,5.1834087818566825,8.1025864858947,0.6995853088139409,0.0,0.016142671930593572,0.022377909771659144,0.5003383308985598,0.49966166910144016,0.04831786797549663,0.24309919968830243,0.10972068067560105,0.07658136404249971,0.029920027483187735,0.2012876365681647,0.08670121255058964,0.031811953020371306,0.08024178974060865,0.15890119376001904,0.14479111563731656,0.06253026139516529,0.18426135722384923,0.15198889703284862,0.14650057849139214,0.066217751971181,0.08232121942411635,0.04198921456605431,0.052951201327944224,0.035000643451482426,0.1064195198533848,0.0337374056934844,0.09810975137343082,0.014577821015958475,0.08259982236782865,0.07435854998573992,0.1054167015766849,0.12209190826023099,0.17545913435103375,0.062094652099835904
80000127,batchA,batch3,34,1,Female,83.37444143265134,6.747884433113914,7.086772621065348,1.0405820089732942,0.6345532834176397,-0.050284202321327715,0.07415429946885928,0.49705779294402475,0.5029422070559753,0.06114732383932431,0.07563742200114378,0.10580999851124756,0.08817193341943458,0.16764401697150264,0.09859836877076486,0.09712713808015351,0.13245301403094817,0.09144489053970974,0.14142469305049996,0.16983578787759385,0.11120506035132163,0.05687382640719101,0.018331037680576524,0.0980695633687522,0.26145642322062956,0.08319938567744742,0.051406647178618994,0.07256117852186962,0.0904404458849672,0.056196756736077734,0.19016702560483575,0.22748959130518595,0.1134531102154563,0.20255530349973208,0.06569216614729807,0.07156105820578597,0.08131176569485309,0.049547392158466645,0.10385428628681583
80000128,batchB,batch4,33,0,Female,90.18207094231383,10.146440383920321,7.64212364240259,0.7275394516061191,1.0708054487328091,-0.049204453744245084,0.8182830857397022,0.11594156753763978,0.8840584324623603,0.08705529147024604,0.0742017762008158,0.09346045528999782,0.11694633553210777,0.11899100116473875,0.06839151404872762,0.11044880440103462,0.12499338689435399,0.12580952717829877,0.1104182050374144,0.08394801175903466,0.08256175609618749,0.08127758551748668,0.0993421199166362,0.0954648412521104,0.08484042433729543,0.08820866655301862,0.09284324560014341,0.05108935196680189,0.08588599071313699,0.07983325900622396,0.06753589418539037,0.0686756394279208,0.08551664580873855,0.10040307110495358,0.10187267598438346,0.10519223782838551,0.10190785077622848,0.08207235042203369,0.13208939895497077
80000129,batchA,batch1,33,0,Male,84.15190021295369,4.05851502162664,6.637580170932939,0.6319841482050197,0.7109505415450391,-0.020550428837365527,0.3572877836167726,0.8402711261797635,0.15972887382023648,0.19485206724106688,0.153382664071378,0.09280637777976458,0.09345512120284295,0.15323665728664856,0.18026048227137903,0.119893988765774,0.15133007051199826,0.1808446364896105,0.15631964688701422,0.14814215259298794,0.13518368959270943,0.1398192572164799,0.16754513667067086,0.17192480380319064,0.1712405384285488,0.12387359613395404,0.07643314418886772,0.13177362175023288,0.17540983095572116,0.20407348820905863,0.11504979250435514,0.1656316415643167,0.125760075331626,0.19182559216818498,0.17480915429174604,0.1554362980516967,0.15789469952666196,0.18738490570411437,0.04381780554407298
80000130,batchB,batch2,23,0,Female,85.04582030880147,16.415692600675747,7.792263889996533,0.8246020078827218,0.7408328074521159,-0.03433139094915326,0.455759664475904,0.20827070561675895,0.791729294383241,0.11666474293236524,0.09170154659197595,0.0649684256186912,0.09943464709984132,0.09429607035306929,0.07658243016152,0.10244043089473731,0.10307860150319977,0.1144055949169308,0.072302573976335,0.07365709421258596,0.12765868452092288,0.07750250668304963,0.1104722822259092,0.09667240690338615,0.08266324618141131,0.14491389251473905,0.1035068826628277,0.08626983947220353,0.06079898183052425,0.12116985675159501,0.07729102758925276,0.1416003945922942,0.10033173389367454,0.1868551100339332,0.0942618804318819,0.07636670233332632,0.1040652247214795,0.08526464211038708,0.09649913858830497
80000131,batchA,batch3,33,0,Female,93.53425959360517,8.956024778381579,7.002892073662843,0.5033424040119023,0.3498500270289386,0.0038852288240408817,0.09955848067247178,0.4805221124116959,0.5194778875883042,0.04055792480557761,0.0994742673971404,0.08351463126191153,0.18162468605909315,0.044648351092605364,0.09235180226848014,0.125397208138092,0.09070737613904487,0.17971213832659316,0.09852949416720537,0.19349291813985625,0.0770077324539139,0.0264447937189235,0.13632971437480618,0.07228467079955629,0.0867009838100784,0.15326904550830803,0.14912385591271626,0.1273077549838865,0.14137858221472915,0.08634164045145466,0.11668033711188067,0.16826363185724608,0.08481789565108519,0.12553096418008955,0.28517938883489435,0.11124404924580766,0.08147187561526627,0.1085933427247811,0.10717654258147265
80000132,batchB,batch4,34,1,Male,96.96815639207045,5.6739036223367965,6.7782359024064345,1.687580148398275,1.0594061399773624,-0.063647739178245,0.4915158157697828,0.9374152473411643,0.06258475265883567,0.17754804914274722,0.1301599365686518,0.18848017852579843,0.1908928472851083,0.1763642040256616,0.19030363009052256,0.16608428309773388,0.1797902352250734,0.1103521149225271,0.12632051854027546,0.18660416923563922,0.14337573725501196,0.16645753382263556,0.1660140399712984,0.14753551849291682,0.124207372299721,0.16077154803965307,0.17343494127937994,0.11090905464156035,0.12632522084463063,0.11925080751128915,0.13123121718072814,0.16621619673875698,0.21036240131840286,0.15664183009483518,0.16465978145776478,0.13016202446540895,0.15530938911561376,0.16825533953689104,0.06746224522437426
80000133,batchA,batch1,33,0,Female,91.14842467120896,1.5743134787219377,7.136288445830626,0.6511451916499732,1.013533332933974,-0.04648905166835722,0.648541177912188,0.14864818705290753,0.8513518129470925,0.16513362541707413,0.10260374394537701,0.06551207334070389,0.11202849395554734,0.0649937082125277,0.0889980431911938,0.08213625433827913,0.0611675549827668,0.10513423285740195,0.0940740348874091,0.07898124584084648,0.07893764389452547,0.07349822652086331,0.10655895128970082,0.09547290781466639,0.053607782786536176,0.16706116353455158,0.1285618916739923,0.0987680759530312,0.0792068134951047,0.12297156693383278,0.12467055631789721,0.1364986568439094,0.14802801351960024,0.0849719033528512,0.07548291411607878,0.09179601231615298,0.12596853764793106,0.09554030639631643,0.0939283318023048
80000134,batchB,batch2,34,1,Female,73.4852067467525,5.372131271357148,8.012561838949473,2.859786999271994,1.0693690395943618,-0.14566925322148422,0.8378784909720194,0.17219522263449516,0.8278047773655048,0.1002407315185963,0.1221715764664042,0.131411027911839,0.1615403903930829,0.1112965537388225,0.1167062297503843,0.08309035106325803,0.11064243212688092,0.08902721857311259,0.08596376445244322,0.08083706017318011,0.08247231089444747,0.09923608577356123,0.09231299639341194,0.09285510747910955,0.08883935752130216,0.0717827039486393,0.08646187924060698,0.07499555018433351,0.0880419338317687,0.08476517698208909,0.10584862759350383,0.11573052604788404,0.09230225684127412,0.1113602253887626,0.07576048425211121,0.1578564070617604,0.12374306087812237,0.0761367875745746,0.14588502309499785
80000135,batchA,batch3,33,0,Male,91.9238711286904,4.967891342988314,8.046346559518584,0.6815913761014205,1.152191850900357,-0.07912926637266282,0.9796070704033465,0.14494960057645562,0.8550503994235443,0.11653609445036354,0.11330451115860948,0.13949712248763177,0.08042581652122299,0.11311334536429211,0.10386780029653103,0.09635460084591967,0.12646705481917841,0.09912010102989553,0.07946037958064368,0.08580167999136715,0.06502953543238485,0.10316591092651288,0.12605377165664566,0.09934811463963501,0.09639917126830383,0.10936887925435014,0.10578166010981757,0.11713674273336669,0.09227200521441427,0.10118444207783935,0.09126439209129379,0.07036883640599517,0.07357598951218718,0.08059344243359604,0.06985256498426134,0.0957332095238226,0.11083217444914989,0.08265619155314194,0.12052975059080112
80000136,batchB,batch4,34,1,Female,82.4823682290705,5.526895814744606,7.250507498898775,0.8255274026698672,0.0,-0.09086948655825647,0.06988250141738662,0.4554331399030679,0.5445668600969321,0.07523879928643132,0.1331377934019179,0.07715805673228111,0.09616640668651959,0.11348348446736907,0.14417866152625958,0.26264221737784305,0.055529352097137996,0.009609030422714701,0.1825521839051656,0.08030161409986283,0.11834768626706967,0.04208896390655499,0.07091744053893233,0.0710024322842987,0.10814339630663333,0.09349955703641588,0.17041521832994605,0.16656034239680045,0.10679226742686594,0.08065849304017356,0.11129019536664063,0.06751496516412364,0.06572664092006185,0.07567351704974239,0.06297594606908666,0.1492798080274476,0.2632585227857883,0.1414093046079864,0.13259384378307587
80000137,batchA,batch1,33,0,Female,96.88898664253341,10.159322866158673,8.05221621002709,0.7528716503334985,0.6705352850707254,0.005263566632883798,0.3901500044251616,0.11653937396320144,0.8834606260367985,0.1123111492752921,0.10897001706160482,0.11999717930341688,0.11713286007348582,0.11049062877760606,0.11124038747432195,0.10793998432480423,0.11131392376750411,0.09018999323609622,0.07066222504713658,0.05766151760201153,0.05189038041074869,0.059741224874548395,0.1212208025376285,0.1367291334210288,0.10960435168635259,0.09607715289144167,0.043618162633016974,0.0848412126741095,0.06922656313352576,0.0692202699641034,0.0920731320771468,0.10936110816712706,0.08895165482462726,0.16488320497388595,0.0951179420284321,0.04060286832547685,0.14760248431594036,0.08728158676496496,0.19755606199774867
80000138,batchB,batch2,33,0,Female,98.89561630580447,6.688387685836974,7.2002692887766555,0.7243956964418694,1.0351414625590214,-0.08817045143833387,0.5658862785769639,0.8605350325086345,0.1394649674913655,0.19281687403049486,0.18175870719433465,0.14904826205854385,0.14104876505419645,0.14393863213411198,0.16513567505321833,0.1564619927160291,0.13127325234160722,0.17327394033388605,0.12689361339429625,0.1546482269725529,0.1406061358750841,0.14691773190516635,0.12782038570378754,0.15304908402242667,0.1254649823984012,0.13892495921575962,0.14543528478861534,0.1316727675600867,0.18710025465673732,0.1388578188603059,0.1437965560438653,0.1521581593253947,0.11946586395524082,0.11139202460571007,0.1454693501712935,0.11444687763155179,0.1600421994752705,0.16128892132271566,0.10053981641045279
80000139,batchA,batch3,33,0,Male,92.58326144798706,9.580002996468597,8.34869730679074,0.6863610581923809,0.8413437858844885,-0.15020304537794826,0.5889509878749793,0.14043931570329607,0.859560684296704,0.06765566535041465,0.09452918934705132,0.06528863436970381,0.12067375048637197,0.12469389861571352,0.09933243916040281,0.11888017401866477,0.08958913195848218,0.0743341300310315,0.08447312375375716,0.05831235440025086,0.07886616744349706,0.08843860482504984,0.0934816589143832,0.11981539734540629,0.1301532523344146,0.09828917592687858,0.0692046359494452,0.06900318810505245,0.07925571927606588,0.07555078767903055,0.09885035269378314,0.0702596142846867,0.13096648068015693,0.11497498033085256,0.12091771199950282,0.07825032966684228,0.07025188631854354,0.07701906515575875,0.1551457390878865
80000140,batchB,batch4,34,1,Male,89.62159470541644,8.45626602144203,8.495934143175786,2.26344729432658,0.8946823272494644,-0.08127430815253246,0.6692461001383928,0.19743976071070857,0.8025602392892914,0.08879905110358745,0.13006543521175573,0.0702865264892323,0.1305801366057512,0.08226769461442002,0.09273294248157923,0.07402133137411825,0.10153147287593664,0.12683696045321952,0.123064881276325,0.1200270737576021,0.10965927586911613,0.1204212457127919,0.0888855405047002,0.11552040088511793,0.05261794834643548,0.13275334557089558,0.10445822771025805,0.13491634718986864,0.09468712093476073,0.09883951619468634,0.06102963884797244,0.1275399516878699,0.12200633285172564,0.10250316027563634,0.11992854602701748,0.08387891918478678,0.09146839853588419,0.07002633688555143,0.1579827499083438
80000141,batchA,batch1,33,0,Male,93.42868948093825,12.178736971826636,7.555880039068405,0.6877913883636709,0.8341991386016119,-0.01977184651145882,0.38350783043975506,0.16220960297117698,0.837790397028823,0.0786069892320949,0.09944421831735899,0.12094700178017348,0.09281188315857308,0.05562684558336753,0.08620781265085022,0.09007576383008224,0.04761516383385899,0.07260794125349972,0.07743062770156912,0.12614382194285065,0.13999906412672003,0.1384014735072474,0.12358243934011695,0.06867401282785926,0.0628952713990141,0.04277097989696095,0.06532375942047478,0.10271641256813398,0.0649887197339489,0.12795204372890634,0.13374768668220804,0.1315017545360256,0.04753440158762885,0.10040961376625297,0.09676844268309742,0.130431663275048,0.05213979587874844,0.09638512061855331,0.10440316179250353
80000142,batchB,batch2,34,1,Female,92.78905962421628,8.239731298986715,8.118435077926545,1.4807154334865655,0.8622985606008066,-0.08490542700649695,0.32826277011204097,0.9116411622073655,0.08835883779263454,0.17539495779913286,0.1625236452271968,0.14237421047424276,0.15759039367537594,0.08728500416456197,0.1559313740748387,0.1147967526928795,0.1868582237972084,0.1669398401074404,0.09438200209267388,0.1880524365609297,0.1957955283771023,0.20926731907741308,0.2122355923402482,0.10820284399830132,0.18310924354512315,0.1397756578734409,0.13842829905118126,0.16358543998238498,0.14604897376774767,0.12117974961240535,0.11435778927398572,0.10687711032042231,0.12269263353299548,0.1329635754216834,0.16283493768407875,0.15608046282760127,0.18726720149649775,0.12431608702869129,0.1326269667129021
80000143,batchA,batch3,33,0,Female,97.98321826079189,2.5022801160755552,7.152067063743938,0.595504411581235,0.832377170697311,0.03294220472083932,0.34352581003506316,0.07154107361078164,0.9284589263892183,0.1553362562348247,0.10280634272789409,0.12008396826727863,0.07816231417923448,0.0702665627886444,0.08675326213978048,0.059047306788418664,0.09017075986480562,0.09636729497587347,0.09643807656377267,0.11240947407818869,0.12255990266935751,0.08725216165098726,0.10959950142438223,0.06860700385379923,0.15547280147553086,0.14054134872360607,0.08245413632067702,0.15526044261239647,0.123084371539535,0.06732791296070084,0.06773797682593237,0.09036146116022634,0.1565591669269457,0.06294357804138198,0.1266915850954539,0.1068912740757013,0.054238426461286966,0.08193478973674914,0.16235924399037932
80000144,batchB,batch4,44,1,Female,90.69224054167131,1.7367979634926183,8.179358023571195,0.8757589482177787,0.0,-0.07068369957261109,0.10589240151734924,0.5027803833808702,0.49721961661912983,0.14146876068423897,0.056437477461113064,0.19957066138675006,0.19743479550784546,0.07009940277724158,0.08465536760269843,0.1291871268995824,0.11523748707277172,0.15807392432445813,0.12877548247115903,0.1519602375131519,0.14433360399149275,0.09533612733517818,0.04203451581523829,0.10085692667940813,0.16614809099935057,0.10630223539587393,0.1062060134931479,0.07767405749197204,0.0669400224139415,0.08980834144098043,0.09696924005708035,0.07690664095611527,0.12516360093819234,0.08775478220793924,0.13374582506249336,0.11406460574838959,0.052344552905477335,0.12127747877705537,0.1112192917966785
80000145,batchA,batch1,23,0,Female,91.27693206761289,9.919128355477621,7.798886794573074,0.6731767166904334,0.6242220721356009,0.025842411222438882,0.2896168763478402,0.13139022173695383,0.8686097782630462,0.13283693219394183,0.08839925490075148,0.12156435353885155,0.08542083281147303,0.09283915222592204,0.09399527079781604,0.15879425832884617,0.06635816719819558,0.13286096464166247,0.10003808183161439,0.08705912638579809,0.05524429087815264,0.10470801767812414,0.0972069627686276,0.14899474114023112,0.11790506838456584,0.10106620373578538,0.06316124624813327,0.08813325578336231,0.10214668219156334,0.09021812320254965,0.07583440530666222,0.11399410173025462,0.07599296427558164,0.10340589085775456,0.139389402236369,0.09708804530034111,0.05049103542364337,0.07743636797071195,0.1249657142874193
80000146,batchB,batch2,33,0,Male,85.83989253001384,11.897902266768646,6.577746886489999,0.641685212890718,0.7284671891379076,-0.07315819521601068,0.5109519210826933,0.8704568165091987,0.1295431834908013,0.15148601071193118,0.18934304958961165,0.13484991811064911,0.17976950660801083,0.13839023179291318,0.2019949763792828,0.1431925013713838,0.13521839264367727,0.1378312692384125,0.1444282250752122,0.1437164758931392,0.1803977821546598,0.14345955354305284,0.18557467125952218,0.17962342861711095,0.17527815025880755,0.16971669850002108,0.12334757556533457,0.17171633844456405,0.17973111007463635,0.1876051391717695,0.11028882770015588,0.17816340693881438,0.11086631011557646,0.1658102613097968,0.16087481263863532,0.12748265654531582,0.15195498422832562,0.14654191859396432,0.10411627956734924
80000147,batchA,batch3,34,1,Female,92.04724339655985,2.180521612055113,7.901847938802524,2.5849943267665045,1.2372726242828909,-0.08898612176800785,0.8864856086615733,0.21129175170818848,0.7887082482918115,0.11444324214358319,0.10989867289201244,0.08643847828854354,0.17338775560463376,0.10953822100459025,0.10452549945515505,0.10689428592922452,0.10556372421997721,0.11358835676952361,0.13794058037532206,0.08551842416030066,0.10598654482887902,0.09601165156854059,0.12736317180551657,0.10438869669522892,0.10311600326887703,0.10169242247922239,0.1289789366756971,0.10212585611640725,0.08309097413724774,0.11739301737615936,0.11655279075791537,0.08908618306505005,0.08571067392022329,0.11077976035068302,0.07896581518815106,0.11105569462710663,0.13593914345866726,0.11708891869483969,0.18494459219650777
80000148,batchB,batch4,33,0,Male,83.96933134241945,12.531972981314711,6.949810071983601,0.9295993715211058,1.1313212367663963,-0.052198058768529794,0.8487620684485279,0.13144812552600177,0.8685518744739982,0.08257984928041498,0.1142289101838981,0.07404049833809478,0.09201960455997323,0.11000617896084038,0.08667550153436691,0.09598156600550234,0.06677307051331274,0.07002361004043056,0.07214107480404659,0.09297769694113037,0.09574997098945462,0.09785186514796329,0.11905464937598878,0.08127768333453615,0.06337704099573249,0.11068811437826855,0.098970701461562,0.10902987164443739,0.09890516379897447,0.0832052904160291,0.08319952213860075,0.07911758301637006,0.12318928318076738,0.14460260641836128,0.10618683861338384,0.08902537908071209,0.08052114785241664,0.1025156968874614,0.1282867565229744
80000149,batchA,batch1,34,1,Male,79.86118911428558,5.275610735634933,7.419805861913974,2.7262394546422875,1.121507828020206,-0.10512283829258519,0.8615801779782196,0.8930562923957303,0.10694370760426974,0.13010524552336164,0.17217742203498396,0.1902736842310716,0.20698314500747014,0.1667775427693488,0.1596970862262261,0.1557299415494385,0.12932869860885385,0.15769642194812045,0.16772141326475623,0.19762673550168347,0.11489385014379697,0.16648384651552448,0.15569532981372528,0.14868609937128374,0.18005979773558103,0.14122023063081582,0.18969302756995043,0.113052633130257,0.14570987122546697,0.17261488885680115,0.15679676086761138,0.13883720829813523,0.14228362132208833,0.16269108756484627,0.13640940785566444,0.1838202500146775,0.151288022597375,0.14932845638843026,0.09630363805242596
80000150,batchB,batch2,33,0,Male,88.67412881351568,5.198746672866505,6.96113489409192,0.6496673175162602,0.6157279534638118,0.028360467827741945,0.25947049960952656,0.0679808523306328,0.9320191476693672,0.06796251759471163,0.05504233235812358,0.028765157980482094,0.08808468684582346,0.08131450456718428,0.08920144279888538,0.050178569309971485,0.0959887314196058,0.0864203313523485,0.0966634601170262,0.10521919528070509,0.09089207891382033,0.12889133285733892,0.10223501681444476,0.08751394381702289,0.06274269903478817,0.07756199764050893,0.04053768870074521,0.11900103561854018,0.06296484942008722,0.054401909562483454,0.0440920049710982,0.06049135046444495,0.0692099904698253,0.13844594664168622,0.06229239653435527,0.149900793662684,0.13902420482548788,0.13703324953482715,0.18354671636491027
80000151,batchA,batch3,34,1,Female,84.2372823319312,2.8773976210809895,6.690210696583341,1.7214200526559935,1.042453858661772,-0.15105730424269515,0.4411926795987071,0.8711696621573425,0.12883033784265752,0.11812320167240581,0.14439859056209073,0.1921611763386322,0.16511447042570812,0.21465491440850984,0.11484415652329012,0.13028513601769012,0.11888862907182715,0.15147627324089474,0.13678812796002732,0.18883122379415185,0.13466890505607018,0.17229833207393366,0.12028758730858395,0.1415003304196737,0.10208081362914351,0.19276498984280566,0.14427754732740097,0.17207311212836524,0.1088128059236806,0.1129423783731548,0.1208561627987393,0.13224464498028699,0.1789927408531882,0.13579017400816726,0.16265222190295653,0.20112598312388805,0.14026761083391193,0.11116319211595053,0.06191342459774719
80000152,batchB,batch4,23,0,Female,85.52126122666851,4.872997132428685,8.500004977036326,0.637579522623176,1.1904749081985184,-0.028827883707765317,0.8485907186532874,0.21572195541690176,0.7842780445830982,0.0808066491974233,0.10094407066317997,0.09330035820433911,0.0912379354270576,0.11109375647767153,0.10036404134438999,0.11120465328646838,0.09323420636857682,0.1142403800465958,0.10168284762067761,0.10355586931526001,0.1047560820187242,0.0983959717083492,0.14353664497597118,0.08993283008716248,0.06276611626596672,0.07383157540861018,0.12251972758966358,0.0795636947506969,0.1007136357487225,0.08210792374592622,0.0965192453381593,0.08214457755866827,0.1389890669561753,0.11908159240451625,0.07988676354739031,0.0747692636514311,0.0922567126473672,0.09470322899406197,0.14706186210478864
80000153,batchA,batch1,23,0,Male,79.37525288200848,3.30379616616758,5.334305306181853,0.8449525575411837,1.1637504849196412,-0.05381049310190309,0.9533061621256931,0.1672957003925117,0.8327042996074883,0.0873149838812184,0.09152230746274417,0.09362146357027537,0.07542628101908667,0.1330681723776477,0.11008735457737498,0.10823958304967514,0.10622053714985988,0.0972551691470542,0.11233227221113203,0.0988459476271549,0.09542117682482741,0.09132732954453295,0.10835669090528433,0.13724715434994725,0.08245815883113554,0.11844342389491071,0.07867696178999649,0.11099087069697175,0.10218476571622531,0.09812212761109791,0.09907724816676007,0.09112154541315526,0.08866421768989766,0.1147613141092206,0.08537850902877518,0.08208462722384256,0.110990651922445,0.11037616365758367,0.1271727114866347
80000154,batchB,batch2,33,0,Male,87.7078112970026,10.039961315560921,5.180158668211281,0.6866813280231757,0.9896358298885147,-0.10098780373407562,0.6518622975606402,0.9147513852761425,0.08524861472385747,0.16339114053160164,0.1321754201717446,0.19059832578063243,0.16677348281067858,0.12731935274751097,0.1372617767206081,0.19542142631231596,0.1489381248337009,0.13318396705443736,0.16628092490267768,0.1504294519367721,0.13234698340547948,0.2040524736119823,0.12004179205796772,0.15706971819168644,0.18179290582779709,0.1926525760351525,0.1755951352380981,0.18351087236039215,0.17886284052252424,0.16241662296867265,0.14155714659978888,0.15169768841662737,0.13585399666242495,0.16448241426488847,0.14117559810154687,0.15776505670050878,0.1551874042098461,0.16870056692399704,0.08649963977274762
80000155,batchA,batch3,33,0,Male,91.79927086573868,1.4891220955414273,6.609978351445745,0.6064688565533244,0.0,-0.0887374044284781,0.17848756878890257,0.862237574005296,0.137762425994704,0.14510138681050203,0.17314246802831218,0.13332855010651226,0.16027836818743846,0.08902393603826912,0.10350687969699536,0.15765342172722518,0.18815482298716976,0.1901357686252579,0.06548556618903796,0.09524074811419139,0.1444102805695455,0.0984659576200253,0.09522443782303205,0.08996655264266833,0.23251921155616206,0.08317366238783803,0.125454679794534,0.14460738353408312,0.1607735293058854,0.07467502868591616,0.25889858712258823,0.1956580886163884,0.13366633676643477,0.10280367069983834,0.11105061898329599,0.16521015454112545,0.1869764868857534,0.19322263959831826,0.11857260932616444
80000156,batchB,batch4,23,0,Male,77.23038517175597,4.102904927899739,7.308142164036285,0.8455511096214583,0.7559336059468607,-0.07367124155178628,0.449592707325528,0.8798448283235514,0.12015517167644862,0.17153721239919914,0.18718680898511197,0.1251669925954363,0.13791796312175686,0.1319544822823844,0.1269542318844744,0.1525923354901836,0.13014999280766312,0.20297874288974668,0.17259815772181644,0.1008054800490921,0.0719231572432264,0.11685362932685915,0.21829308970775554,0.1246305470034262,0.1803971678157486,0.17180309055919082,0.16296568530086566,0.17397938793321516,0.15239503031958587,0.1803095377930866,0.16367566106674178,0.13168219849107335,0.14008923353930983,0.14877938305838842,0.12266807666798615,0.16136296437806302,0.10299689531983897,0.1328012398507452,0.08199786269200199
80000157,batchA,batch1,33,0,Male,86.02728240472373,6.169464787014909,7.113480078088142,0.6834288770240683,0.851413719212661,-0.059491726975520666,0.4563707217057959,0.8746533173460017,0.1253466826539983,0.0975406232166173,0.13311410757790532,0.14998293488462136,0.14527741615661469,0.185687970178575,0.11695333696326761,0.1076754649869854,0.13660120075870139,0.15001806686678068,0.1419809332872485,0.17806142890867027,0.11986656933843146,0.13410400755082028,0.16589310694876006,0.15049143258982686,0.18641818400017016,0.15056091731077725,0.11665659260879316,0.1820327836045381,0.17815638437366726,0.16154909380032495,0.22026683995871524,0.15185646196003802,0.15400114847983676,0.17731383343789073,0.15825091171803082,0.15367966646250422,0.1071901192747135,0.11404003849334754,0.05374682986574172
80000158,batchB,batch2,33,0,Male,91.92953217328036,10.27391127417372,6.648049066444074,0.7381262143603354,1.0959125020420812,-0.06925179687870825,0.6899919688072043,0.137199485647488,0.862800514352512,0.14710614749753495,0.09858815725741954,0.09601322074927614,0.08251945955590165,0.05874232237929614,0.07782733516900942,0.11908829070270226,0.1126420782371908,0.08218502028772666,0.08599379468352938,0.08386546880357235,0.10096760893895704,0.11308559841680542,0.1142507109605632,0.14577718357603922,0.10618026859331225,0.06311294749592286,0.07309333215024015,0.14034525364248185,0.09551950864416169,0.1134374006755889,0.04640254295414208,0.09049087884907095,0.0925245695340724,0.11361735651992008,0.09643048947186336,0.09132431001192505,0.058817996214434426,0.0835683761378265,0.13952548958668887
80000159,batchA,batch3,33,0,Male,92.57105554691299,7.40494051441316,7.701822407726152,0.671395068101642,1.1496240351646778,-0.046323440180943795,0.8424451196512373,0.12514329055671727,0.8748567094432828,0.08194310680239547,0.11703591735151776,0.13578210312457067,0.06403327916724501,0.07907172720746954,0.09876788842469422,0.0945702685118632,0.08907421171161149,0.10123550472031465,0.06973440368053616,0.1069975550680944,0.08439474055377752,0.11459280173500953,0.12104735037705207,0.0886153254353106,0.10144744415681085,0.09624649113945553,0.129954919175492,0.06738729541811823,0.13129950476563282,0.13456240474992665,0.07523396754869811,0.06722280261036935,0.08415919357799476,0.09164313933622469,0.08250660101606609,0.08385625145824764,0.09242337868183027,0.12885146311050186,0.1534923332659685
80000160,batchB,batch4,33,0,Male,90.17725442006783,3.534542983349673,7.381365423650927,0.7818498448504196,0.831020963114148,-0.033657783100487226,0.4682912761340567,0.8484685816749072,0.15153141832509276,0.13402736908178098,0.15428542955045044,0.19431941326515675,0.16115297524179273,0.13179704560520564,0.17000374735254095,0.15203451060207873,0.19761297196923833,0.11352346058948984,0.1446905389184961,0.1375269617926271,0.1370903742558135,0.1285690138033251,0.12350644060936977,0.20489922173650485,0.1351458976680679,0.11075184757965664,0.141600650793724,0.14776940967440885,0.14360118929862725,0.12823588053796042,0.13168560066958795,0.12065601255963435,0.1469565010798946,0.1695224276012224,0.17076018376722266,0.13835091956048015,0.17324137704963596,0.1217129169555736,0.09240092584667887
80000161,batchA,batch1,33,0,Male,82.7783653275082,6.792808569709291,7.101962718178585,0.7960451941317364,1.1315012675315737,-0.08502510438188306,0.9234094270017847,0.18329407719166943,0.8167059228083305,0.11921677239945938,0.07540340272624323,0.10623865416888023,0.07185895310985314,0.13218106718179523,0.08617524281038257,0.12810254279366673,0.10369518551534224,0.12242269641678272,0.07183832880782959,0.12401113022054344,0.09002386362173578,0.10733141013635017,0.10158262693897652,0.08997971517146588,0.08906194640948412,0.11743017852248835,0.10358842617594077,0.0858043752716439,0.09710723981410126,0.08467323426499156,0.1169172979390163,0.09636903780105234,0.10240092351034807,0.08454040140955567,0.10019042539825017,0.10844735622396597,0.08013810203952663,0.14926064269255446,0.15598292016427798
80000162,batchB,batch2,44,1,Female,90.07728915001776,6.572154613632669,9.37662664518612,2.683852611571966,1.2275189156931738,-0.05037240681340262,0.8665471983921015,0.876199292756987,0.12380070724301295,0.17945209896236017,0.13543531642723075,0.14753455324399425,0.23006489828249452,0.17842016212668613,0.14438155693778565,0.16208129751049222,0.15677125108432424,0.16536373974658414,0.12716891921072157,0.16466859099398093,0.13462862996485167,0.13487857572869882,0.1322057199232786,0.1595171202697861,0.16644957631118354,0.15911064342648085,0.13585081901744428,0.18691454578274433,0.14567914977887023,0.1482293671332225,0.1567945343411991,0.1644530551022418,0.12938078029714517,0.14615269624543173,0.1042503944427292,0.15585916865633428,0.12690287206055265,0.16631430424229277,0.07521249342292192
80000163,batchA,batch3,34,1,Male,81.17466708080639,5.998717890799005,7.482317556370532,2.708036754120846,1.152276690206785,-0.04215553475559301,0.8935019593373785,0.11832066399095231,0.8816793360090477,0.0899554394816204,0.07641377049237487,0.06912803564052239,0.1641649712430305,0.1374930527443264,0.052144924865751036,0.10413376631225657,0.1262920208250727,0.09121864525047606,0.07160096101555653,0.10404912525392332,0.07528333370780102,0.0807801383550215,0.07747439035241052,0.07830587796551065,0.11456520024687324,0.08879862002073469,0.10551892698258226,0.1054672349875186,0.09290117089695504,0.12794415962748285,0.07380628809832215,0.09051609543515328,0.05821243412574562,0.0943079736274458,0.11296943854096982,0.06656180719471104,0.08150938284881798,0.07780069105690209,0.10903558164248728
80000164,batchB,batch4,34,1,Female,86.73149399460516,15.142365531302985,6.5853771157880505,1.0944122245167012,0.9723802584548308,-0.05025080520787428,0.22302409301256537,0.9493754498479072,0.05062455015209277,0.19593043907993407,0.1473972395814556,0.11828781873171658,0.13345473104546854,0.16837418447173935,0.18018495418545957,0.1218624993842153,0.18414812332637995,0.1092788041844418,0.14332057076174246,0.15724096443879793,0.15395845786536952,0.1662663134036169,0.15563970263618987,0.15005745358819625,0.1498865722287266,0.13556129904455472,0.18509598665017543,0.15041579483654643,0.13147632440927204,0.18215422476359727,0.1753038257080252,0.12037247451253962,0.22200133646500902,0.1437179076221084,0.1453824136528769,0.15860200340583927,0.1739005826544078,0.1605169050567741,0.052376246235938784
80000165,batchA,batch1,33,0,Male,90.63966451992093,7.546920218626885,7.279456862715235,0.8114143434069133,1.105619439619787,-0.07855285221508955,0.6838144673941222,0.18593025698063953,0.8140697430193604,0.1350923169859265,0.06251825783054153,0.0705621407152143,0.1323929648914168,0.106335030825941,0.09774446669509491,0.1598850387883841,0.13951701274073808,0.11984279907678498,0.13469974157767514,0.08513599398694764,0.1275693821420743,0.05547317255313629,0.10228739236577182,0.08857030724471625,0.04980712779456943,0.10252247036565054,0.0996374333251213,0.10292600993603229,0.14411055488351254,0.08472583876113826,0.10606744408217857,0.09832399100517662,0.11158048041064972,0.10561120707160543,0.11122340345581302,0.07299097410324218,0.11313143710415578,0.09550132698440494,0.15085611114325115
80000166,batchB,batch2,33,0,Male,80.39403204599392,9.247772893146784,7.296776278415373,0.4889550542591519,0.1719680809963925,-0.012893898733406635,0.121497190161337,0.16168781142897026,0.8383121885710297,0.07735552754546114,0.03518502057087244,0.19598280965186315,0.12511016465084585,0.04383385522747582,0.16973855293342258,0.061964225187013645,0.06865471746814986,0.06147450662018489,0.1561898540633669,0.14466002530307195,0.07870054293334339,0.08240300350739109,0.124608968383306,0.12293450490147836,0.08515982537066401,0.08655362382220864,0.12808900386778943,0.02321270537503042,0.10509443653109782,0.10174486257734558,0.15669036861304786,0.10979503326946763,0.11561365697403883,0.057155198949951684,0.05982503878590508,0.10388054384121863,0.07165023832753345,0.03739895316290658,0.11075948598207372
80000167,batchA,batch3,33,0,Female,93.87888213290108,7.406847120144523,8.013458585381827,0.6109935102495027,0.6588431429116375,-0.07714036379242244,0.20805131827612688,0.8491841223161823,0.15081587768381766,0.0864560317620251,0.1453560262218114,0.09336130817833287,0.14681562216131186,0.09243024560600063,0.11633009599915785,0.19974404200637835,0.15272046525475189,0.13930514681433892,0.1499323814411059,0.20398591160700869,0.14177266871311042,0.1771816797864693,0.178595983927864,0.1724466436999776,0.23704654802457578,0.16009243434056494,0.17421355555256487,0.11693724320794396,0.13641854023085667,0.13459488999395017,0.10468837900218834,0.10796559409595881,0.13401280152596448,0.1436509319794751,0.20204313635460408,0.10462303657969567,0.10290008622681596,0.08834023976324062,0.11512682151249075
80000168,batchB,batch4,34,1,Female,84.63834917071293,10.18624890289328,8.01280096831631,2.0838043553345256,0.7184549800827056,-0.039795432890077795,0.6163920604956366,0.14978727701949401,0.850212722980506,0.08923397637919707,0.07353091852070516,0.10607031337111743,0.13754050143348906,0.12830605331933084,0.13075507997383962,0.1157002818827496,0.10906251593216006,0.0943209097787988,0.10430732224330849,0.09372229998868929,0.06421516180249083,0.11428698496505148,0.13528002135314693,0.08263739822859459,0.11909799546517766,0.09690045119758649,0.08435854227476647,0.05282614564210696,0.11522398144483614,0.10931731064596037,0.07310433936264217,0.09050511141716469,0.09671208110502037,0.1056446713622917,0.12502471394213832,0.09283780449667206,0.06131935393980548,0.09790311798342587,0.14668245331986535
80000169,batchA,batch1,34,1,Male,75.92059684650513,4.195840990143228,6.4820791032257254,2.346018374147885,1.2491636007407312,-0.0664258775504609,0.8119940051073318,0.14582059221342383,0.8541794077865762,0.08363591797571909,0.07982264709383802,0.10092942905809983,0.16309725941481767,0.10542717781690127,0.07868983418849228,0.12180558133002337,0.09948472917264004,0.11756833876886173,0.08999611579440707,0.07774773271835564,0.10228976613625745,0.10832914546357253,0.06341113555871417,0.13767368784411999,0.07964817401561303,0.09661917438550509,0.10702337889347856,0.09425983969407156,0.09555650434889643,0.09609547355758963,0.05755131737013093,0.09744147456999183,0.08330111245796247,0.1170158260820114,0.11228702604919885,0.06665440322753971,0.06584540155011101,0.1389784216291203,0.10628468607695905
80000170,batchB,batch2,33,0,Female,76.49856147255865,6.589538925267743,6.642632722919982,0.7038213453521408,0.3910041252656806,-0.02313062378915929,0.26997722654276585,0.87677859571413,0.12322140428587003,0.11472443062443075,0.18542318902996485,0.17074473902400475,0.1659524091050003,0.1449657736000535,0.16801532931876895,0.09485676890785742,0.1515489760874385,0.17811976516492337,0.08466595806765151,0.139035189652403,0.20220878206814488,0.10334612377578853,0.13971227954638596,0.1856573733788336,0.21670154519105947,0.18345330233105278,0.11209321906132116,0.1542255954181868,0.11990556874946526,0.15691281603701282,0.14953409087338926,0.08206886567553665,0.1500964486906898,0.21713240245956053,0.12544581428168847,0.12957965773495478,0.16584697368668258,0.1672614561420292,0.07694469410830863
80000171,batchA,batch3,44,1,Female,86.06584301027215,7.874382648489081,6.795517826553169,1.7036556419794622,0.8448182150157577,-0.09317027652838392,0.41381209428905164,0.9103111580347777,0.08968884196522231,0.13586770079670607,0.21953690032639342,0.12316109838230627,0.18230549542771268,0.125205252837559,0.20274370732972077,0.15190248886178845,0.17412069837582286,0.16182421265084806,0.12655152351300314,0.13060879517344645,0.1604285516528763,0.17653199076367435,0.12682457330233976,0.15306685464030148,0.1713041129921212,0.13315577604850934,0.1656546487480359,0.13576767747896581,0.11982127052173988,0.1747676755742205,0.18152260934370423,0.14531798267287643,0.16485514250266517,0.15515267767113447,0.1485516983094211,0.1503363912093555,0.13402979674233448,0.18756873114230124,0.08778763819366125
80000172,batchB,batch4,33,0,Female,94.27145592688777,5.485932133780561,8.038945983833528,0.7679350355314434,0.9851732611501925,-0.09684252961943962,0.8134018761570936,0.1330012785314329,0.866998721468567,0.07875391529839827,0.10789889131285987,0.08178904939089121,0.08957270811966894,0.06523563669766111,0.10414650921999936,0.11739875955770601,0.062277613778234556,0.07459157167118527,0.11456955624638084,0.08332917398119737,0.08840853067906909,0.06804566415988568,0.11798069243854602,0.06526857534386095,0.08839414887372742,0.07839858506525221,0.10878993284819521,0.1504842495172815,0.05804997631757076,0.07709247753228854,0.08290345317902864,0.06455120792800251,0.09068970650298808,0.11105455261737887,0.09643816418404723,0.10481080580943858,0.07582991394554352,0.10508791839992394,0.1563933719310967
80000173,batchA,batch1,33,0,Male,85.4074569689986,6.560547039582093,5.924547327993525,0.7747465019821828,1.3198657791062056,-0.09630174743262152,0.7618375765806934,0.9056101312377712,0.09438986876222877,0.14769906273800562,0.1516365633465973,0.15949097929254216,0.1381214699018792,0.16405597728620236,0.17014044534215003,0.16959031988289833,0.1275376508266612,0.16892767724045893,0.1699528583483016,0.19139629654120366,0.12976901218210227,0.18254030543574132,0.11859326644771553,0.1707881035098225,0.17540725538186563,0.1697483947793874,0.12316914576353481,0.18080579205692082,0.20830546342405268,0.13207400736853858,0.14637213878775368,0.13811473038346697,0.16572590730225695,0.14339921850228993,0.1671036440418958,0.14931205304898668,0.1556563890178371,0.15260914515814705,0.053453425268566016
80000174,batchB,batch2,34,1,Female,87.12027017789512,5.38266742903577,6.115564795358029,1.408717198608217,0.7432050855323036,-0.044386522514713894,0.37421577579455423,0.8604686567087746,0.1395313432912254,0.11729486211868198,0.2464972192616087,0.18963249503654675,0.13101022981936075,0.17587658459462002,0.144380792066026,0.14616682203014866,0.12274315031678909,0.15594953056674574,0.14984414748625155,0.16568553839625882,0.14302566330896815,0.17949108151261634,0.15208703632313822,0.15272972788818373,0.1492823887140673,0.17575055798880684,0.13808966130304237,0.1657961429777449,0.15364078031708164,0.19464917032422407,0.13989309125885907,0.18025257887664958,0.15979273961349827,0.19159777085281685,0.15260249527068054,0.13712072275672302,0.13685366567621973,0.15669396487692122,0.09161167862163566
80000175,batchA,batch3,34,1,Male,86.01615414381297,5.503394811451102,7.865886869872286,2.890064036374999,1.2793855466416881,-0.05649425503873934,0.9613773874753624,0.7646644518817055,0.2353355481182945,0.11299351392486183,0.15337056247476125,0.14315095694183907,0.26095542828587126,0.15568737787754774,0.14558999198706304,0.18782736469434289,0.14305806134605728,0.1777371134287462,0.10966571242907559,0.1932370561380654,0.16331050242092468,0.12743055141449883,0.18475819490127635,0.10572285448804686,0.12163137464502097,0.15268036274025212,0.16925209045383782,0.14949272879019587,0.11403164255690063,0.12913466981504385,0.13356085080884092,0.1517339627318009,0.14088319979240188,0.17281434640917315,0.16731966474519802,0.11294620090921643,0.15581658525008937,0.12177094604674708,0.13175639381025792
80000176,batchB,batch4,33,0,Female,90.10923767719751,9.104648654543562,7.4027879931870135,0.7223233714224506,0.5207371158793054,-0.03029039672354207,0.12228854258045971,0.18182560480837065,0.8181743951916294,0.013284130745020098,0.04979881642297021,0.13333432500022155,0.1289027344179897,0.02566459440305153,0.05600570262421755,0.20040940612064306,0.0496326851858076,0.06393005843236524,0.08695784173069751,0.10215695581061009,0.11112538143614303,0.09315847088505762,0.13174179752046256,0.06544977758242622,0.09939231699316729,0.03431920306440922,0.11302532077657129,0.07589385599600443,0.07123235576982483,0.09714640317142711,0.016209178878482087,0.05885026985135673,0.13178964404932345,0.01970227367883675,0.022654175701008267,0.06310697171259848,0.0830869303982463,0.0941946123120761,0.2250064769445354
80000177,batchA,batch1,34,1,Male,91.85181686351602,9.23268493932337,7.638948029326073,0.9087824904000348,0.8002934396928097,-0.0689300641031389,0.11022601510358657,0.4769493302135626,0.5230506697864374,0.08775574177887031,0.06412008253308589,0.06659603223667082,0.10010221083409564,0.021411538398872984,0.17038087201697577,0.14693798316363127,0.18012981275105597,0.2105320199452578,0.10630170556891139,0.07539483854530946,0.11927842644128106,0.12146979761366337,0.07524590990347015,0.07415029940526478,0.09398612805747314,0.07131254198994949,0.1220040973855084,0.04934750911779767,0.133135457791994,0.16349023486978032,0.17607088247119815,0.22223539742355558,0.12282178202411637,0.04384747068013342,0.10284237394872386,0.20418048544219097,0.17398814421608577,0.08540948156472296,0.029256968697955285
80000178,batchB,batch2,34,1,Male,88.81631619444649,3.7170149260202656,7.1104978068311,1.2257000050007394,0.7538181000395844,-0.07399921132082682,0.30547020174023665,0.8806681127459386,0.11933188725406141,0.19270368202695493,0.15307290361008583,0.14320041042888984,0.18695886014439594,0.1738692669476783,0.18312327891764116,0.1273697420314723,0.17128209031772704,0.2017289976303221,0.13125936452772194,0.09311815802748902,0.07983247895321176,0.1428355929234817,0.1216685536846373,0.17640377477906566,0.16976565720221215,0.09878958364222712,0.19963551039947627,0.133937739412538,0.12552570473102492,0.16780671032475677,0.1403310251180611,0.16440304690331534,0.1514085810981338,0.20469772772175504,0.16523833775960614,0.14728655921882172,0.1556660241115,0.19482207102204677,0.06597987148478185
80000179,batchA,batch3,33,0,Male,86.94570420857399,6.719645642065383,6.807087444361766,0.5948248408272634,1.1869996590832113,-0.03546306991025381,0.7696736955821243,0.10538628671592665,0.8946137132840734,0.10683879923337129,0.08083787038487061,0.1181875405388732,0.04717129356492539,0.07634418332664633,0.0641620032844398,0.11796713432710199,0.039763418717667566,0.07517235801070297,0.07648693669147794,0.09251440903442472,0.08790698240288317,0.15211088256381475,0.054924031997303356,0.13301566772966064,0.09414436231188542,0.09150070312560098,0.10758654812248972,0.08474500972361702,0.08489679567961293,0.08421862577603094,0.059941497539882725,0.10690608985991722,0.11537868436642516,0.12665221982718844,0.08149180311804353,0.12481003516001443,0.11015042740676512,0.06611970826912175,0.1371714489441683
80000180,batchB,batch4,33,0,Female,87.2406627615182,3.514526654167261,6.128401924072433,0.7548929632729335,1.2111610164118518,-0.09158275050946718,0.8694341371292078,0.07512299492679164,0.9248770050732084,0.08273079600778696,0.05261029352858131,0.06187544081675043,0.13749365427429946,0.0982936006612452,0.08044284822639132,0.13756854182445455,0.09052481357900367,0.107621268651238,0.06686197110346036,0.07965393297102026,0.09016419478216846,0.07723913873280029,0.12809937867155413,0.11521260291726332,0.09760194641263953,0.06177911846727774,0.08169631039963553,0.07028583821374071,0.0981654713387722,0.07712892737759577,0.0526163530633564,0.09424729886548928,0.07606149391328187,0.11911583879853996,0.06427347062926916,0.07143087174176413,0.08075619185612344,0.09550495943115499,0.18095910167153567
80000181,batchA,batch1,34,1,Female,95.95069637133103,4.226557424108046,7.046562147206876,1.8240095266141996,0.7949029764254891,-0.15864251674468902,0.4338792029249967,0.164577604915699,0.8354223950843009,0.06645085091827557,0.12300692406410627,0.07854209658788137,0.12057414224231407,0.09639765791797866,0.07530515556675009,0.17902875683740566,0.1183957000194259,0.05891807680189901,0.1259975709167954,0.10261094003093703,0.10617470286965414,0.09095821159178517,0.08646375602254523,0.12603955775065556,0.06594796136460565,0.1338970557795907,0.09867895503458737,0.057222546523951576,0.05191944748016736,0.07613367004520537,0.08012316333201462,0.0528498254437915,0.10966805442534022,0.11461058784496278,0.11280366285657845,0.12240270086500452,0.08226402523462364,0.10489153041254251,0.17639279638685923
80000182,batchB,batch2,34,1,Male,87.20760390693364,7.481627050804819,6.346738024940247,0.7228931168756885,0.5922156171066892,0.07258155585224425,0.0504146838525719,0.5025798044224288,0.4974201955775712,0.04368067736588461,0.1362666545600867,0.1910466151635065,0.16226889200418304,0.14719523368021026,0.07999158159947226,0.0447483632238147,0.048945302694017055,0.08579964381771957,0.23180674491311637,0.04525765891720078,0.06806623949186431,0.06600173109290726,0.03356238971312327,0.07495364081936506,0.0446887665531486,0.09622272836945779,0.08456595466887366,0.14509645659356635,0.06905702406896834,0.11653630064804989,0.09227533661663073,0.09319955543172147,0.23612739671207048,0.2409690329177366,0.19595239075532658,0.1086306232988986,0.22454928804877827,0.07318768498869835,0.04094841959772909
80000183,batchA,batch3,33,0,Male,84.97959695995937,11.686755741440372,6.481653232677757,0.7808811002061924,1.1083638655048442,-0.09352742152806337,0.8373136593483097,0.16524953312268592,0.834750466877314,0.09462829856681722,0.07331619836200076,0.10472371898439746,0.08831963074179788,0.13516751390356954,0.07854598071525745,0.07459284962369424,0.07425224205519505,0.1261669823307592,0.07438557460690601,0.07862515371492035,0.09433936472404561,0.09256584627400721,0.08048023223712132,0.1146973357400329,0.11167901907588501,0.10295555320696471,0.08367268043827211,0.11094135532811027,0.03247379955068601,0.11929650663974559,0.10826289141043212,0.05652176936204253,0.09358298903110421,0.0849111859093615,0.10133609484233887,0.1360048617228751,0.10906705627830687,0.08215702497338219,0.16729918086435852
80000184,batchB,batch4,33,0,Female,87.35698277246114,6.613791933297716,7.868287020701908,0.7339779974526605,0.9306924465909713,-0.05106773770583932,0.4789654697461728,0.15920964610047067,0.8407903538995294,0.09257129025488857,0.10021800161617608,0.11606131424107506,0.0714165483038194,0.09834880856448536,0.0609836490549175,0.08795396454243397,0.10529531340963469,0.06406722815067196,0.12930106033763236,0.0920724997541222,0.03545438351796898,0.10413269203636183,0.06093820759122758,0.13512352953893625,0.11949211698735103,0.11457594663575235,0.03878187219080617,0.07139211551045123,0.10409033363461323,0.09118419264243094,0.06036169037295185,0.07793774829782617,0.10676515993950492,0.09140163524913897,0.10293515064362935,0.12126591618461215,0.07150865189664604,0.08219614045404254,0.14959492224029317
80000185,batchA,batch1,33,0,Male,83.09097243757402,10.1040509486249,8.541287513786791,0.5984254050373706,0.7938979225939146,-0.05400949777663841,0.3979571460119141,0.7712210296550779,0.22877897034492212,0.15703279153727992,0.18497260361656934,0.1898148939994498,0.17194595301744617,0.12298973460768647,0.1344130049654846,0.15628011897779365,0.15633334484529757,0.16580191136916042,0.15294906734252137,0.1432699782750325,0.09206029262539561,0.12114551104593006,0.1173969311132877,0.13421719173282504,0.15700918168069902,0.18937134488954613,0.088479904593973,0.14235900955646,0.1774247936737911,0.10891690329747229,0.16365320446125917,0.1225937359349466,0.14480243697672043,0.15770054826667088,0.13746161437824997,0.16994532634290593,0.1898858393094682,0.1967427600394526,0.11056318750027516
80000186,batchB,batch2,34,1,Male,82.26612187785878,7.595327670675099,8.649289667581167,0.7762154586237574,0.3952691018705289,-0.07519574023861625,0.044790116577187816,0.4761786937490344,0.5238213062509656,0.1789830691779311,0.11407898156798561,0.07696731869805042,0.04898936604015273,0.12810310880381343,0.02233868536657742,0.18284550744637076,0.16001613053688887,0.10042662952871835,0.017269130092988035,0.22849785291339103,0.05567449078838074,0.04787773734493786,0.04454580261050851,0.08830357258538665,0.13997755801866862,0.08655887792895291,0.09603733864950467,0.20187974852365254,0.21870675182881752,0.20574623253276392,0.1313037582189575,0.04945498595922625,0.03267953520524339,0.07420529835085667,0.11001351427496436,0.03382527172874281,0.11023195493978456,0.21797248835856822,0.049433539628060436
80000187,batchA,batch3,34,1,Female,99.59040471730242,9.540719581522268,5.650530285680451,1.0008162591301133,0.7601136519401979,-0.05421056671677332,0.21531882409673195,0.9187974892376493,0.08120251076235074,0.15182118048689305,0.15169644264243087,0.11874181839559948,0.1768491787851716,0.13691155348939804,0.17336905214425857,0.14201960030776462,0.11756496286113514,0.1268098020394461,0.11064334537804764,0.08965436327941576,0.14639305382669865,0.10584231413549508,0.09617483079745592,0.1711725104491767,0.1915750888311496,0.11449069287434618,0.28260687109942645,0.16987248625293525,0.14602914701245173,0.07908900080792608,0.15940155792975524,0.10204362370177052,0.10665575690783663,0.16362779958030163,0.2204561865269737,0.14774403329745708,0.17929684195959003,0.21940038812829685,0.029230850477238675
80000188,batchB,batch4,33,0,Male,93.64378452253193,3.061258709786207,7.45572309065917,0.6641454960531817,0.8593659370060813,-0.10855260331377795,0.8527080913462858,0.8667789548477304,0.13322104515226962,0.13609464834509957,0.12804965618466022,0.17669619287639798,0.14594893041386364,0.1733379353253796,0.1413135450938827,0.17499037787593213,0.15194726780690498,0.14360895865881934,0.1437751821079654,0.16917332023537707,0.15922778974022517,0.16932592831284893,0.18071612079465008,0.14632406115696747,0.1638777408451784,0.14903744189219553,0.1421980136383565,0.15954193141318337,0.1004276715746329,0.12236082801597462,0.17181880903840477,0.1569860382490939,0.13694113307856437,0.15749479230794206,0.11726476742988198,0.1274816024520846,0.12758343340878278,0.1257069975559002,0.08705015725700077
80000189,batchA,batch1,34,1,Male,89.20590107077668,6.499084257885054,6.55283902377486,2.118546537408755,1.16271378509895,-0.13928499416180873,0.7688493383267394,0.8999869607948795,0.1000130392051205,0.1838056358522216,0.15787280477589297,0.12286111586865622,0.21888140470567996,0.16687997848328986,0.1440841754934178,0.16705156222049836,0.1851495359347169,0.16019664551754043,0.1549175951110633,0.1535692165600412,0.15477897855604109,0.19208026520337249,0.13171208637476725,0.16976218109590416,0.12413717950996823,0.2156384964198646,0.21941899235808077,0.1455352782019704,0.1320557306807824,0.15485271111300172,0.14402421368023843,0.19315211503789972,0.15402559857902778,0.12463519578464484,0.1583785421494075,0.16050490589057034,0.1313338790978857,0.1814829592888537,0.05488782241785785
80000190,batchB,batch2,33,0,Female,97.52454761454432,7.726033524897628,6.91194818220647,0.8638100349724019,1.2419898489408752,-0.08257474357835887,0.918567287311671,0.15630913478472158,0.8436908652152784,0.0798640328368152,0.08952228566747968,0.07554024882166965,0.09311722682041523,0.07836907403918934,0.0895385489859193,0.09796999199694255,0.09915607920593941,0.09241674400163878,0.07889021438662888,0.0904854504459607,0.10039181389458222,0.11690529619155583,0.09934967425841831,0.08675386867926782,0.090175280926213,0.05854379152622683,0.0728824754054925,0.1249096418458556,0.11687565257962584,0.11943083487029497,0.12895264565534886,0.09532440018003799,0.12289493178118509,0.12169044809202353,0.08624833771222364,0.06292336518298054,0.08815462878404048,0.09733440131078025,0.12205359739837607
80000191,batchA,batch3,34,1,Male,93.1802861320885,4.676669713522501,6.529262385046634,1.351589193586795,0.834901659579175,-0.06868672428822671,0.38852391566391603,0.8239155544727579,0.17608444552724212,0.10670878547257447,0.12539055242590383,0.1323047221666774,0.20540741698066445,0.13319202036923727,0.11968228907078395,0.14818667598128682,0.11436656832485391,0.13737427054276477,0.171797576923352,0.13260456423487482,0.13017941181154616,0.20482745717276166,0.16674312873535158,0.17234603371034038,0.1323938817865664,0.12192349292032803,0.147971687731476,0.11940679889183382,0.19743073291973573,0.1553163090191495,0.10817900937321298,0.13469576278550469,0.16220622821210523,0.15896069918261327,0.20092511824329437,0.1970688130350187,0.13777419774046604,0.11413519506386793,0.10572574451698367
80000192,batchB,batch4,34,1,Male,94.39256519925239,3.392086494854622,7.653580751204754,1.7876582297087258,1.1813943925423092,-0.1349839418204497,0.5816304167575318,0.7978997010679978,0.2021002989320022,0.12555598215713312,0.1401896362561269,0.18547590349205403,0.20599662822969608,0.13664237779571503,0.16951817593766244,0.1747211605586639,0.16438949435210068,0.11263319309617684,0.15563033201378632,0.15191493559614022,0.1681072753815793,0.15136383775245432,0.14480608785983046,0.11825419354227376,0.13836102663463273,0.15961996383527563,0.19293337769578978,0.11777861884618318,0.1630104995214364,0.10481031991081188,0.12402119660332045,0.12402527808447583,0.13445724075514068,0.16228513849617845,0.11496282742042604,0.16110811523080065,0.1406487019687733,0.1472320704165949,0.16800346216203255
80000193,batchA,batch1,33,0,Male,86.3117207788173,9.54586570581725,7.255455199232317,0.7100051411377831,1.0283977379292453,-0.09708761166688355,0.8426959581446197,0.8704301753656467,0.1295698246343533,0.15410639606579749,0.11367237521871662,0.13895206184749576,0.1831045342399227,0.18068535814767675,0.16050499014921846,0.15260499615552714,0.160596704990491,0.1832252924277688,0.15108579317769785,0.15747118511777639,0.15215981089885786,0.14497838025598644,0.1492376189774107,0.15994023042089903,0.1533226539555242,0.13219939857771637,0.17832458397149267,0.15995734164352257,0.16492219001979383,0.1552215468209855,0.13230254962128965,0.1982776661657684,0.135719484857284,0.18856597840840106,0.15946809920153268,0.15030743203182623,0.14365785333493428,0.14383001096082235,0.11328180638675994
80000194,batchB,batch2,34,1,Female,87.96678213834947,6.573656773135822,6.5077086145010234,2.2334163164541105,1.0361487000354839,-0.07115911256620464,0.7489104211711293,0.8586558624017543,0.1413441375982457,0.14643688320983603,0.17930953732499588,0.1291321797201127,0.19476114910502018,0.10633039240328405,0.15095345096679702,0.1603036307358279,0.15919492418831982,0.16959176942978527,0.15495300929991743,0.1313302164474282,0.14343390221035202,0.16243661477574417,0.16680169406831447,0.1259098751484884,0.13895223387818634,0.13752063884568494,0.15998447932216472,0.16336629001633432,0.16822406324012737,0.15037400024965294,0.13342384942529956,0.18676703535435243,0.10228729152772167,0.2165441412684245,0.1639773079431416,0.11590323700669192,0.1908993485213591,0.12271108844935576,0.08720808843750037
80000195,batchA,batch3,33,0,Male,86.90077398805066,9.129716246355109,6.822907833242401,0.6883694026592814,0.9423401845216222,-0.06311402860650214,0.788763303690667,0.8403383669537133,0.15966163304628667,0.14306114909289183,0.1692643505610316,0.17309473250013868,0.13819301410580964,0.16325525766471283,0.16070509206425104,0.16458529880306433,0.2106316021173749,0.2142939637654423,0.1807145724733123,0.13322653802678036,0.1418622744857715,0.1556512121451964,0.14320100566864757,0.13334516088038964,0.17353309276581394,0.12511016328082453,0.10870828109012609,0.16755937163998508,0.16669237483618013,0.12043419935964927,0.1199980841658306,0.1503757206355297,0.15738476801359066,0.14385303760576,0.13945927691209262,0.1490774720479726,0.16562516961714405,0.12122883063064699,0.09725164534113086
80000196,batchB,batch4,33,0,Female,85.73350108913169,3.9516333318325048,8.384401982608104,0.5904701263678234,0.8810326854901177,-0.020116741755957776,0.526946733728253,0.1271783848664981,0.8728216151335019,0.09551071313596128,0.08132450632645621,0.08633514007663859,0.14214961902282694,0.07974580689854867,0.11520705373104759,0.14525952803523837,0.04420151291872379,0.08610405928708606,0.1130411790560053,0.11935789773814534,0.0680402755562203,0.06997672717875136,0.07256603034331714,0.08692993615832986,0.05462416231006973,0.050659390108994104,0.08942305074155679,0.10313211454491628,0.08326683567091961,0.06073615755207572,0.13472669967935103,0.10256651012985152,0.05943294728238155,0.06104982599824944,0.1094422911080213,0.07610551925068611,0.05229907755987257,0.12272354549067756,0.1719491607809752
80000197,batchA,batch1,33,0,Female,90.69691447977388,3.9479079271524293,6.2973347662595724,0.861456203071709,1.081229090583357,-0.07419874944823648,0.7960062121911533,0.8633864512293106,0.13661354877068943,0.17893131988154887,0.13603265191111372,0.19276553181333814,0.14393586694613233,0.13101441082889193,0.1613246045300346,0.13010867627026648,0.15634119473263652,0.17147411570815263,0.14499346180143832,0.14383114325385524,0.13334077429131438,0.12030763847757335,0.14755239863672262,0.1554061972337832,0.1493485413838012,0.16558174552945332,0.16071506803410077,0.15190452696653983,0.17090330727833516,0.1568003684147662,0.15139870087908636,0.14168628666990632,0.12441200029888944,0.15093008310696365,0.1764084300349681,0.14068974962963393,0.14928047698524696,0.1782800671710819,0.16820408101818465
80000198,batchB,batch2,33,0,Male,84.60300815602538,8.887744750531983,7.915166744109492,0.922339460545951,0.7971994791051927,-0.11392807824578322,0.7911489263677352,0.9706974356812904,0.02930256431870959,0.1592947277376703,0.17479258563065259,0.15587032898346126,0.16446474815002168,0.17132260190569554,0.16922484772494426,0.16405881408686213,0.1215783933849003,0.10880885096596278,0.17893833431854228,0.15261264847661338,0.1621183915183832,0.1736810690515848,0.17246924446357856,0.1735705053171594,0.1829499657853676,0.12528660374292777,0.17151788559076847,0.16870122042659116,0.12069837780408736,0.16791058202894382,0.1913558782655811,0.15159771264313618,0.1752075806636027,0.13888458519685126,0.16375808731017885,0.1446300385214191,0.1491976471269811,0.19515523034110913,0.08036679817244374
80000199,batchA,batch3,33,0,Male,104.22031736685756,8.28531733630699,8.546708057671381,0.676956472506856,0.4522408858621934,-0.028950889196347293,0.2167627870863673,0.17149930817542103,0.828500691824579,0.0984747195304921,0.1312183525159741,0.090232303359819,0.08717197095143733,0.09751639528676054,0.08395615041999231,0.0436129200479034,0.1362044741588903,0.06695846175606304,0.08637018719114271,0.06997315308945709,0.1443118650721721,0.07120599749537858,0.15247866105755703,0.06390757155459063,0.11886869511184597,0.0849333235568065,0.03903606383179542,0.15060695004754604,0.061447712521849836,0.07701343035454111,0.10156382987516123,0.050253690660229944,0.06606744575227941,0.08197382054780879,0.03731580131065477,0.09762540828831201,0.047143960914175144,0.11792064280238451,0.18544814417194494
80000200,batchB,batch4,34,1,Male,80.62806999535675,3.110580417163626,8.252567555108952,0.9844302387986873,0.7187854442347089,-0.050564462018433634,0.031838963540337356,0.46701024962466975,0.5329897503753303,0.07101299187219923,0.1980632315937053,0.08742551554661365,0.02637440121810741,0.06604085660243518,0.04642117687771564,0.16503425456796147,0.08501737709827038,0.09551938876064159,0.01419368638072426,0.0682482366528912,0.02678875712970539,0.060236630598179956,0.10985632028708124,0.070119372483279,0.09268624729510792,0.09092257293258894,0.1155610319817275,0.08962457136903078,0.10690224886993419,0.16341868590065792,0.07426343736151622,0.05623840124051659,0.020890600426534952,0.1558020023262186,0.08288109656809392,0.02287058684294417,0.18064384531887193,0.18143633895154357,0.10243251744079775
80000201,batchA,batch1,44,1,Male,96.28267687216993,13.779931030089159,6.4101738356779805,2.573247925714914,1.0870618499206688,-0.11465960132778401,0.8597711860720901,0.1381776749298184,0.8618223250701816,0.11949495181362241,0.07538707589648476,0.08054351537652851,0.19233541927615108,0.08012341855920889,0.09532056253558624,0.10350636677540007,0.10916056668022853,0.09819888167380958,0.07105815578170302,0.08573386905359996,0.11945227135641248,0.0937260324680027,0.1319285669449368,0.09936028669975669,0.06821561327706935,0.07734496874658406,0.10607214908047616,0.12077836200754091,0.09658799157817462,0.09691696167420011,0.10181601360653313,0.10427608806419791,0.08103999604945983,0.06129307648838454,0.10725784533085056,0.09390991958037394,0.10216414954268986,0.09017260578515371,0.16320427413065625
80000202,batchB,batch2,34,1,Female,82.90431941691531,1.0,7.298056026608328,1.3662060402393377,1.0011332148705185,-0.15434936615901745,0.32606482954803,0.8933810218947623,0.10661897810523768,0.12071416801722654,0.15923397033781364,0.20758403326612335,0.18965149146267596,0.22030106274949443,0.2163807324568995,0.08198828036089638,0.14899515556991397,0.16706640543469856,0.15964647388002343,0.15442148001351869,0.13026928139161054,0.1304014834326015,0.13994487665885072,0.17657158522461872,0.1821631343651314,0.07608046850202348,0.13681396978384378,0.14221515180056987,0.12256718708707859,0.15462055924238483,0.16614847492655613,0.12989923316665133,0.16704509858700514,0.11641982983472443,0.16015128988564692,0.1972395681359483,0.11447816989076516,0.15827687488249004,0.14897578005342307
80000203,batchA,batch3,33,0,Male,92.38739866289167,11.040289463488438,7.024415519620043,0.51405209611266,0.8850509459815613,-0.012168612030916626,0.5486522645295443,0.9019799442345328,0.09802005576546724,0.19076487415766302,0.12011480278719606,0.16004968379161286,0.11453023808735599,0.1147003478313786,0.1359339295996761,0.1997599216025653,0.12024360418811832,0.14688611422343067,0.17816989148393678,0.13726103320204125,0.21389968085593827,0.15710464346128852,0.11825584052219631,0.13551871007754343,0.11964706501840697,0.13824501509320333,0.15006809933074317,0.178772511002444,0.22137920994483754,0.15096182708343703,0.17400731488749827,0.15429996170971075,0.13426994812027226,0.1410891778958762,0.19660521918624488,0.14553389906261552,0.2026612749416294,0.1593137271512043,0.09340468561303027
80000204,batchB,batch4,34,1,Male,85.17357032445513,12.998974596033577,6.7374747555462084,1.4117183735792391,1.0194201703336436,-0.12462240724675736,0.39228587493095624,0.8937574756621343,0.10624252433786574,0.15436102193910312,0.1396638241265495,0.152346055503489,0.17819492417063806,0.17487633924518126,0.1623946602882748,0.1381515764540699,0.11912341504443817,0.1264441644558278,0.17190588713275248,0.14385979274500799,0.11170310785633164,0.19788419925508205,0.15465473813117459,0.1615809693689461,0.21527848844355874,0.1711935781344527,0.1506072736493705,0.14293117206427872,0.1730927396578277,0.1454606235924829,0.12580565469377825,0.1415487172148095,0.16799662121263206,0.1286367571059235,0.17337616354429472,0.14681057216807136,0.1359019885395695,0.1537111919361204,0.0761460815878713
80000205,batchA,batch1,33,0,Female,87.13528191179682,10.202106270665919,8.813620448942327,0.6664881339670942,0.9801371263318703,-0.01119596365000343,0.4346995465396855,0.9191784857540877,0.08082151424591233,0.13904681835097302,0.12448966162720532,0.15916182481246538,0.12465674714067904,0.14698049766729185,0.1585830354973928,0.1518946425428943,0.20034193344171003,0.1992156971974419,0.13416542494322886,0.19018506845269192,0.13043640931285663,0.1556715675670672,0.13625984086811432,0.16813788427228515,0.16011976811196169,0.09473217986381918,0.14337388525330713,0.13574457868452783,0.15751729830268224,0.16892705299923674,0.17470674437204287,0.17559419450228533,0.14632305625600028,0.1766944129268446,0.2191310243937185,0.17973106969791208,0.19625821741230617,0.14695073752759916,0.12555093631493566
80000206,batchB,batch2,33,0,Female,87.35696543432853,14.617768315074667,7.814732584665884,0.7300200639084298,1.0765889677945804,-0.03584507642949674,0.6813322896582001,0.8523971330839701,0.14760286691602986,0.13292868455467188,0.13756558446273276,0.12392464994118157,0.15949517305999925,0.16161966986667733,0.11471421184562085,0.16039027683342633,0.15278115551345886,0.15860242607425698,0.17013917556448635,0.1329662798863168,0.16622795428250683,0.1705642012315803,0.11674585937347315,0.14744392893219962,0.1465863264982211,0.17214823859395093,0.2025222094076378,0.1588672127341763,0.1890759674606477,0.12932830768881243,0.15665790500007037,0.143397862668508,0.15448108438011549,0.15926486751995828,0.163217096203801,0.13790469325431037,0.1415284280232217,0.16125741006298147,0.09532366800633192
80000207,batchA,batch3,34,1,Female,90.5306897207842,9.506705937089844,7.867658225591622,1.296208524082182,0.897476344876308,-0.06752442237079069,0.19153235692902817,0.12051545756739289,0.8794845424326071,0.13839567042445158,0.08099018527260546,0.06648558180271237,0.07004765233922332,0.06255301939902473,0.0620224006994499,0.09507338141065728,0.06217699892055412,0.07680263594088384,0.0729269584130971,0.09064471160160335,0.11443175179169637,0.10593437530025362,0.05591429618558602,0.06838677844309489,0.12330451271366517,0.13502554373795284,0.04161951892300462,0.037856297374106514,0.16106927276690328,0.04595585014136903,0.05947755108222182,0.07781071403052821,0.05820458565387527,0.060118021808719495,0.060256716458522395,0.09497359026043815,0.032588706753268616,0.12332975316600363,0.06041130553823503
80000208,batchB,batch4,33,0,Female,85.15487995031482,9.662837254362282,6.234185164192191,0.8197659701205681,1.0967311785080378,-0.12429842412580486,0.6527591775883375,0.7778095476929883,0.22219045230701173,0.1750422662316389,0.09349488650420355,0.14728945927791698,0.13227864158572078,0.12479865812238333,0.22213311986842307,0.12107156247187922,0.20323072923787977,0.19198165923048094,0.11983329569510345,0.14947454290418685,0.14731238956657577,0.1354484419708125,0.15020859181366206,0.1575500573013254,0.17994860959885556,0.12397769419963872,0.14752088742686242,0.1397878250749003,0.1373135580964061,0.15124166925617202,0.14512687879656896,0.10023795252297907,0.15794811187186367,0.10922735228984205,0.17667266943361354,0.15376143022599179,0.14319738781980473,0.11908338834195416,0.11170633075948153
80000209,batchA,batch1,33,0,Female,86.43417387282163,6.047316406083817,7.711347683482791,0.47369358633372394,0.7725906840716672,-0.047869073096992655,0.3722758051198735,0.12752434750978403,0.872475652490216,0.10662924227346664,0.06946889382378003,0.09135220880427453,0.08243473048688146,0.07401580787476736,0.12879430744089604,0.0887362008647823,0.100841484050394,0.0882112849809686,0.04718668286314171,0.05561986949827014,0.12858511287018343,0.12434455081894674,0.08722508467953625,0.0632667487550492,0.043031987839448706,0.15631800758056666,0.054349501458010346,0.06518538581283274,0.06914631810654237,0.06277421170967978,0.08471813777145311,0.15068166969980099,0.08038212970319131,0.09359862020704247,0.10314790904985986,0.11090442367902868,0.08725627601987607,0.060674905114265994,0.1612635856418417
80000210,batchB,batch2,33,0,Male,86.34928247463382,10.64469493089943,6.8373317019991156,0.6819663882087894,0.6529969915824805,-0.012948112335402131,0.15049986183548833,0.2208255879510333,0.7791744120489668,0.0928390186482846,0.07595126084702991,0.1004637727802366,0.041027214583988225,0.08442219721307022,0.137819824613055,0.07829678000205495,0.06881614511281246,0.06106177831268491,0.12917890732506923,0.10466360907190007,0.18809406974375134,0.1768499213727788,0.08096756909636371,0.11674850132902219,0.07436442601959574,0.06850771803513717,0.06612089367586384,0.06232979363743105,0.13824627741949844,0.06807171289225428,0.07536598392465442,0.10387935122636402,0.09975053586019678,0.0954031018009836,0.1477778612103871,0.06710704918301576,0.06218163606453699,0.1180277426234056,0.15640512695402978
80000211,batchA,batch3,23,0,Female,90.10150047237089,8.083455917836693,6.588929526418968,0.6874505981945057,1.0303469416454194,-0.12291877926398018,0.5230237418624446,0.8524565546797596,0.14754344532024044,0.11234971172562289,0.16518588734005923,0.1349907730515479,0.12458591058080971,0.13139594689245615,0.1402515065191283,0.1726903612604296,0.14937608959480747,0.18114198525020098,0.13826201922136414,0.15021607899808392,0.1393425019400826,0.10627090032201715,0.15730282403885487,0.2288114213145034,0.12281275990569158,0.17542831741326823,0.1819307933610804,0.15864736734351667,0.12519224140390744,0.2158779314204544,0.17070387135423268,0.19959137003057992,0.11576077524180715,0.1413603432904725,0.12321626796112156,0.18513753278969344,0.1157456299564929,0.15273605945364777,0.09032205582103418
80000212,batchB,batch4,33,0,Male,85.06633942155901,7.566506363692787,8.119279665140251,0.7637728597915362,0.3897585802677086,-0.1277549201032352,0.11984899386589778,0.5070289508113069,0.49297104918869306,0.09964244486194539,0.18798294310308575,0.18376912406427226,0.06436434968456839,0.14717486404524327,0.08909375536173421,0.1695705653252611,0.11163560264868658,0.0953111927925174,0.152361833201076,0.11518417304340292,0.1508208028804506,0.06708808658041598,0.07454793279899186,0.10735776544916356,0.07862043438330553,0.09177622768182725,0.108623084959126,0.0833565775754949,0.19760309658879344,0.07606244834686625,0.10594117762376361,0.10697058735779141,0.11732424410962243,0.09526321986492761,0.1574390082508944,0.16123708983201315,0.08462263234777677,0.16608040830251078,0.08171587957520914
80000213,batchA,batch1,33,0,Female,98.37097828462544,4.690794158352479,5.4040753276022695,0.5406148554290365,0.7819166286919014,-0.01612233322255345,0.40015718168774067,0.8924694283998601,0.1075305716001399,0.16385784497017872,0.13513246370906706,0.11061402128149506,0.11890089040519246,0.17768459421506042,0.1948142271499431,0.16731533593086503,0.1041348510596274,0.15420202823022058,0.19227089866245736,0.1693374318782189,0.1575394709319143,0.12742144142658265,0.14506531240739987,0.13973131067834763,0.13038714005321475,0.1691930549675153,0.1461543867013503,0.188588741221218,0.15785801072781996,0.22236584916926022,0.14562078970979417,0.19740147887861767,0.2051764715049536,0.14314763186210352,0.1554316998177929,0.1483302570490578,0.14171704565813206,0.1786715833625736,0.11486358425130466
80000214,batchB,batch2,33,0,Male,86.78885627347447,12.581690079018484,6.886689068429137,0.7082203460775226,1.0015187673104589,-0.06728417925141031,0.6255538804821514,0.8212079841953971,0.1787920158046029,0.178531742029735,0.12325012597831786,0.13361409948146588,0.17499678970253546,0.1308017066847052,0.18549031760289278,0.1319866830089732,0.14572195465284515,0.14347640918439986,0.16832768222442884,0.16782364426722318,0.14280436175157796,0.1646903653845091,0.15707379619427522,0.17019285151184207,0.1664033481140572,0.13167345669091207,0.18566953550431428,0.1129827471664338,0.14554966844961922,0.16479046936135244,0.15153037981025946,0.1490904328476095,0.14505608673315423,0.14214731460834668,0.18220512265323288,0.14948760959612686,0.14949333032125833,0.13606261947128714,0.11270091775588753
80000215,batchA,batch3,34,1,Female,92.56726178486312,12.620261944460873,5.820752828828825,2.5942346148756155,0.9859647452089623,-0.12093812435926674,0.8104476057708944,0.8529453619804268,0.1470546380195732,0.15387878454939777,0.17252826200332022,0.11979767515404062,0.22533552546082625,0.14751732597364622,0.14894574473040448,0.15096225191584964,0.16546751942280857,0.13724309390007808,0.15755219227946315,0.13362647681570236,0.14377713231414163,0.17452937441517408,0.18686158363662708,0.15747185364864072,0.16793974003979356,0.14104544627804738,0.13127729503499996,0.15523804062643615,0.15392986431383676,0.20126419570675463,0.14823832054999847,0.14737363853466268,0.16313816325391464,0.14055250852800824,0.1361094332071152,0.1598108089451842,0.1233374711116774,0.1618696980523728,0.08414154489858479
80000216,batchB,batch4,23,0,Male,83.37306465903391,6.2796146377488355,7.3630767653990326,0.4909277034680338,1.0454866399928824,-0.1706817775923179,0.6688631274998815,0.0706009567181827,0.9293990432818173,0.11315847185382501,0.08491309282939546,0.08513343511286312,0.14081139372805176,0.10796479140746237,0.0786921093354847,0.0830841561250552,0.06497088129287945,0.058638881123744005,0.07867925575028607,0.09333795346615001,0.06625382768379348,0.10164590452173361,0.06181318367291966,0.0789890618052952,0.0992972445269031,0.1297246276265501,0.1171243207576472,0.11049567741643514,0.08573574675770963,0.10308529296931924,0.07718069119955996,0.09760749148390648,0.05697566296348054,0.09075954784153263,0.056891702058230874,0.10867436311307377,0.10176152316650051,0.11997298052376444,0.12880365725681206
80000217,batchA,batch1,33,0,Female,86.4076621518418,5.087240255147707,6.750352602550204,0.5389735801290828,0.8649110666100436,0.00848727388373769,0.25434588116141454,0.15999152417183196,0.8400084758281681,0.10966890051611242,0.15023523659076446,0.14750151655290192,0.09903125794258373,0.10143443856173169,0.07665367580682955,0.18718979589446524,0.05127183225150151,0.13295096173900064,0.035880492574586045,0.05595285389398247,0.09420414497211793,0.12579691793641626,0.06105142796987003,0.140968731546087,0.1136201982723865,0.03582465653661673,0.13181258788469252,0.032056082383103604,0.11457189490024157,0.044684188995065474,0.07512807125958645,0.08778894551165717,0.09707743447014422,0.10707979040083308,0.08890733968081403,0.07754144900624822,0.06536556757145179,0.12539564087737812,0.1936846627490256
80000218,batchB,batch2,33,0,Female,84.32151700909426,7.17442056645694,6.811791190180687,0.6905785700681584,0.707892783611969,-0.04697359348570295,0.4081397925084621,0.8323292102799075,0.16767078972009253,0.14796235089243606,0.13342730493872085,0.14727209920382361,0.11390165119511239,0.15446497095973086,0.14177297215427595,0.16844222857541402,0.10861182921320885,0.13331283199190494,0.13003411619775151,0.1615150755203036,0.17611163236618482,0.1495929463933305,0.1407855636619924,0.16848701973449529,0.13561753552968203,0.19520389195432014,0.12499311072598876,0.09347734602922528,0.10812201006573235,0.13426731253284585,0.21286239712543997,0.11970149141121274,0.1947223713778165,0.1492701026851168,0.11958925768044218,0.13663048404327321,0.17189355026485242,0.13976499286502875,0.06721765213366156
80000219,batchA,batch3,34,1,Male,82.65257418596846,5.552078552265781,5.845425082461981,0.9795624877605806,0.36384541467507375,-0.1022293883841792,0.056376752994051926,0.5045276458041948,0.49547235419580515,0.07623571794786471,0.11902086211046803,0.15831727305305995,0.09754634742036417,0.1617103882079849,0.04632964150959375,0.048884027381779264,0.10437455308926843,0.17868061034073832,0.08956449398905793,0.018244254309217903,0.059733313825035814,0.14350842276245934,0.13052156292045833,0.16581845530130604,0.11905158920017693,0.1593511648482291,0.08446596269030188,0.175565761599271,0.041591241624137416,0.23099551267726884,0.1614391127039014,0.14804226767498,0.012209909492537568,0.18199843876945368,0.12264044614508918,0.04182654967646512,0.10115971505861471,0.13945191483269292,0.22558528327600744
80000220,batchB,batch4,33,0,Male,80.51476568531072,8.885886712395735,7.7354547495849255,0.4648105916306762,0.29940105769608283,-0.058228205561434425,0.42246580157845975,0.07283558289505132,0.9271644171049487,0.09317001428269901,0.06009557034644842,0.08304219189926385,0.10590007091817474,0.20656378628954558,0.03876658216394711,0.053496882377261454,0.09445776493184053,0.10835081696596134,0.06785574151740996,0.05206088643173483,0.09551792322803236,0.06353495876815483,0.11869720109951316,0.09195740118389792,0.09470226955978892,0.11405216584129833,0.13832876195838384,0.056057330050429226,0.07264328566434315,0.11866429431417037,0.08162048296885985,0.06629515422161285,0.07855910741684305,0.13480741259570247,0.07988082528448752,0.09825243684153191,0.07197594278667875,0.0433776605071576,0.1734467894178878
80000221,batchA,batch1,33,0,Male,87.16333135267901,8.402963250144492,6.407475092426443,0.8062870326268775,0.8237771126456243,-0.002153244708202287,0.49331967640552976,0.9200811700737253,0.07991882992627475,0.15326054976899395,0.1837783719430425,0.16544464785340599,0.1769015920083392,0.17789994918380575,0.14433728168953358,0.19139361762517818,0.11446981149621084,0.14006951587582075,0.16650450933382505,0.180256805925066,0.14269868063209584,0.17405766324368657,0.1230111373055408,0.17173964746091538,0.15169717305204589,0.18543510530025387,0.1425042219054339,0.14968915279775077,0.13940592744962846,0.14345936182963062,0.19183856633293872,0.14045598243076762,0.15735855800037316,0.1425089780213884,0.15731558644781096,0.16306281687627885,0.17135443192203056,0.15484883460028287,0.1281133583272467
80000222,batchB,batch2,34,1,Female,81.29560391632398,2.500557266419875,7.342402671400506,2.4932986196850817,1.184352460520442,-0.17231624130641301,0.8757450003027906,0.1356706664670811,0.864329333532919,0.0722866547021395,0.12946214217497698,0.10343066260334885,0.16585562169871695,0.09176801942551555,0.10756345937800853,0.11648233436776083,0.0720896376995618,0.08120841452120273,0.08529036245503395,0.0917547398095671,0.08729548776095128,0.12454333885736386,0.05844170333096523,0.09134802351341861,0.08382968604063422,0.09822380961855892,0.06416338384435628,0.09773373765275524,0.06327592776844491,0.10867169553575694,0.06436425501451908,0.10257972971317723,0.11024776722855927,0.09813632718236619,0.0905466592703994,0.07990216208228212,0.13006322373845877,0.05263490507866036,0.1422679256952787
80000223,batchA,batch3,34,1,Male,83.90778808519222,5.104599963883382,7.110755598084242,1.7656561315722956,1.0185386883468994,-0.024940752686265735,0.4735525385687008,0.12265490059383251,0.8773450994061675,0.10175870366731914,0.07412398839492673,0.08573190076092083,0.12468183927183196,0.12435062782598172,0.06592447019495937,0.07723595188527937,0.09845525110914782,0.13863603872414396,0.10236287693762704,0.09671769493724527,0.11044311056881624,0.11844005617174783,0.12506468732539894,0.10229894125712352,0.0929291625531107,0.0666421305444281,0.09487134451370946,0.13141254420172838,0.0384943484223677,0.1214435726534693,0.09280387039435961,0.11365508976568715,0.10351591774556415,0.08880329714320179,0.09275591187785652,0.10587346375210407,0.06794731013752525,0.08902938564462914,0.16143275700847257
80000224,batchB,batch4,33,0,Male,82.15096183903694,3.930740031365618,6.961898409650987,0.7633694288008571,0.6937768170243429,-0.17221781659531873,0.23693545303239608,0.0565988681328049,0.9434011318671951,0.03173636109702479,0.08461814323923414,0.07056291598323026,0.06226304578589102,0.09895354539799679,0.14197403580752424,0.07508496027500025,0.07588055578556445,0.0402326211272126,0.032931733729227614,0.07186371634710564,0.02539322028604077,0.02199031481700944,0.09033236216498117,0.03310931299863769,0.09194291407220628,0.12146834009925402,0.08737261753216514,0.02919974676685205,0.16032942541503895,0.07817637812956482,0.07512703746015037,0.06970917485178013,0.0520278157077808,0.04226655366174815,0.034984260769877554,0.06643202466879818,0.08986128808108906,0.04508008879053952,0.15208394142009962
80000225,batchA,batch1,33,0,Male,95.09665812059902,5.2060486480151615,7.355466230116599,0.6673748551496547,0.8906300618682275,-0.050924079922559415,0.6228534420195454,0.15556150361735052,0.8444384963826495,0.10220389738338147,0.085898652307216,0.09414517938096904,0.07402502635836192,0.08958038837540763,0.11620636718293348,0.11243047081333052,0.16740069635472993,0.12737983739785755,0.05918959232685145,0.09167989971964843,0.12488094839852311,0.08889077318587726,0.08420638457067922,0.06786050369412806,0.06601170322418592,0.11020859226209682,0.0946246010558889,0.04893755064329318,0.11804339832204055,0.12187370572141272,0.08718899240658014,0.09210578157381012,0.1282650439557286,0.08628923891161007,0.0559803273652164,0.11041118363042919,0.12083102784046545,0.09574085919060786,0.12557292385649424
80000226,batchB,batch2,34,1,Female,89.89886877999068,9.30525179124305,8.350619921962155,1.5165202099711754,1.148055086328764,-0.051528691217384105,0.3903423563508059,0.8899782806162625,0.1100217193837375,0.1507680537843767,0.12910972509914376,0.1440103853829949,0.19108932859214348,0.16358651773704186,0.17062010722905793,0.1849687514072546,0.15122939517197284,0.1664231886073708,0.18047904693088607,0.12033555836388576,0.12333512699651063,0.14787289785310015,0.11100246860443817,0.12694249096928076,0.16857733018791696,0.17538187819659684,0.1582233807572747,0.1582358283359257,0.14878247151754656,0.14192192209326582,0.18467994527847376,0.1873525737829171,0.1571346466553171,0.12771430467610606,0.14204082697070686,0.16008133294674237,0.15705921442419973,0.18123954212121582,0.07284446714176228
80000227,batchA,batch3,33,0,Male,91.50061488149198,5.270075496215506,6.9277746815959755,0.6884635136610204,1.0512696597478874,-0.029854143685490706,0.7110829764452617,0.8860616248257583,0.11393837517424166,0.12774020569638014,0.14034345496283596,0.14569150455530422,0.19633183518304997,0.14938218792125552,0.14611193193894803,0.13030520095495374,0.14625942055731453,0.14869806930317594,0.1588806060763294,0.13799099675744592,0.13060704465145065,0.13006935301850397,0.17778068107261713,0.18180892146796854,0.17821357279779435,0.14649214092494686,0.17680430808322192,0.17311839306061305,0.1646913051917145,0.14814942672285503,0.16470571851490826,0.12819692243438252,0.1743216331862804,0.11310923935530161,0.1483200002247426,0.1520947742281885,0.14723773619065564,0.17483120420867726,0.06423023348024418
80000228,batchB,batch4,33,0,Male,81.180875806149,4.689256791958405,6.758190018030937,0.717963867412423,0.8838528123394699,-0.09928725617982101,0.41699904124299053,0.12479847751231218,0.8752015224876878,0.07519652679697676,0.05546016135762702,0.11889761797565933,0.09615385381262663,0.10012712069193792,0.07106182277644454,0.0968741859170254,0.08115043143046868,0.05843973144246088,0.10145419726947573,0.09391358486198663,0.05496165075342994,0.12226679362329157,0.11538683897618636,0.033208460376802966,0.10492162613213396,0.07049888442673634,0.10017143423990302,0.13487693848898574,0.0900715977704013,0.10804862338420546,0.07538045803131223,0.06261378715107023,0.10174114270579573,0.10378734243695853,0.08506329527462522,0.1555299607232176,0.09822268535140857,0.06467139667054722,0.17275475304329235
80000229,batchA,batch1,33,0,Female,90.16322307896549,7.7337008713465565,8.290139784311876,0.5655465455965378,0.7737103458375654,-0.015430430373991354,0.5121481018758037,0.8848640525248388,0.1151359474751612,0.13955552437713709,0.17335592125560173,0.16455766897050908,0.15779389815765327,0.12726233399886255,0.15100200465478444,0.16095227255892944,0.14954546456405213,0.14402778948371106,0.10656517254928063,0.21690381495581726,0.13324315840283593,0.1623821926053333,0.12968254193133408,0.16007173449108172,0.16255178425618608,0.14607278199139764,0.14941204118817714,0.1377974740367146,0.21691001509934107,0.17522857102374242,0.1563132649474388,0.14014068380058517,0.17232036705457549,0.17261845204667414,0.13009604335940142,0.11785809857867013,0.1398606122292629,0.13882864623868243,0.05677822412908936
80000230,batchB,batch2,33,0,Male,90.66998393798372,4.215365785658939,7.092342669252479,0.7039615735244356,0.8739277477155566,-0.01108262745243331,0.3922061785533068,0.8585100298979149,0.14148997010208508,0.17911707830628024,0.15535358436737562,0.17734191039298935,0.13667528827714678,0.1327967603554096,0.12363115277189726,0.19392357007865044,0.15869538771728453,0.15348282809898198,0.1549585326650131,0.13927262481641015,0.14077618983175408,0.16210356105542556,0.17878974892617117,0.16164686924161484,0.15654411444405172,0.17059837437372097,0.14893791941437567,0.18696185854176894,0.1970026469696949,0.10754253763553251,0.15685067256062676,0.1897843614942048,0.09611800805030406,0.1446349979766693,0.16101187465407243,0.18060589703597948,0.13080463767081968,0.15219136926392643,0.12684648903262913
80000231,batchA,batch3,33,0,Female,83.68232467210332,8.610973033375418,6.591752965407267,0.5942870340872095,0.8512104520480196,-0.04346253975833871,0.5009116228478913,0.056031746297550256,0.9439682537024497,0.10353931997965,0.07482844680587343,0.03325098925188956,0.08660873599725871,0.10099206625420998,0.07526646415103844,0.04586164127963143,0.06829674568805337,0.09245466876645304,0.07436088396768827,0.07757900595178199,0.12313688667253232,0.09104666603167907,0.13847608729133873,0.050854057525726526,0.04661946143871633,0.09863185507319093,0.11195213340551881,0.09735325799124082,0.14783268964317384,0.12472314409928366,0.11486776773834557,0.06453867203935465,0.06230571009023633,0.11624543762795463,0.07732155158673829,0.10685515897355753,0.07732051914719758,0.04324773638234321,0.19095776914555493
80000232,batchB,batch4,33,0,Female,92.50633714749473,7.192975146659538,7.933546246840411,0.7504606945829857,0.7201053450247121,-0.07585184051870228,0.44038743927448953,0.8679022513011001,0.1320977486988999,0.18202034688854113,0.16463768440390025,0.17480214734172567,0.17495434252907885,0.12362862666732306,0.1295858310611238,0.1270560939485264,0.13727699678757518,0.16585652239457754,0.12564855572636374,0.16545136498707355,0.1466149677283314,0.21803594136557855,0.11351596554204706,0.14095822948457515,0.14577607971115755,0.17498636710410181,0.1695135294553439,0.12051904003767182,0.10800829866009941,0.1387422306437542,0.15849615634400713,0.14105856863843716,0.14965756952820858,0.11428624503004155,0.1580658451222755,0.15432641029816682,0.138989057426622,0.18395021709831658,0.07816093332729442
80000233,batchA,batch1,44,1,Female,93.3880506965048,5.14133982146055,5.618566129964665,2.1665750939750987,1.0525732888122397,-0.07559514864395345,0.6619564723857351,0.8125926167787073,0.1874073832212927,0.11879694082455779,0.17286144043784307,0.14682791717166097,0.22834505040234085,0.13320785145184513,0.1596237997031161,0.1321699002902022,0.16434662213993498,0.11814036616960953,0.14820071145941938,0.13343831912350876,0.20459294450659526,0.1691960993849889,0.16282227816601347,0.17245493275276938,0.13086634709295505,0.13974065778918962,0.10500565925325878,0.15233646786095212,0.135740783107714,0.11417726064433995,0.09834627631672004,0.15786308374467842,0.1661006771892448,0.1427766422974464,0.2034652135837066,0.18524412379830146,0.16359749057600403,0.21930439883357178,0.08425174038218355
80000234,batchB,batch2,34,1,Female,92.10498228424713,5.529631471131424,7.0624114968780285,0.8246357593663534,0.3831478856682703,-0.12415943117371622,0.10082628082588166,0.517378459139628,0.482621540860372,0.027734258906440355,0.17198125381194992,0.14082204540645515,0.08496021755575335,0.18608828656195198,0.12652513193564857,0.13241624623858897,0.09660549919678872,0.08214474141242442,0.21504528653100966,0.12333336618100622,0.06846179524407855,0.07982425720330102,0.13104726365107433,0.23200654831646594,0.11684614748787035,0.06924603202006038,0.126623003727941,0.0993545254072045,0.2189438658354045,0.17826510534278883,0.08980938457777192,0.06599551910952015,0.0860798796478116,0.14059416964171567,0.19341539405571093,0.11474581699283437,0.18946398668089512,0.10492854058342037,0.09789622815204448
80000235,batchA,batch3,33,0,Female,88.60678746932795,11.246029942177978,6.388558531802637,0.6195749862691896,0.8905322140608043,-0.043100198817198836,0.43956991055022027,0.7725423208499773,0.22745767915002268,0.13959262378842502,0.19312596583607664,0.10051759526636253,0.2065935775791813,0.09938819007502805,0.16037871481906815,0.15622249594143361,0.1095826512645665,0.11636992475373993,0.10756768918669368,0.11216708885344608,0.13835278783491473,0.180644170305918,0.1786103148157543,0.1218700626901521,0.1766007635110999,0.12683546082196862,0.16947361502394076,0.15562115115451633,0.14032649259349242,0.15056381493575696,0.08398284177893357,0.16585633825626053,0.10825436634733202,0.18183508473579316,0.1514995562612711,0.11235503343730464,0.1659039575385695,0.1425612495493807,0.1163801432550868
80000236,batchB,batch4,34,1,Female,80.52785865513009,8.126126457493509,7.0114669193325145,1.798664895630583,0.8683105915959675,-0.04373211826858756,0.48978088720025337,0.8660032452138009,0.1339967547861991,0.1529533847191248,0.11913720500203784,0.08786940420766794,0.2344316157135663,0.16872874761297482,0.18838197030090995,0.12276646646450927,0.17039546742680625,0.13006041828992065,0.1704203104739362,0.2385486462875195,0.18029609675557084,0.1754987837339199,0.15840386411226048,0.14828249923756456,0.12730970766999675,0.1620218610368579,0.12382944417773183,0.201706259177545,0.11776296356223102,0.19177894659914752,0.19364276924990992,0.13236984647060293,0.11695669659302893,0.17424568212482028,0.12134179180567525,0.12246773120897224,0.14210574864280054,0.15426270724539867,0.08510569756663702
80000237,batchA,batch1,33,0,Female,84.81581227914258,1.274311802646599,6.384120873482788,0.6680812869624982,0.9847725081686887,-0.07508910774029591,0.9419692622366437,0.1735827236309701,0.8264172763690298,0.09902780181383602,0.09602781090815019,0.08726575056492139,0.10597315765191624,0.08027766797418286,0.11190131428984916,0.08696477388337086,0.10452684896945667,0.1245330423060101,0.07108211665876905,0.11389256871978237,0.0974784464402618,0.11914181139426305,0.059115199402508506,0.0840348498674362,0.09923101021041156,0.14671195298115466,0.08951150774994593,0.11209673282786413,0.15216294399048813,0.07277027182922262,0.10112183358924548,0.09434405548569189,0.11054434699291944,0.10992907151350002,0.09277427323364323,0.10585684420955314,0.07737505565172893,0.10439493604525714,0.16603469921482855
80000238,batchB,batch2,34,1,Male,84.04091088269658,4.3409739392130255,7.166505600723897,2.3433654387301104,1.142449633434255,-0.1896161903143343,0.7709090438931951,0.8729596102508858,0.12704038974911425,0.14988910879659273,0.15982489837628833,0.15882593760946898,0.20485702526351204,0.14425204650984214,0.1578105013497615,0.12812613953522514,0.1610985350631307,0.15342088245154367,0.13785623678679457,0.1824983558257334,0.13303240401825117,0.1625810313685217,0.1633642617507433,0.13328367461927743,0.13873493243082882,0.16654242711003492,0.17373243113283884,0.1614282229002055,0.16643157533813507,0.14495355178797684,0.17882817894314476,0.12309123324003024,0.15936730136955826,0.17795607070318056,0.1749028568723151,0.1059154191191377,0.17231270605684593,0.14454755743327488,0.08161460458241368
80000239,batchA,batch3,34,1,Male,98.37047485043439,2.8766953955045356,8.008349502140188,1.6646269900939141,1.0165525067984296,-0.015850645980163544,0.3757255429388224,0.9083705827370151,0.0916294172629849,0.10827012234842308,0.13203558834083606,0.1494917065137682,0.1862707969313766,0.1740162937741934,0.16959666718620292,0.1328361467737581,0.17424154432106886,0.14053064100672752,0.16140675070380955,0.13117809193002258,0.1740750612557222,0.14382286164686484,0.21186059530093793,0.14579920011523068,0.12895966548315502,0.14515477448422157,0.13788707164247413,0.10430215326557417,0.21606873764945964,0.18108401174218638,0.1696936049346613,0.15622014766203765,0.13133123828905194,0.11380311916740568,0.16099741397997144,0.16461518389676907,0.1540446354006174,0.23607460696533075,0.03525298178775302
80000240,batchB,batch4,34,1,Male,83.68155898333504,7.621361373020423,7.1941964125709195,2.718220953943318,1.2309339790283884,-0.08406916602614176,0.9192544009173806,0.9228534326432947,0.07714656735670533,0.17246774755273325,0.13150674031715764,0.16213754487361037,0.2457604031086293,0.18680922653511914,0.14222969806949218,0.14573226430196956,0.15315627945146443,0.17858664638409422,0.1553132551259854,0.13785836223934397,0.14955152977080854,0.14192708505320756,0.17318688589226594,0.15297101119156672,0.13963084924441418,0.14766719446933066,0.1817708709666565,0.16817211194372358,0.1575226960631198,0.16221143010843303,0.16271043055831624,0.15273537714917543,0.17090836069169593,0.12780769773899,0.1837150183604592,0.1792640432512137,0.19445021835637435,0.15622944099036756,0.08250615505583223
80000241,batchA,batch1,33,0,Female,95.05974476094502,4.90245126733355,6.899803167497079,0.6451944839399505,0.7828838047077762,-0.08058850489764324,0.5557313517578231,0.19740024711955742,0.8025997528804426,0.1079393465513196,0.07451118677568623,0.11611644886314368,0.09141578091677448,0.10790183593655686,0.10144852278523171,0.12252789864624995,0.10744924374109117,0.08883014253890596,0.08028818610197971,0.09239125402160965,0.12668129752659787,0.09163150558483502,0.11333287219397963,0.11528283636031804,0.09473213458066686,0.09276576119020581,0.09764730432568026,0.06299478863845082,0.11081795111528488,0.0865621957612969,0.10447582205561642,0.08436764972060341,0.13794320030607007,0.13866878624942086,0.11523531974075907,0.04858014745982929,0.09572925284935783,0.12278107450337741,0.2136139752841069
80000242,batchB,batch2,23,0,Male,90.22652149701315,7.05507493195839,5.9251040788781575,0.8187415018403632,1.0915914068157129,-0.10614627129434062,0.7446685304924735,0.9227999393999579,0.07720006060004214,0.1467655533578031,0.13180604788098,0.18315410021818118,0.172773599992917,0.17450762931168806,0.1599516222563453,0.1969179714336141,0.14567112933692275,0.15781345071960504,0.11854924367367475,0.1061214824037428,0.16513221440301115,0.17154345063576873,0.16350152182579594,0.17167045264370684,0.18246280543495483,0.15771628311371738,0.1527406657445281,0.13865788399092718,0.16712184972991972,0.18590354520575444,0.17633544293486456,0.20856923524613255,0.161733881430894,0.15041348231434953,0.15655835333858872,0.17872962740138554,0.1714998065854476,0.14675469636497807,0.0934790808913084
80000243,batchA,batch3,33,0,Male,80.46115008745271,7.598038141723575,6.462487172662394,0.6576246976206763,0.8845857833160878,-0.08926668015812037,0.7985633767364779,0.1996049736918629,0.8003950263081371,0.08546073939210512,0.0968257631780009,0.11450902872734249,0.14575445324934322,0.09545040618973306,0.10826784645491788,0.1197237626541515,0.11061378888066567,0.12415911026040082,0.10644156570299837,0.11825829955598287,0.10263022502685065,0.08782242542395668,0.10062095531717655,0.0964512048302358,0.14254330515323183,0.07510663441735986,0.1197336280867967,0.09178776285210488,0.10766056600752971,0.09816893507230257,0.11645755379706518,0.09076215239629226,0.0861142098692367,0.07485894864307185,0.10445335217293028,0.11363580159188899,0.07899045888016369,0.09719035278751462,0.18263391886593638
80000244,batchB,batch4,33,0,Male,94.20202177045351,11.79055701429597,8.770191044312487,0.6653385750139661,0.9892509501258818,-0.10477209297641377,0.9398175172804282,0.8200790562682448,0.17992094373175516,0.1333238697570228,0.15310393079124784,0.16054260093914963,0.12471514783184803,0.1348084614885234,0.13225617004677787,0.15869751936791837,0.11693753945970703,0.14332810324760284,0.2023035791333861,0.1507520253835937,0.14488881183708519,0.14891133164037046,0.1638863560004958,0.17427478406638564,0.14516363870810656,0.17102127707870643,0.15148213200017363,0.14136388421167048,0.16894208559510224,0.13499094912458934,0.14459398104132337,0.134817739759062,0.13459731553058962,0.16376930020297562,0.1362041236557866,0.17109599655513946,0.14471547779840896,0.18235647053139595,0.12159803129733196
80000245,batchA,batch1,33,0,Male,78.75562404280647,5.265190320801427,6.936428414317367,0.7283836282044169,0.9025663382863294,-0.06525354769545856,0.5507658504378521,0.8459093986020092,0.1540906013979908,0.17594150097536068,0.1267235286426842,0.14420565157727858,0.18134528071803752,0.14816608362871694,0.15557013899955488,0.13180449998374408,0.1297087046444387,0.14321725558688406,0.14987787095855137,0.16471400905618258,0.19458470025465355,0.12943890502006572,0.11884807501942089,0.11669103958001428,0.1583787539476184,0.1650017889834779,0.13766459100919676,0.1566395965995117,0.18053389981681434,0.14786880683131884,0.1457145793965493,0.12582418572277188,0.16348517126460255,0.13559045059612396,0.1699377511978321,0.14722568471521014,0.14977850592640723,0.11209022746862778,0.12257582655670768
80000246,batchB,batch2,44,1,Male,76.69482929444112,6.862181876127993,6.842360119130997,2.692202606466682,1.0652245509805953,-0.07275215575581168,0.8959836748577648,0.15435825762605887,0.8456417423739411,0.13410291771741126,0.09097767615083176,0.08693136167841245,0.16224233886572442,0.10000050760948766,0.08358966871311548,0.08877793064993428,0.10820283369302847,0.12753815781238395,0.08516991225442293,0.10547256256501034,0.08305435061929169,0.0700112505323493,0.11848823055448594,0.08849907254739967,0.10090194337918963,0.05641020728120654,0.12312935225450038,0.10752336260895462,0.0787272817357144,0.11546279394036957,0.10645541176119658,0.10978741815626857,0.0817655855067124,0.06922984095766439,0.08478967095844844,0.1198609106628992,0.11707246482642213,0.08960319402638292,0.16616836619167835
80000247,batchA,batch3,33,0,Male,87.44982688220261,6.995996956938024,7.630087975289078,0.6160117630905987,0.5370324445425767,-0.07756906796653151,0.25899866423987955,0.14184232554308462,0.8581576744569154,0.04031201490696051,0.12468187290171709,0.09883335648733611,0.08393785185570245,0.0980731417187402,0.12384241689963675,0.09475817757717296,0.11016088251872179,0.057378551557535115,0.08270085778788916,0.14650860521077513,0.13556366697312697,0.06042397224532865,0.05500852316945109,0.05490599042411455,0.11475585438339314,0.027582316626369723,0.0862098617573866,0.12448308521444103,0.06345827529413375,0.07732474540115772,0.03838895133206191,0.07236589379889258,0.14597498035288353,0.08789485980439998,0.07014281325109381,0.08161602753180545,0.10674272924573568,0.0801986811991981,0.14627506204564533
80000248,batchB,batch4,34,1,Male,90.7023075772341,3.6919893772116676,7.280647930993309,2.5399479581188205,1.110765842958324,-0.09296486752239376,0.814391234308787,0.1931262648358319,0.8068737351641682,0.12587564386913172,0.09186912527753131,0.10330558354818098,0.12517274881699478,0.13453000482701213,0.0845008081653526,0.08709331839981514,0.11638583201912515,0.14692266343948246,0.09579158600410458,0.15186768928177097,0.0947472679467592,0.0627220175207973,0.08082510720781987,0.11147107384500109,0.12031926513636249,0.10211680099492734,0.14195330913705673,0.11820597568708739,0.09326052986345897,0.11306911360910503,0.07746906718301926,0.10019298598366916,0.08242648682010337,0.1294853888306876,0.08595811067382987,0.0773169687302535,0.09846320587280138,0.08182899554237703,0.15302686361288903
80000249,batchA,batch1,33,0,Female,87.58460731752858,9.133424920728475,7.064501823809859,0.7186349864305315,1.0182742756689762,-0.08240960291940146,0.6316705176070146,0.8792133718352552,0.12078662816474484,0.15882927288841922,0.1318796268065424,0.17715237754154514,0.1442733077609905,0.16170862198714175,0.13769028427212524,0.14684407106877032,0.16440867225883946,0.15549573615487824,0.15150314657268277,0.1216936306545401,0.13332894527132724,0.13620208784822754,0.1374353001396138,0.17978138614660433,0.1037234613002987,0.20661771068293847,0.13363958120057914,0.19346523608438349,0.13081197183051227,0.16181025397405457,0.12992485549961716,0.18270430417307415,0.17469197055727817,0.18094270180293812,0.14236110076965955,0.13420415385068876,0.17971938255877587,0.15036764491193672,0.08744944473789842
80000250,batchB,batch2,23,0,Female,91.67970794030465,6.197424355878202,8.475378899435883,0.7812415580767853,0.9158172849904641,-0.11281471331662349,0.5921499078848715,0.20729534341360395,0.792704656586396,0.12691342337598488,0.1095180410523271,0.06681675611963928,0.12109385656363479,0.13609078639600283,0.10555927652887695,0.06130042036055768,0.10399054354403438,0.08668610297591503,0.1025292210848884,0.1196123414610552,0.07267916137524745,0.14276185519590479,0.09353924321242037,0.10608471720499872,0.08915116231501244,0.11960438714950222,0.1427446118214403,0.0820708536783642,0.11563715312379347,0.08507402264159857,0.1188971844090585,0.10190161075458966,0.12511762369909957,0.10827717320018881,0.16107081889636765,0.08934684868868617,0.07080496648695274,0.08743863426211783,0.13571575715320722
80000251,batchA,batch3,34,1,Male,88.70376876675881,7.948146226662681,6.645472663995381,1.3750746922314299,0.8599830761024894,-0.12080756820463392,0.35790641750646457,0.18534274811502502,0.814657251884975,0.11892578902378075,0.0805128933865758,0.12257230995618405,0.0961058343405746,0.07709189825525258,0.15576366969962957,0.07253637333776612,0.0861603837063933,0.08508648246462186,0.14061255629870129,0.11713478366796914,0.08060648693934855,0.08986956752545158,0.0837580102235621,0.07413891426844785,0.1313696624612037,0.08398413603163869,0.10733906909984743,0.08131098916445689,0.15564355598391894,0.08946920560881474,0.09909479098335938,0.0751856797723836,0.13828622582210962,0.11257850989439444,0.1276286129239289,0.11875642936974122,0.13189300421514571,0.07936994986219555,0.14226452915992172
80000252,batchB,batch4,33,0,Female,85.04434002858184,5.494161372187204,6.45913889434871,0.6867920764517708,1.1424877425310653,-0.07834891813490576,0.8984701873045786,0.9612761871096871,0.0387238128903129,0.16745148613127625,0.1516363236894757,0.17550971182996233,0.14047517017428057,0.14842194355904348,0.15349910124592228,0.17030397377863712,0.1450408294473895,0.16771925920270628,0.13114325276086056,0.15610252434613997,0.1861815894431743,0.19601507912548666,0.1791407746236107,0.12696822135390212,0.15423973287994155,0.15669914211065195,0.1761639963045824,0.1595545408256255,0.1386517940352502,0.179508400939798,0.19259070934108805,0.17267054765924958,0.14426604212178024,0.19853844425455194,0.17462135924551062,0.17091260369540157,0.19145566922418528,0.17523300617821075,0.07832373090111898
80000253,batchA,batch1,33,0,Male,87.53885966556926,8.829575387315456,6.58092773677589,0.7723440601151796,1.00855165053101,-0.13959682867072118,0.6693849751907283,0.9192039681485566,0.08079603185144335,0.1956984655643625,0.14416633529708045,0.1790178117399065,0.17377550411715983,0.1266405085286512,0.12710330678767254,0.16103773980242536,0.12116078462948916,0.15854341856867082,0.12987440480951748,0.14300707363225773,0.14261553336276378,0.16393235296239272,0.1545140740976821,0.123734027230159,0.15909524196247066,0.15121860746780932,0.15550197171597263,0.1280040031305759,0.1385857745923936,0.18175004333089034,0.1597334495806774,0.1111206783099384,0.15863229868076534,0.17300253778310842,0.18425250661221257,0.17447311305818924,0.2205797711185927,0.15257119222561993,0.0797231066063753
80000254,batchB,batch2,33,0,Female,90.08110292537118,7.762936941747032,7.051170048441464,0.8286986683913211,0.742815597708193,-0.03695377307969189,0.5975721432449334,0.10233849591080796,0.897661504089192,0.10716573380862017,0.08205299639371923,0.11057319006786832,0.13008605678594157,0.12480419720892624,0.07359232672044126,0.08303105961075291,0.08766882250901534,0.13122341379870184,0.0731759649778505,0.11524638480565678,0.09931689481690872,0.040390338421036426,0.0812301052093777,0.06509432951823026,0.0804366257579237,0.04114440045517775,0.13337963452037324,0.07824890876451328,0.08066664853548748,0.1299083681457864,0.05862750007897371,0.10036361283460758,0.07092895379175494,0.048857542051220955,0.10371643628582922,0.12134147146601254,0.08621839229407298,0.10789684133388072,0.1382495103040909
80000255,batchA,batch3,34,1,Male,82.78956485662805,3.9477790354270375,7.379838840414454,1.7465623214894208,1.0177950827274824,-0.07323007102242417,0.4848986365026527,0.9047758864799352,0.09522411352006477,0.14679213455198986,0.16070707262879566,0.15479048553071686,0.17543068995733005,0.16264599846318184,0.13848878442260837,0.19182631029553254,0.12352340915974079,0.1518388098392913,0.17929793478614656,0.14144303813697953,0.1621141668786105,0.24549520751099374,0.17702464916564573,0.16355831415670885,0.17307598229176566,0.16501977022888772,0.13073532336876187,0.1612641091957552,0.21344938314768133,0.18577207676546365,0.14493016273520817,0.14785872139573872,0.21613955024061937,0.15180815019827065,0.1419069411167327,0.131421624877285,0.15683481888005166,0.14036435689296017,0.09014681620818203
80000256,batchB,batch4,34,1,Female,83.04788185502503,6.911580313614199,6.364304140661871,0.5246134191086155,0.7435640282450433,-0.07341578716464747,0.025475014984255213,0.5655759129925287,0.43442408700747126,0.06702262665708893,0.10588889880905623,0.018373344029266266,0.0560464150892127,0.2203592773095193,0.14331511982046521,0.11129830996974331,0.07246638100618046,0.16376867975281098,0.09737068516784603,0.10936866376744296,0.08113648854473282,0.0995607945676858,0.11913813896695503,0.12276553733766395,0.13253045825926085,0.15205615848421855,0.22404289847424935,0.07165078178343445,0.07894461638713615,0.11933896532897328,0.06437360066225521,0.16594633783013762,0.1144562316187357,0.060542356014178976,0.0689098530745952,0.1291723808861048,0.03899319888255124,0.031862280275725297,0.03759408977293545
80000257,batchA,batch1,34,1,Female,83.87256722521647,7.013570478374965,9.010279341302317,2.414572174667304,0.9830690584066641,-0.13626573299323663,0.8178459332491318,0.1480537941285969,0.8519462058714031,0.08463760481565553,0.12920475607393156,0.11104820078093312,0.1584242052455476,0.09481940329236833,0.07762436787658204,0.06221018910153172,0.09647362900787679,0.0830554225087974,0.10543899027504046,0.14208978069291747,0.10398461148972502,0.10397599604370003,0.11785801213482726,0.07100282798686412,0.10820901856544461,0.07717086802578497,0.11730119524538538,0.10389101236370908,0.07276087677609407,0.10429034912935053,0.04566653240872992,0.06851526427012371,0.07218413922458244,0.06697047173643483,0.11899726055326511,0.10627016463757044,0.09948245170618587,0.0793048868990844,0.167517796809702
80000258,batchB,batch2,34,1,Male,94.970800019432,8.62610259239174,6.195051455640472,1.0475014622728578,0.8951846120149766,-0.1008038852071988,0.1995115954033789,0.8444884817780284,0.15551151822197162,0.1405331362691692,0.07314894213376313,0.09099593700331343,0.10909913028538548,0.11219987028011233,0.14946494624581755,0.18539180431218077,0.15641701495673252,0.1473999304437276,0.07927971478681099,0.06415287345849914,0.19211120453137395,0.12182667446813301,0.15027017299154763,0.1548736880212531,0.2244721844400213,0.20631742250012736,0.2347542318996612,0.16186945041595868,0.19741304203751492,0.0985913365786987,0.22562720974362696,0.16886505612466635,0.12720578838800706,0.17349515145417416,0.18599277086359026,0.15807270041632152,0.054558923898220237,0.1889059208802421,0.08429721895735694
80000259,batchA,batch3,34,1,Female,84.80646550998561,6.191836338306558,7.508080332260651,2.570239688408869,0.8137510582782146,-0.08580817040730405,0.8579787228067225,0.824672014753795,0.17532798524620496,0.15278542073559337,0.19647508828301663,0.14536954894811535,0.23486956240610718,0.1651600538234936,0.159835932801581,0.1169499018492773,0.15091936514825957,0.16185621520755797,0.13808482728752064,0.11964940100128556,0.16232903937186918,0.168814478863794,0.1495265866217881,0.1422111425696633,0.18112934920803148,0.16959649147449693,0.1323121699776379,0.15525280540069197,0.13434167829585547,0.14598011835777264,0.1772710878323715,0.17746291890855861,0.14161191974184217,0.16398723473208393,0.13272651996272541,0.1953247733302447,0.11952578973582051,0.1453266440100036,0.11029123254126914
80000260,batchB,batch4,33,0,Female,100.8641138909968,1.215470483316805,5.577632436547536,0.773483811113801,0.9311366736399077,-0.030789690829712446,0.8111033351261931,0.8915563153353295,0.10844368466467047,0.1534230737469323,0.15723814168523229,0.17360935103342673,0.14503129460651099,0.19345954691109468,0.19822100348351987,0.14911037998591078,0.12894080204165692,0.15239521289787378,0.13500865112536745,0.14403191675972132,0.1553042243113416,0.12326842607693352,0.16307856766524192,0.11340668940026132,0.15086444440543026,0.13821779858350078,0.10843300566934518,0.17282602497300772,0.17646879218922357,0.17385065280092343,0.1348845054459776,0.16103813896991337,0.1774063961985882,0.15901584650040523,0.1571359123591778,0.18973252999474502,0.18776201008859214,0.1440412142808502,0.07695798010852267
80000261,batchA,batch1,34,1,Male,87.26422731258343,3.5945508465528215,7.947103528997024,2.202788358539557,1.212067527932219,-0.11170748626305219,0.6305516079915104,0.8159735494306256,0.1840264505693744,0.17275364601982596,0.1394061721415024,0.17058677164536543,0.22819655434939906,0.15735518284756414,0.1770461950865775,0.15447450047344113,0.1668737610437917,0.19478303848405681,0.16664410073296468,0.13737390598184848,0.15262865589523003,0.13142100664337605,0.15374509601962585,0.14029238042072892,0.15615365874903606,0.1672226337983952,0.1306922341600642,0.14800775674003902,0.1253177985417531,0.1317616885771698,0.15163460906437665,0.13864407770065523,0.18214557320172986,0.11011887767407832,0.18821104729397764,0.1666983369201355,0.16122841866099183,0.16494666166250474,0.11461045656009544
80000262,batchB,batch2,33,0,Female,91.22844322136247,1.914587452619295,6.998925357991563,0.516729721078955,0.45188862215098563,-0.027503108939856538,0.16237196249513494,0.8504625459607879,0.14953745403921215,0.07839047055964968,0.11599850273217216,0.21337928253310912,0.17303142116423578,0.08114347657209185,0.11862432491351577,0.16866682457626156,0.06750581278593987,0.19862609566344974,0.13496711324510094,0.10701861497230092,0.1862360823101345,0.12375774148697224,0.12402884551912552,0.11020351160050751,0.152843980448852,0.23175345021774282,0.16973217307686447,0.18186049489250944,0.1559903093260221,0.13178599874489727,0.11025751311206529,0.1169272041355882,0.12704639809437768,0.17193943654866722,0.24087828486970395,0.06430479683949701,0.17366264910720772,0.1336566000973125,0.07336339657490511
80000263,batchA,batch3,33,0,Female,94.81800821507457,6.935406110624598,8.275518013241278,0.8091075574199966,0.48550231674931743,-0.02565445511829951,0.12948843116775755,0.15758064577165715,0.8424193542283429,0.10035382671520435,0.06607545242779607,0.06204424399472244,0.18253304380545127,0.05355618468133756,0.08478072659607318,0.11783555747639847,0.13413899818280373,0.10464856882236914,0.09346481985325586,0.0903564062280533,0.07900842752316264,0.04333072077876246,0.1265949171360731,0.06703419584922424,0.037138962853220756,0.04663701088671473,0.09978870392678811,0.12354909713874593,0.09799423259350123,0.08321885931959971,0.08723066754449146,0.05473180986336518,0.14086969222567067,0.04728065578551917,0.1060861065654683,0.13656359273316387,0.10153718941505997,0.11929849147980734,0.10711732609215817
80000264,batchB,batch4,34,1,Female,101.17186731571272,2.8608566499561805,8.538954437424627,1.84336764214148,1.1782431335200945,-0.09679711788209851,0.5658841135003566,0.855408882039923,0.14459111796007695,0.10747747477156591,0.1220724992965653,0.15732739896161127,0.18499726595009408,0.1627895808453292,0.15206617623594826,0.14175934333087137,0.17665651102002536,0.1297929496122247,0.11900379749579686,0.14471251870356108,0.15153722175683929,0.12917236478833224,0.1850550573763556,0.16286309875311855,0.18100202978772906,0.12486952919032401,0.16138263092280375,0.17462927199544825,0.14049510386243147,0.10831732725969177,0.18759014101823648,0.1461027243009847,0.14151143176983721,0.16581876317859712,0.15247439510510957,0.19390689617568801,0.18198661834415727,0.10551009563746307,0.13226990614543105
80000265,batchA,batch1,44,1,Female,86.08487979006689,10.978272791280181,6.843211778390644,1.9240106030530688,0.9472822933844013,-0.07967296587614484,0.5551079070916743,0.06761532124331084,0.9323846787566892,0.1256574047054425,0.049319734057076264,0.05821304213283229,0.13424695373908604,0.11269763778769519,0.07811367404541569,0.04635258073662271,0.10716424521059825,0.16048409577012476,0.0838160744208515,0.08003219464096674,0.07748767965593356,0.1067736978091621,0.05770410741242654,0.0965811560109446,0.09053433662266978,0.11726880703762614,0.10000560856498387,0.07427649871842715,0.08539258840513149,0.050437177071851316,0.10141663092826006,0.06537520414249046,0.1354328365499415,0.11915254056310426,0.0972058467663973,0.06808297119839632,0.06471507810439595,0.07492835258257106,0.15896248455688194
80000266,batchB,batch2,34,1,Male,87.05151231678623,5.897002159587095,7.801028401650813,0.7398000040467085,0.6666601727794994,-0.006197170112518004,0.08148920590005189,0.5083186859363255,0.49168131406367455,0.12727300177552842,0.10869374580818922,0.11427820058831563,0.10001587147505585,0.1234167896170984,0.08718102541036966,0.17973061054667544,0.15250688533756326,0.12421251020558804,0.03772804419411258,0.03325075888617205,0.11450522768711663,0.06377064220130559,0.14388661404838923,0.01831350670137947,0.23141075358997104,0.05032957949587178,0.1731144583032837,0.0952122919482974,0.036035130810403077,0.09921923083279481,0.20018770336281308,0.09438684201946385,0.1929744955774773,0.11049508352555522,0.15108099489342997,0.07884414493186051,0.0688142946817142,0.052998602877171265,0.1234777194145252
80000267,batchA,batch3,44,1,Male,93.35401567813241,2.769353584269277,6.386866620916317,1.8575152371435888,1.0821470241759723,-0.03043779710531508,0.5084231079174063,0.9237164835649123,0.07628351643508768,0.12948273919858216,0.12796607816605532,0.20037125340517153,0.16203106717799787,0.14769133896876008,0.1643285807932744,0.2095885589081952,0.1882394372801819,0.16349310331635464,0.1406614124042002,0.15485556860308092,0.15072464193301333,0.171059692247941,0.17179725843023208,0.19250944265212447,0.11473619393023925,0.18591320618335763,0.13556422533317047,0.16904288678865098,0.1338598300207224,0.17784564150749438,0.09289841365437439,0.1462609208307971,0.17340747064732892,0.14243425250923508,0.12040367114225214,0.14317006703651963,0.17182607409465117,0.15424928461407503,0.108422270106243
80000268,batchB,batch4,33,0,Female,98.3154485526011,3.7560233508589143,8.378256547563574,0.6182025269356699,0.0,-0.04004878872321741,0.10802186658491929,0.5145524530119239,0.48544754698807613,0.08402612657394036,0.17027611323374772,0.06110495270846533,0.14243898885165768,0.2844211231070018,0.20737102990461062,0.06347944548066782,0.04653225838250665,0.061516676625383945,0.12424316687787137,0.046823872210470435,0.0288066742441121,0.12189198242387596,0.1893334427281878,0.10627189186697988,0.08102356037667938,0.17557617989609134,0.0631363651161559,0.10700786328746707,0.2245501223577724,0.07267960510844158,0.12813672425371733,0.021593960338497708,0.06326108629546628,0.07333525131933903,0.09838546379962475,0.07203370872786544,0.065400404829961,0.10964560485775292,0.058376427471295005
80000269,batchA,batch1,33,0,Male,85.25776797781324,5.099348040294824,7.0545688967734215,0.6370661911114788,0.6832856202598129,-0.06415175537619673,0.29800156831536995,0.15877442638483097,0.841225573615169,0.06209292089068061,0.08956142692549375,0.1196642918614965,0.08619277095024776,0.1086548192606432,0.12742114960738546,0.08808420445577157,0.09606409759044199,0.04696393664996034,0.07521837469073843,0.16806791783798994,0.10286482646843431,0.12903427517502683,0.07497939625041784,0.07071698972705223,0.06997312861368858,0.11630465840446748,0.08018443679832438,0.046274570830688706,0.08273844684141977,0.07136332206497639,0.11862259530197837,0.1525675536429502,0.04692927910166341,0.10400527844121443,0.1240304076694052,0.11062411963313315,0.07102494305357898,0.07723741696451718,0.1376023846084248
80000270,batchB,batch2,34,1,Female,93.56613801581892,9.42173255889343,7.915364629639354,2.0110940212938524,1.15095936781861,-0.10603206857151246,0.5712744235019919,0.8458121078816129,0.15418789211838713,0.14166625055954102,0.14454343235675626,0.1629388828972097,0.18149968159361984,0.17605493109153256,0.1669028115086102,0.15013836621091387,0.14822413605737825,0.1806872916662716,0.18744088598758166,0.1694899848923842,0.18498064224867627,0.139040679923404,0.1424301986223474,0.1510815332104453,0.13713057295118058,0.10861604355932995,0.1601679999648459,0.1467649059033949,0.1557413820537162,0.1443129909731734,0.15445896460350778,0.16667258452702377,0.18356709636402668,0.19968449653868264,0.15895190801044146,0.1463212739953332,0.12363047278016692,0.22585635135816665,0.12493657780297851
80000271,batchA,batch3,33,0,Female,81.99158826747959,3.8177411505072447,6.375031423124505,0.588671135868022,0.6491547652651322,-0.01409720533027554,0.08516143581041702,0.46767316013398025,0.5323268398660197,0.11255900052089415,0.03189235544981269,0.09929907469460929,0.03768516063993083,0.19628109095885637,0.08546704828481819,0.17825895248825346,0.11116664998159302,0.17947902685969283,0.021460132763308843,0.06146615751715181,0.1739390893946257,0.21245351700650233,0.09208523375469287,0.07468321658234722,0.04059860789173729,0.027642888822763258,0.025200029742227348,0.10374878349461915,0.10044701472039184,0.04788209156323924,0.06795680838382423,0.08650758510795618,0.01995532280253637,0.11398733686959166,0.12111451540223478,0.13538613186318552,0.12962478889376902,0.09545761647499278,0.19934418828321124
80000272,batchB,batch4,34,1,Female,84.70334961780216,3.7327406080929375,7.414246321896467,0.9867142687094693,0.6142338855164432,-0.09754724090023789,0.20979563600478074,0.2309196730391756,0.7690803269608244,0.07115374866706864,0.08861828002376036,0.11427237593286299,0.10062598606060182,0.14832066033958605,0.11458975981113444,0.09579184816654752,0.0668254320986971,0.15337335815841338,0.1737489723864516,0.026642567003795393,0.11105026242226271,0.16301200115691267,0.13241341919128274,0.048452105451309235,0.09333373937041596,0.0630162617446854,0.06783582023741716,0.10703583922706188,0.12649881754426784,0.08169897589760405,0.10296232916621902,0.12641168350517948,0.049262978908144496,0.0674299403022997,0.07306991783292272,0.08935793146694591,0.09413460032301373,0.1081317934789204,0.12679025321818463
80000273,batchA,batch1,34,1,Female,86.50998742853754,12.74135754977971,6.570018679283766,1.5588599497600055,0.9848276530495828,-0.054149356704811774,0.3752093878170485,0.16559744663203166,0.8344025533679683,0.15341526902807157,0.10604603091863711,0.10873130870308305,0.10122993545203271,0.05830659767184126,0.10288206858800285,0.12896168903885485,0.04540496290259903,0.08178676588066945,0.16135483841286188,0.08664142404425759,0.06788315232845912,0.12463898314067527,0.11893189561079928,0.11569563734692043,0.11132013174755143,0.05387178194946125,0.08209249994941481,0.0822855531751818,0.06743442680176029,0.06602521264875678,0.08622203096088299,0.073449118765311,0.08558285054233013,0.1146744990233992,0.10867676149335517,0.10103135612060934,0.10793412028519395,0.1176085139618111,0.1792852720851024
80000274,batchB,batch2,34,1,Female,87.71818130078894,6.184016488759526,8.28884750101118,2.0588256284602386,0.8845221343487865,-0.06397455534919272,0.6150896524129466,0.7624300144570954,0.23756998554290465,0.14909789485989722,0.0760212501630212,0.16047705396048162,0.15870546620052192,0.1707790426297918,0.14652148396835865,0.15369599252178773,0.14109314998551878,0.12429120520333184,0.17226285376057338,0.15709135028301047,0.15512137739967272,0.17352622664099504,0.12251903701904751,0.13126640334894163,0.1290528346249883,0.15514630388917366,0.15948688000739902,0.21268725179350326,0.14211609333423705,0.11848297607103951,0.12755053602803745,0.1517564823882103,0.15992277177451866,0.12549742850898649,0.15581959949157395,0.1050073069652813,0.1857641850532566,0.18647379860911073,0.13834156478695558
80000275,batchA,batch3,34,1,Male,77.9160346671118,5.8064028868832365,6.537742190340684,1.550939096625986,0.8835608692532838,-0.09709935573515009,0.4634411065342275,0.19893652325767025,0.8010634767423297,0.08262414382689952,0.1183631867250969,0.0736304723967525,0.16133194122582523,0.09408843308978075,0.07525325188041616,0.05806274386759419,0.18759311050066219,0.13507561541573215,0.06452882082257942,0.07705930669366126,0.10596070586902065,0.09795642245378111,0.0817662556331607,0.10894201513800711,0.08969419981139497,0.06605274947032505,0.16835821360859027,0.08109269390258883,0.10306879548005089,0.09314636100622395,0.10886033530441927,0.06569337080105402,0.023371432634636504,0.06564241198479932,0.12980122533229546,0.1198137321602419,0.08123348199194855,0.0880666543599016,0.22007289250233383
80000276,batchB,batch4,34,1,Female,98.70324200993794,4.886039717069401,5.348892951670329,0.946132151491955,0.3481943479434914,-0.06533033405839662,0.16675277791335694,0.8801777859064988,0.11982221409350124,0.09070579166206576,0.09345768579853311,0.21228836593692413,0.16873505442598924,0.18598322333369727,0.12452889145004595,0.10716091639968393,0.12367407060929562,0.17294821051988177,0.111093688247138,0.15050958948698215,0.16493837410698148,0.1426461946897749,0.1494839019190236,0.15060997376556665,0.11026432887486975,0.13043411951066716,0.10791015748304349,0.12835770803214763,0.17719522265879892,0.17661277725718658,0.15126417854250376,0.14097776143373386,0.16189307536525716,0.14925597180167907,0.12796347538353373,0.1389317853268063,0.09921271483466144,0.09506763426200171,0.1474958294677456
80000277,batchA,batch1,33,0,Female,80.60771159756804,8.020374991658613,5.863824919557174,0.7032384279251931,0.8732814901543836,-0.13596893158982926,0.4917581714949289,0.8320391258758429,0.16796087412415706,0.21272011844099217,0.09701882259361035,0.10993340566743245,0.11011394784288718,0.12578457055036993,0.1458276388028265,0.13900405532976287,0.19073796876979646,0.13997155504085174,0.10122556742404414,0.20588498681421674,0.17278305092451118,0.17090125522204042,0.11559373369406294,0.150910689713238,0.18390273358910153,0.1773086911975039,0.12792553319258518,0.14594542335345373,0.17745807903523175,0.15109109684462035,0.13847890822453923,0.11893207506609572,0.14591293478790945,0.18792857796937026,0.18322349411343272,0.15740389147340844,0.15405231286652502,0.16908501675974066,0.022680904582879826
80000278,batchB,batch2,34,1,Female,86.03261974643371,8.659623611817977,6.831909519168882,2.126579279912152,0.881466438801762,-0.08403479113036982,0.610033209322704,0.8617052409775099,0.1382947590224901,0.17408774166321536,0.14044533363082892,0.2157464852282763,0.21911183967111655,0.1331078745773214,0.14967128295231158,0.16904733441823852,0.1690700118002302,0.17212178399624886,0.15953112033962244,0.11765372956303678,0.16425517856539518,0.15336347922632015,0.1428344067591423,0.1814612961298548,0.13184310218669598,0.17034288019528732,0.13991746549891615,0.12678726434894314,0.14608218988752572,0.1043900448822995,0.15622326804909412,0.14697499943178627,0.11605247494789739,0.15685940188399786,0.1687399995391865,0.14422509507189984,0.13741834011573587,0.1613779174581968,0.12738759910413544
80000279,batchA,batch3,33,0,Female,86.80520003811841,7.0889919527429255,7.191953455539646,0.6175446323977466,0.5271702109467926,-0.010845417716962288,0.2394074186438553,0.856531811966315,0.143468188033685,0.184253027410808,0.18376351702831717,0.1499092316717537,0.18920639675099396,0.12172923959299305,0.1760886263930364,0.09921033189931365,0.15911329819726724,0.1074382346220188,0.19055424831267959,0.09240849293628807,0.13670954266473662,0.16342691701184087,0.14035172408289304,0.16123688960590582,0.1877722813265267,0.10936294006831672,0.10218328900110173,0.11894038175464448,0.16095816956473047,0.1670849056205013,0.08819327443362152,0.1656418046279243,0.09766017029132137,0.1703180784292012,0.19270054965586103,0.16425421659056713,0.1524602469521136,0.14662825768654472,0.07584564298245543
80000280,batchB,batch4,44,1,Male,88.8533062999,8.25291939190193,5.847540083406722,1.8521637317720558,1.0484211358577253,-0.07540052553100962,0.5090468399143907,0.8490518401672893,0.1509481598327107,0.1340833984500107,0.17556682083763264,0.1588040546666706,0.24501247229222178,0.18150800364481498,0.14704521101872578,0.11501106951353361,0.15385742645234537,0.15246605501637006,0.10278984406344065,0.10958073090114137,0.18534012254638227,0.16394826319355751,0.1430367580283506,0.15944650607131322,0.14843085863480335,0.1572152169176197,0.17774631002873792,0.10579101538940464,0.1593529349173969,0.14589774908048017,0.14813633448200184,0.18368531049147316,0.1676810828849614,0.11384244978931642,0.19259574653753958,0.1378235000737512,0.14061732802665342,0.1960917717808204,0.11457118094725663
80000281,batchA,batch1,33,0,Male,91.79282365566871,1.0,7.777194706929712,0.5565333681869368,0.8424418449652327,-0.024328838532517806,0.5422292234822679,0.14731658920514823,0.8526834107948518,0.11477521976572551,0.07009078023334171,0.07336346114159804,0.1281947239546337,0.12645642684794947,0.09485977247643096,0.09282789277365912,0.07889009070097386,0.07546176508073509,0.1040582070123197,0.08243895096185061,0.13114239447606682,0.03937058087181169,0.11438596172900604,0.07306039697198133,0.08788850086707922,0.0885718387671349,0.09019966732215078,0.1473689689459926,0.1077373819040501,0.10909575022975218,0.053134350263368164,0.06799352152810823,0.1288452132954909,0.06633819340383172,0.1232548335403182,0.10009194776630106,0.1193893285712232,0.07887204416002024,0.1302793902243854
80000282,batchB,batch2,34,1,Male,88.82520154416875,10.2086839256317,7.069080935759043,1.7688066045277222,0.8176395254864887,-0.02436408346282673,0.5157725204063681,0.8916136232713882,0.10838637672861184,0.17753548231595043,0.16619800609758523,0.15591073826798763,0.20457125611395754,0.15938637193497823,0.15179741299754404,0.13098674374114136,0.14037078264222835,0.16206894323097507,0.18158426549423629,0.12795882227621538,0.20992594766155434,0.1153051323619722,0.07443237352556044,0.13410736503953963,0.16317413656649862,0.17247209341199715,0.1407285180191158,0.1566616943802528,0.15175824081844025,0.14732750182184948,0.1337643752885935,0.1625486074800229,0.16394133325838,0.15577135041610313,0.17502907466711964,0.16248148219877184,0.1374826641614368,0.1953186807499997,0.10330164104485441
80000283,batchA,batch3,33,0,Male,92.13623037800872,10.524295068831638,6.4122058893282805,0.6741068576404675,1.092876864533258,-0.09389387391346642,0.5080386605664843,0.13707126704064715,0.8629287329593529,0.13193188326605257,0.09499181549376394,0.0852637194139467,0.11639374403634278,0.09410762610421691,0.0601431260153071,0.11075471557758373,0.052223860243357983,0.09303131062896254,0.09446320735761568,0.09378162116948958,0.09724077314607607,0.1287824859542193,0.08325836617584417,0.11599175027481833,0.061997067931872846,0.06427636385464873,0.07412874038109023,0.07905351501904856,0.11568239165186982,0.09767261738829781,0.057623259120197,0.10025579679946041,0.10017475922168059,0.033811815010027946,0.13190741255010668,0.07630379394943759,0.11550744205499322,0.10883877431023475,0.13016646205551632
80000284,batchB,batch4,33,0,Male,81.65548605649519,3.968684938758241,7.458155375723282,0.4982033161172378,0.6888058235987283,-0.04408572751139615,0.027531530020294265,0.4613927767839088,0.5386072232160912,0.03662022170952128,0.09443576825683335,0.3001647440724125,0.1007409906513524,0.09574543969365347,0.08240746529242299,0.09167640576093061,0.12675903341756764,0.04462162845757332,0.03650961189823413,0.16782909987311082,0.08450244389686562,0.11667779114118643,0.09736759092633136,0.016482026145869702,0.06116719415555447,0.1167104501227332,0.19058797459293061,0.1364289143760862,0.04919183701928178,0.05050436871538215,0.07576695575100799,0.08424762009237236,0.22515618029391504,0.16907649866022395,0.0542996678695318,0.09637408570914333,0.024013385990402616,0.1404271135291818,0.0685726743756615
80000285,batchA,batch1,33,0,Female,90.24973691774181,5.532218263506238,9.440573348337784,0.5077331082735109,0.8980158450148502,-0.12752484931096614,0.7311523842152056,0.15525085560323904,0.844749144396761,0.11998995275567777,0.09349330096681863,0.1062624896463754,0.15606757436136787,0.09088888724339392,0.109268264065943,0.10002267568078535,0.08494569557785414,0.12440468803153594,0.07010368204542235,0.07569937111781033,0.09660755293979086,0.07410704213641732,0.09361295365037468,0.08167439392344471,0.10925058599642441,0.07616018472084705,0.06931509001458336,0.11769862913273117,0.06571844541334022,0.07016318080524109,0.09396543203487195,0.10169937984898737,0.0801916424095871,0.10797302955159911,0.08917564413433471,0.09329080404153374,0.07329378550390649,0.12532687059087272,0.16293369575257427
80000286,batchB,batch2,34,1,Female,87.60347355591155,6.559651986081051,6.382613242156171,1.7607787933292047,0.6807388256636917,-0.0763601754566469,0.5123678874913126,0.1073669340806227,0.8926330659193773,0.048501733690987626,0.12108008537061996,0.08982387536430868,0.1456082528750742,0.06832271066477796,0.09883021454968936,0.10966117487430246,0.08998692905492607,0.06122453146229959,0.06651738995694703,0.08760925206068976,0.07656605974976163,0.0868550620365607,0.08922320437984123,0.07530103410386356,0.07491366439680369,0.12147451647339763,0.13420292401230646,0.055520278273104115,0.05281285578011497,0.05355213355620981,0.07648498081721834,0.05598973512496718,0.04102249126448534,0.10011222021848083,0.10649826807654293,0.08267480675719158,0.07400375667094497,0.11304413977474809,0.14371882223289195
80000287,batchA,batch3,33,0,Male,93.6458705765399,2.2858484068496425,8.127971406661919,0.7755039293445473,0.8618166244864593,-0.06566265148994589,0.330694638621,0.10144899251062447,0.8985510074893756,0.12029988482651831,0.06402469723981036,0.040941121154026136,0.08542449633659074,0.08654261537800294,0.093912412122129,0.099707370882972,0.1055685934038169,0.10595419045888681,0.07707714570366483,0.08181404806077554,0.07216028708809324,0.11638125549649482,0.05668888754058416,0.15414735841672347,0.08738109529575261,0.08701804318148344,0.08107828212771592,0.11770564942648011,0.09034328795814267,0.07376665079559744,0.11573299722292696,0.06848328491946769,0.11859162317948775,0.04651219220951277,0.1350826712524125,0.06726159680931437,0.052861635818023237,0.0790812008438123,0.1397377636241632
80000288,batchB,batch4,33,0,Female,86.59331801189238,7.808787432006826,6.936469793014355,0.6049859666323589,1.277187566341812,-0.003361364182386542,0.952654643623871,0.19065218228677464,0.8093478177132254,0.058865881016305036,0.0798886785875114,0.12433831550605697,0.13089519155447754,0.09860574167773559,0.07600424115281273,0.0853673109623309,0.13410751890017109,0.06605884777579986,0.11043557724914747,0.09798338061240304,0.10522816556167607,0.09108011475268243,0.09723667722250325,0.13664602490162056,0.08611616439771123,0.12146196072603561,0.1069556939337251,0.147796455045492,0.08450618310091033,0.10458685902685075,0.09193256939180272,0.09155379053098862,0.09922812183008166,0.08746752972046434,0.10149538149915968,0.10055477738429967,0.13178171717117987,0.1274544827802358,0.14073230075395704
80000289,batchA,batch1,34,1,Male,87.29397037762834,8.27258495861325,6.684747450645585,2.4620249745273637,1.1783416079114382,-0.0704655999794878,0.8355287839573369,0.7986854048658917,0.20131459513410832,0.15335097636664108,0.14678046290699936,0.16888693151374382,0.272612140254968,0.15825495209428908,0.16402089152133542,0.15566924692312623,0.15067260507753755,0.16984558860426238,0.14779566751939066,0.11709252417341134,0.1377145702088365,0.15623223444418224,0.1601552642466077,0.1279390453528209,0.15871252347381262,0.13087830394897007,0.1925603941622503,0.14368526217804856,0.1522728572203326,0.11547371224202758,0.1620227612709692,0.17974285846814142,0.16487500523368198,0.13528473689603684,0.17171919541254646,0.15181704777765304,0.1610153017215219,0.16573022518766053,0.07925962353584995
80000290,batchB,batch2,44,1,Female,93.9853065372018,5.420610630464834,6.333600280850533,0.7556540298091795,0.8185652510725415,-0.05760877026575576,0.08693498736376461,0.5474848834032,0.4525151165968,0.06922186567479184,0.09945381394469929,0.12009320446460049,0.12210479944769052,0.1012225401715985,0.11758510950663233,0.06620491666646888,0.06698048109694021,0.06929726451247506,0.12482452894257834,0.1379954776346559,0.0619467178336694,0.06595780389640897,0.13159732125992615,0.1471465965741315,0.15495144535077637,0.07090685377604784,0.1262029973255686,0.1985966552853459,0.07987874518966653,0.14201803471267224,0.11009008182629222,0.23474066986181627,0.11722820113665389,0.17910285510594479,0.05928008513354254,0.14375477381840782,0.08171234403531805,0.031447517437244284,0.0742288988862062
80000291,batchA,batch3,34,1,Female,82.39113121880231,1.0,7.9082762985533686,2.7293274124769105,1.2806272832681835,-0.1308903293403061,0.9238379057457761,0.19489369371466075,0.8051063062853392,0.09712552240030078,0.11757470032591993,0.10393677520858481,0.18513234865040357,0.0907738715232068,0.11334830060937573,0.13434416304706018,0.07673659641759395,0.16367768716653114,0.08752649895669577,0.09784066893263259,0.11100569093476771,0.12257416079594127,0.09552466316262169,0.0910658584256701,0.10547746083803726,0.1339508783423,0.10526993201279106,0.10620190363644068,0.0954612551428702,0.08215610265182881,0.09148110193796909,0.0951240567893182,0.04943989677663725,0.13763668816356728,0.09121238117958251,0.09724508342732516,0.10701484629290868,0.08664145623011714,0.16497525428611928
80000292,batchB,batch4,33,0,Female,94.4502939676015,9.895207142538167,6.96616225464883,0.8004542979192948,0.8492493129843603,-0.0577580334652595,0.7337672615190912,0.10035574737650599,0.899644252623494,0.05012027635463477,0.09203880716274178,0.06458769359767873,0.07875076021561929,0.07762518379132029,0.08450820333701584,0.09108556784760889,0.11988576764953665,0.10790526342962709,0.0932238034386811,0.11900672900947393,0.10234597389482877,0.09837757346445869,0.09370216929484237,0.10242509532358784,0.08734693988533053,0.10635029709572975,0.14074898723191107,0.09924239250852238,0.12484059850235533,0.12171818987040253,0.04241901120036153,0.08909558478698944,0.08650879228744789,0.09219670719382415,0.10221954437902885,0.13190761898489628,0.1161897029158525,0.11031589259838727,0.10657808141030027
80000293,batchA,batch1,44,1,Male,96.14027422644175,2.903887086421804,6.806520182572269,1.676080026734922,1.137557644996733,-0.04756617528741692,0.4406205142556096,0.8393194310018256,0.1606805689981744,0.15931628992423602,0.12032578668130768,0.12899558731161115,0.14565168611312085,0.2099646710716214,0.1459704102025315,0.1665489206793077,0.1721281753812423,0.15776076377534348,0.13806084014306022,0.16121285653708903,0.1662054205868431,0.14921486837819029,0.1271243943889227,0.15734854708451687,0.08826060891704168,0.13243524505220172,0.14661936310679388,0.15015238076501983,0.17537772552220032,0.214493433206748,0.1875348139561579,0.13154740899638817,0.11338048498716154,0.18895432682403396,0.1910396688636962,0.0954313135913372,0.1735826140412894,0.1727450504501457,0.09856472979277202
80000294,batchB,batch2,34,1,Female,88.78900625188395,1.0040791940898472,7.018846510068695,1.8359637948064311,1.07496237691711,-0.14645183669213455,0.543205419124229,0.17871995218215458,0.8212800478178455,0.07878767846530929,0.06491238793299103,0.08963977187426875,0.13755114011775935,0.13651805952596252,0.12428795746289022,0.1174443546392824,0.11225336968229356,0.05965499576785896,0.10348664069454276,0.12177998779269034,0.09251600548910133,0.1180603540365792,0.11896815379920653,0.13045809519686263,0.15170881712014828,0.13995410541320094,0.04464735101530875,0.08199798119423099,0.07347697643392188,0.11330212737008317,0.0928043697922234,0.07658637558899437,0.08259377215265104,0.08563561647256306,0.11790715549917968,0.058490244825022165,0.07670056970666089,0.04065320435984711,0.16938936201294408
80000295,batchA,batch3,33,0,Female,83.32515369982274,9.58694232518936,8.100688272960756,0.517252981504438,0.09259824895511444,-0.036765383615102405,0.1094279147699041,0.4722956066020009,0.5277043933979991,0.13494933812453197,0.05989476229933989,0.19451618791930442,0.050299440487424976,0.1562710136062543,0.18290155086835483,0.028185721535529902,0.07165128682128641,0.0479176698545523,0.13302718495660631,0.077183879903378,0.06104969100266858,0.0967939028769757,0.10679891967633913,0.1730022611056796,0.17323750335766988,0.07045761894120238,0.041093717883106874,0.12504253045624633,0.09493583383728997,0.17845152227121353,0.18074718404580448,0.12849186684761063,0.11316345147436851,0.11827508192590035,0.1120383159069711,0.11717181323094998,0.08252240231442254,0.07778054604107938,0.09005748853456902
80000296,batchB,batch4,33,0,Male,81.84363544058522,5.640007723027043,8.314886653957297,0.5355022261079284,0.7491183554734261,-0.010335457284516764,0.2720309370011967,0.1365216009757592,0.8634783990242408,0.08794729738119561,0.09101315568403087,0.0644656940667686,0.12406027575734192,0.07471002143588432,0.07596773869734164,0.1196315396775586,0.05585404260928863,0.04656846136708495,0.14509823817590564,0.08694143661039574,0.10122026686499669,0.030638700958250654,0.06578782094686005,0.06876264050030384,0.1489772246566123,0.048835330625291704,0.12897845752266335,0.15930524658152637,0.11365845342350897,0.09375082810548395,0.1532672930063144,0.179635599580516,0.10422775445079352,0.06780461197783666,0.045418647193428086,0.04269100024186486,0.12199963609274506,0.1458602056724023,0.15029866426834398
80000297,batchA,batch1,33,0,Male,90.7127670977506,7.063336869845801,8.856584210073255,0.843560080093557,0.0,0.005253966941368447,0.3056844522343113,0.8873615165246952,0.11263848347530481,0.1544226718062561,0.19543086906433377,0.13413524756053993,0.16506615360613514,0.15697610337475884,0.1840574787097028,0.1526984965440789,0.15168668820093348,0.19314563870219434,0.12640326002847055,0.129963973426592,0.22644453287137453,0.1246379426427105,0.13547911157092715,0.12487820231467832,0.1310669208274661,0.10304667028010508,0.16880987711433473,0.17545350344207175,0.08443972049849106,0.13740370461304705,0.13657514084596648,0.11272775863233565,0.11188950246872303,0.1359379085772676,0.19243815010258827,0.15834515748899977,0.1596271764957133,0.12865015770169375,0.05217072081189341
80000298,batchB,batch2,33,0,Female,83.17603520885267,10.27847371656429,7.684570213046046,0.891615003472067,0.9187798272610128,-0.0686609604341451,0.54679717854607,0.8354366089862253,0.1645633910137747,0.11860086653765013,0.15754585532899024,0.15684748360223638,0.14028914632452733,0.15512953308756092,0.11874996518294624,0.13802878677948371,0.16540588279314825,0.11991940701557793,0.14757453405720436,0.10468553709277849,0.14036047092815793,0.1866674135042719,0.221916152320349,0.15028706466252845,0.16416732958178973,0.12569918413010417,0.1625453497313416,0.19220554242261242,0.15519629482929945,0.1825514678173742,0.13803252625887277,0.1115904923328608,0.1451059452678677,0.13726964857279597,0.18043484302179855,0.18095011243363313,0.12417557758214769,0.16679919258847917,0.11895999005868861
80000299,batchA,batch3,33,0,Male,85.76369416973353,6.456688156080361,7.239908061464672,0.39620041818419016,1.0092016274383129,-0.08820892214621384,0.39861138259641754,0.7956477316292011,0.2043522683707989,0.16970117370010832,0.11129867612960997,0.1366279830834447,0.12390435723250173,0.13593124495664485,0.16455255238581182,0.17346384611979576,0.21024682271006728,0.23198384318277995,0.17454910632095735,0.11332178464547243,0.13386313919090922,0.135609648541592,0.1215548805642136,0.11854972887554095,0.10635469038382729,0.1450156448325847,0.14127749838295978,0.1264396952969997,0.1521448789220199,0.16724922844635406,0.1340018927827081,0.14099300235282816,0.10719644862763121,0.2047926330162728,0.11544764991246924,0.13020221970407095,0.16023052956635078,0.14706203922185446,0.1306813066482037
80000300,batchB,batch4,33,0,Male,87.73870131719356,6.301805412454715,6.825655984879403,0.8259335930694279,0.814530585729069,-0.0607617934394054,0.5659802413382389,0.8867422137302694,0.1132577862697306,0.14223733256449886,0.18952201396211554,0.10790542497707309,0.19022399147675595,0.17092286475265395,0.15452548019741785,0.16939673959904572,0.170091166810232,0.1698694647860811,0.14994308877371865,0.14703083107338089,0.1393426774728756,0.1224337562036995,0.15772308449850436,0.18522463819488763,0.14590002944996092,0.1308692615168894,0.13992202463564907,0.16183926586302422,0.16179494954999,0.1374708944066108,0.15822950260369886,0.15393496293273626,0.1731442731243037,0.19697315695974885,0.14511766182023444,0.14146357409163343,0.161465185747224,0.16657374648028758,0.10862665351460633
80000301,batchA,batch1,34,1,Female,92.35750100273005,11.076177998495913,8.51494829157289,2.2469982291943245,0.8356921698334911,-0.1326162560317257,0.6879275016200278,0.9049237852176616,0.09507621478233841,0.13833978016653967,0.18861166923141687,0.13599661849458386,0.18936961949243228,0.14308380590771372,0.19265719642734125,0.16429690254108595,0.1541366232175862,0.14817351035793208,0.15265910208343828,0.13226938172889768,0.11283019538979834,0.17473522955735965,0.128600128559093,0.18738338710030691,0.16505462505371785,0.15030330614458193,0.16296138959101483,0.15697509651440017,0.15304013944543937,0.154829206652329,0.1750807847572771,0.1635533178948668,0.15153615376430127,0.17057786665805416,0.19073994499273264,0.15117576824985887,0.13998473286543797,0.17235925885925008,0.08346522576343486
80000302,batchB,batch2,34,1,Female,98.16760925761037,1.5733822035511071,7.164223445764304,2.082066628765304,1.1801701214014382,-0.10710655634668338,0.7270597716488719,0.8582001916942797,0.14179980830572025,0.16595242727558948,0.14889105329693825,0.16915693480333052,0.23784738653307994,0.18414177564673848,0.13037922580842573,0.16617982513508467,0.17445911489008212,0.1373424360571584,0.1648524623816988,0.11665282335791477,0.13367558782655006,0.1618512902151207,0.14305832410928168,0.14541573348579578,0.18260923060384623,0.14318129849066683,0.15291070597635156,0.16979979830954675,0.15424813841884832,0.15600311777866968,0.13369268428202188,0.145923630962527,0.16910320409197502,0.1573052151756411,0.1839143235840305,0.14704056707581553,0.15827795995626395,0.1333264094944303,0.046294146813051794
80000303,batchA,batch3,33,0,Female,85.91566662207117,6.7678731246335175,6.8429299927672735,0.5907846718046633,0.0,-0.034617515344532536,0.01,0.4686816778559407,0.5313183221440593,0.0017536304472429572,0.1366239672042838,0.10274662376424817,0.17357088419175548,0.09043811969241684,0.050462207018310445,0.010960899597032225,0.009628304641409215,0.005391757848991029,0.0859401544969584,0.1805031678469698,0.21348433835975672,0.10658530641280183,0.15998406051063035,0.016327457805153073,0.013660556214722319,0.004203416260965555,0.041676612515460405,0.01175638998697128,0.01043379974313169,0.04928175863843349,0.009324313505272195,0.07816495738364293,0.006952185171627184,0.11982489394982555,0.10044601644419267,0.16379854621524312,0.0287796266403365,0.08793918686860763,0.11904801472351693
80000304,batchB,batch4,33,0,Male,84.54733789408422,5.891214367138622,6.487404016204428,0.5104041453734512,0.9270235213098451,-0.04596403574226783,0.5912255200978789,0.7815661760612187,0.2184338239387813,0.1683904529039912,0.12547923278377657,0.13024158080103418,0.16917813401960213,0.15028116128995314,0.13884269180817907,0.15535927622653808,0.1352624628918506,0.1731137653273742,0.08972436134328836,0.13179167390471735,0.13450179296652298,0.13814068221487633,0.15878943295147913,0.17640970487198673,0.16161126790987043,0.16849375677981854,0.11329010131608183,0.11241706446775888,0.11769662845689392,0.14585395673124507,0.13653745821713284,0.11889548611007192,0.08719601900228832,0.16057867313081076,0.18141531204962708,0.169394090467754,0.14452277247122686,0.1528169347823339,0.08594249428024986
80000305,batchA,batch1,44,1,Male,96.21160463893743,5.380460029712822,7.305596602055768,2.366522771795585,1.0617575734171372,-0.1329889719324509,0.7477243451303803,0.8882387898679527,0.11176121013204732,0.174321009353876,0.1519774182018503,0.21080240320053234,0.22149341018178642,0.12633509487704528,0.14507924377285558,0.14378551459314087,0.11548484515600982,0.14602594203663416,0.16900389020738601,0.17318414448770766,0.19103689538677224,0.16137869425054208,0.166887088959889,0.13872019567108382,0.1639513568629662,0.15924545682379507,0.1439911701193399,0.19218299403015704,0.12618450977427417,0.15258175017120484,0.18036047240960917,0.13330540938293042,0.14067190950043423,0.16798965394066684,0.16800925048920795,0.1483761127727229,0.15735952594637287,0.15238657230911426,0.10808506014948258
80000306,batchB,batch2,33,0,Male,85.19315007113967,3.8771675166099246,7.315668194770687,0.7636612646715093,1.0780656660085703,-0.04196383831291236,0.8645366394287367,0.7936044847432124,0.20639551525678757,0.13253281586651905,0.138963673176443,0.16590387827297148,0.12076766397489544,0.1909429178540754,0.16236987645193185,0.1257923999687839,0.17605112863062317,0.1588989127246125,0.13453394849127856,0.1627425493340996,0.12681394257360065,0.14767558894706762,0.15700671806817018,0.12754829379289206,0.15011434877806953,0.15472794677222287,0.13861001619081964,0.13289969424262252,0.14843257522498432,0.141438171742019,0.18006284110924356,0.15738580469101668,0.1420040333211404,0.14591317556327135,0.13397280159271371,0.16958458089367587,0.15927918023858398,0.18192148589349852,0.10286738862444102
80000307,batchA,batch3,33,0,Male,84.52739016914757,7.5467894832322315,6.715794575821491,0.5917895987764165,0.9898308228104689,-0.11386739139807803,0.7248988175426596,0.8723519710739266,0.1276480289260734,0.1561207620826487,0.17427680800902737,0.1493564801509596,0.17356684586153584,0.15935949823315904,0.14448999735497775,0.18064912261713914,0.14103612366784724,0.12287843417656848,0.11339510888905802,0.14572084207252878,0.15275960466371544,0.15310830904023562,0.11179998329983537,0.16484669907061367,0.14912160866740107,0.17276577309486968,0.15664458001017206,0.16853457212946082,0.12744202360192258,0.17283730474167422,0.16304181231659043,0.14170448511735545,0.1914262296949553,0.21018323303808303,0.1422223848207643,0.17478639113963987,0.15514864780127113,0.1675012950454903,0.09824222597498283
80000308,batchB,batch4,33,0,Female,76.27371468047089,6.1354071735599085,8.063001000472399,0.8791780025384268,0.5833325798509952,-0.03431000105590795,0.32936052580283137,0.8245014470103136,0.17549855298968642,0.1524199546870408,0.1589683857686271,0.16068979609469675,0.15541116857451087,0.16390127460481127,0.1474568236138293,0.16290165698306788,0.1683388900506036,0.21303394690220637,0.11647748360318667,0.11071118616134937,0.1485777024333917,0.14099047033168954,0.11196026905840556,0.14497103940031536,0.19480694680682487,0.1403910437552336,0.136801037918673,0.1416082507655895,0.16465109726290733,0.13270251544212527,0.19247205148423896,0.10735927561496336,0.12938443094743302,0.12208793111415336,0.17552215078095668,0.12640959265975504,0.17605521812949904,0.16592171309379727,0.026185604451407905
80000309,batchA,batch1,34,1,Female,93.7988406965635,10.226727424740005,8.87280790486557,1.487251909167775,0.7071001935504874,-0.05650338192103589,0.3527361894198496,0.8136064285693214,0.18639357143067858,0.15575714685928957,0.0984417945271457,0.12256219488558245,0.15428054572154856,0.13441094163019313,0.12628652405173593,0.20894972162139253,0.1664698632190539,0.20587480330913904,0.12130156466410356,0.12941670042512307,0.12810784054760732,0.21328286207962485,0.15138639475208263,0.15760555702442894,0.13142994454863863,0.16093173699846747,0.13004373128376923,0.13723877166772275,0.10222078580057295,0.10286024258645772,0.13219762558077033,0.16040448634191495,0.13214697354504648,0.13308861339139347,0.1615286514790359,0.1317668379624971,0.2259882673787615,0.12251685091191328,0.12336452774680387
80000310,batchB,batch2,33,0,Female,79.36670441509936,8.995206080831085,6.697353747546836,0.6354636794758648,1.1410104554950533,-0.06850083271481144,0.9365666025249513,0.8423235993168123,0.15767640068318767,0.18404395345749971,0.14702084769566173,0.19858450361947913,0.1840840916945145,0.142179965981346,0.1639500388104475,0.1437117123529949,0.17553188634108358,0.1315272813187855,0.17154543889791155,0.18356981773511682,0.12882194175491776,0.15454308350463233,0.14419871179890442,0.13849353505208065,0.17105572882527076,0.13416395956351837,0.13237865784417316,0.13287827790281997,0.1659739441076962,0.13846666882897973,0.16224667345302046,0.16178111864105962,0.155815153140737,0.15777238610874839,0.18065269615103224,0.16730960399388237,0.16262465159381412,0.1459571602895131,0.08840025800021496
80000311,batchA,batch3,33,0,Female,84.61853576666329,9.266188131153354,7.851737580214989,0.665957954386981,0.6640403878042728,-0.03517248826654027,0.035755289161958324,0.4988270323635034,0.5011729676364967,0.07808399996575559,0.09625927756800359,0.0690486235590172,0.1409537571767891,0.0855662566756624,0.08343532572711251,0.04429608034122868,0.11140972043660886,0.010311008741945666,0.09574378530410096,0.03429766324624726,0.08513564991366758,0.014658550138410763,0.07221824826009324,0.1540214485463714,0.13634185626788128,0.07493346177643605,0.08826848537453409,0.04804797553962277,0.2802262238427688,0.02275600443027169,0.06030049528285831,0.0034313961670711457,0.15622429370049545,0.09371301115716375,0.06625167805493846,0.09574514349972202,0.20208494944724817,0.1940395395336553,0.16008995759846983
80000312,batchB,batch4,23,0,Female,76.75876374396374,9.26055203804368,7.25435422559599,0.80070568518272,0.9942811327192959,-0.18114705727679883,0.7229428341754588,0.15359234297961724,0.8464076570203828,0.11346134579195671,0.11174231787914818,0.09820582499007958,0.10558153782901702,0.1019596319632681,0.06257348986343461,0.10672159136426411,0.06905627123281485,0.07187350722637836,0.08429075909681209,0.08073243688834478,0.09409318998984192,0.09096890178422505,0.08402296630302135,0.13435846292577736,0.1227678470022564,0.11967246647680853,0.10967739841788525,0.08886150923777872,0.08131816757523086,0.0610817464955682,0.11982204985488239,0.05874464475469267,0.08116939326504125,0.11458558721603504,0.06975526732612751,0.13336660576620848,0.08491952154627408,0.0686632308468948,0.11306878340854346
80000313,batchA,batch1,23,0,Female,72.86839277014919,6.994474462248303,6.999963475146059,0.6521250224165895,0.8897109639170072,-0.007466833650003585,0.6153790233923856,0.15840874557740256,0.8415912544225974,0.09925396644979034,0.07195139533441758,0.08117696372343099,0.11989989383467987,0.1299384765706907,0.11452993071536892,0.10309975213472981,0.08614155713868037,0.10627703339665084,0.11087745860849517,0.12909292489217167,0.09446833947635878,0.15738683783804536,0.11862171325683617,0.0921120488102748,0.12387651651371712,0.08704591222597824,0.08086417153037816,0.05968210568786068,0.14433916649804251,0.08630260212540518,0.11052586309887574,0.11902848966438082,0.08714020672154717,0.08923058059590695,0.05926982243171778,0.07303031103885843,0.0642681453589543,0.15293644576374324,0.14602631483972553
80000314,batchB,batch2,34,1,Female,88.97771231933045,5.871464997128844,5.422372450193155,2.278040134770835,1.0066308783407611,-0.07254128829888373,0.6365549170857002,0.17977401872497276,0.8202259812750272,0.07777522695279016,0.10524103669658948,0.08472189505716976,0.14987379271960927,0.06190512948706441,0.08824788564355059,0.12395371933749696,0.07867709381771186,0.08560249556641425,0.09184923483649622,0.08665859332766099,0.06192851761617459,0.12163580315848453,0.09356184623603991,0.10732752844058381,0.12585012039837495,0.08540317170185481,0.10378043787184708,0.04323434593020504,0.05120657528224296,0.09649162717849576,0.06610035811522037,0.10788677292728191,0.1125681300738779,0.0814804801996907,0.11070786127990222,0.0899318804916374,0.1306131383474657,0.0701049732552678,0.14588933119878458
80000315,batchA,batch3,34,1,Male,86.1122644861192,6.15988563551316,5.987356465090931,1.2932123821073762,0.5331032403116125,-0.12120219369972483,0.33293177247849387,0.14330872807452757,0.8566912719254725,0.14631430479255297,0.049925106955274384,0.1248438041144563,0.11022671914523108,0.03971599284704297,0.0700052372465701,0.11989652528724784,0.1164804206388673,0.10710513420731499,0.06015344498109893,0.1475328719965753,0.08980682904131193,0.08255078060260554,0.08953784524614682,0.052621502321077526,0.04101917617322694,0.08444082991054647,0.03548051446144512,0.11817216568168427,0.13871753140541382,0.17770186269675634,0.06742197071124231,0.11656216795278349,0.026430397906967513,0.11450617406737378,0.08530307210237319,0.10495671835475404,0.13214821448728706,0.0780270494085259,0.16420772089738167
80000316,batchB,batch4,33,0,Male,85.258320056986,8.437390837662882,7.066137905427314,0.6757430318186234,0.7719822310560318,-0.05102105112287188,0.34854788121015806,0.19640647981207746,0.8035935201879225,0.07585202012515871,0.13147071666535065,0.04700561227689305,0.10515233371083613,0.08646915074121048,0.10918735433439485,0.11442573864095804,0.07550099040473986,0.1332816345799814,0.16702060589966772,0.06294175724694166,0.12114704132468877,0.09506073589497263,0.10008239842657388,0.13443260537826998,0.12084861394402524,0.08916087707261519,0.13943977169498403,0.09598708967027954,0.07581909104670313,0.10478793221944697,0.14481565794688353,0.055479493482814994,0.11788066024211062,0.043567268128435664,0.12417653571430587,0.11197470426327016,0.1536940093038538,0.05948166002273559,0.15715613026664232
80000317,batchA,batch1,33,0,Male,76.06288781737247,4.83599311727551,8.906958988747355,0.7160487655002434,0.781328478339183,-0.03367392170220769,0.5789669549340087,0.8526680977429096,0.14733190225709036,0.17256096597836224,0.14168624901138543,0.1714194949194149,0.13672975742992374,0.12832136349543552,0.11761486347291653,0.16137015840748614,0.14220573204724563,0.11155930932751686,0.1777092124759846,0.17578288568928285,0.15107875735691548,0.16423545860683197,0.14023952526534264,0.17751057507844184,0.13557492072308006,0.12240802366370082,0.15272377300747245,0.12573418155422972,0.1785670897491423,0.1600090490866339,0.1610071599101637,0.16461509647738845,0.14170606675249253,0.16167279222168154,0.18811160202445334,0.147081620920376,0.162849706501867,0.12210123587880901,0.10410446313764575
80000318,batchB,batch2,33,0,Female,91.08625439034759,6.011544235967117,7.124156961873059,0.834031931511894,0.8786949767877283,-0.06965837935995521,0.8146786209269041,0.152376513590397,0.847623486409603,0.08025391087056882,0.09978070694310415,0.08863918065236596,0.11972150636872234,0.06325273717935853,0.10605960411945396,0.04336516524186142,0.09519703625460262,0.11302872916474942,0.0977573107555084,0.10615310956767918,0.06527083659371091,0.1333035016361622,0.0969927247741007,0.06885038218646816,0.11179919931380347,0.1325697806150054,0.08655380357911778,0.0908467879327301,0.11742699891185746,0.1105857369174307,0.07756543699154562,0.055586667276539686,0.13317848864398424,0.08446559273732715,0.07099756093764738,0.07888550734864416,0.12303565422193229,0.04201539104497516,0.172113300537745
80000319,batchA,batch3,33,0,Male,89.09319152777022,4.17257544218957,7.898081666628749,0.4623316477185848,0.46962454295051204,-0.011399147894315322,0.013342158461534932,0.49729422759867836,0.5027057724013216,0.07521140068647321,0.10655492099634911,0.007509325513301528,0.10109204795359725,0.036341133751281965,0.05244629307122384,0.01925525559926826,0.09280876083949408,0.08455108057987318,0.16428871436658196,0.09686431957205506,0.09108450564381522,0.007268020625709297,0.06266892358595313,0.17771676611322823,0.03311360178539529,0.010877811877637708,0.006087173210695595,0.15891400557822838,0.012964868283790683,0.2924026790838796,0.02227911111891521,0.032660878620997806,0.07596031963355238,0.06850375684392004,0.21020980197545777,0.1385940878339719,0.013851191972763605,0.020181716501273983,0.12894541917100358
80000320,batchB,batch4,34,1,Female,87.88236465531904,6.199597358733578,6.526475630672335,1.8098986133990946,1.0370456273435373,-0.1614907063456112,0.5635966301784933,0.16496737089878133,0.8350326291012187,0.11861796214105552,0.05241527490476532,0.09359081011771131,0.10284555961181296,0.1058884944559788,0.12435285412419596,0.054982725021693574,0.12463543912997896,0.09022799062167483,0.06901967613966205,0.067751441173963,0.0903743518263278,0.05242618688889447,0.0892948627676064,0.09248541683565446,0.10788689326970152,0.12161638005797525,0.11032847840677441,0.13132858153230828,0.0720294220983321,0.10428840127144237,0.10657545505382891,0.13057370334651336,0.10618634452777756,0.07745577759413491,0.09423079655926106,0.10467033838903461,0.06119963989121865,0.13478673013794584,0.1477523061552842
80000321,batchA,batch1,34,1,Male,89.11601392064223,5.342154132372054,7.106947471379125,2.3519295954137287,1.1960087144513538,-0.042205981651413024,0.7624262828184766,0.10666949633851015,0.8933305036614898,0.09237519086344295,0.09024173248016629,0.1231727040568512,0.12661044461144874,0.11232870540900446,0.0802587096616183,0.08485887900341749,0.09988605722820157,0.10915292347404718,0.08925397398193295,0.06881094549310296,0.13310985224908098,0.06180585512536266,0.06980580205074745,0.12661393824205194,0.11881561107609762,0.12908993327871673,0.08016898656400154,0.07460249478233504,0.11481329404129642,0.06834689477893392,0.07499236769738928,0.06259933438199904,0.07895245011997963,0.07219237687197337,0.06600214931001983,0.0943684157701116,0.08383702533528489,0.10306951865381477,0.13591856085658469
80000322,batchB,batch2,34,1,Male,84.4222815289481,5.124140673036236,6.583204665738605,0.6004186633160804,0.6552342183525844,-0.10966240403623662,0.014623775816655324,0.47292480480670124,0.5270751951932988,0.15607029944547246,0.10692598725415776,0.07985759537331892,0.04871468150451154,0.061069237066255,0.048922807364029784,0.09521166701249464,0.05070219070186933,0.08678797942625524,0.021525456789486662,0.18606663806940213,0.2335231375219844,0.0437878527376061,0.12115934190863928,0.1941287780382644,0.05100618949605499,0.22349024924935648,0.02240646858953176,0.1363124829401239,0.0664578631098867,0.043108068524331224,0.04703597617200087,0.21890155447197734,0.09471504832164088,0.17279605864300812,0.14246178362923298,0.14899964686468867,0.06675081333994563,0.087103603832023,0.019553613705507598
80000323,batchA,batch3,33,0,Female,87.01024694599475,10.459507132744932,8.154288989784332,0.5841324910831631,1.081863327839182,-0.12375922061544248,0.5985982570859641,0.2263463604281934,0.7736536395718066,0.08197268470288488,0.09558689476454188,0.08228901402312842,0.13480149336055813,0.09611569083882672,0.12802899691045816,0.1184716307762601,0.10601957262292606,0.08125017018448658,0.08581665344353696,0.08850026037557265,0.07427726830841139,0.15279082861285664,0.1166509597309063,0.10593863802063212,0.062368182067729754,0.09767663773557878,0.09965107316206098,0.1040292533720701,0.10458536137807899,0.060741303317655725,0.11500908043032479,0.07286853841642647,0.09069533111350007,0.11310070441322398,0.11368264984953841,0.10675763715395556,0.12283877941765026,0.09538581925784512,0.14564217129274434
80000324,batchB,batch4,33,0,Female,87.0268120332262,5.51420379992209,6.610947127103646,0.6475788930482816,0.925429548113543,-0.08967185637686448,0.4129873169944225,0.15879299692819868,0.8412070030718013,0.081191428637454,0.15081141712590343,0.13669760376184611,0.11120782702849855,0.11077530903425221,0.17546380693845923,0.07456946501067736,0.12397762214126813,0.12849634560502823,0.06767249790480982,0.1407776435982078,0.10870978920622344,0.08637252739228572,0.11530751024775295,0.07994329245034239,0.11027922970120067,0.08862257296538534,0.10881649607055792,0.1102142042976814,0.1224161560644406,0.08529444592766718,0.061917235834906846,0.09259153518195205,0.10165252712050765,0.044128009955138714,0.03604856685484731,0.07723046024615991,0.09624191954459725,0.09403131125324077,0.11743501499629191
80000325,batchA,batch1,33,0,Female,91.96182517346567,7.312079636329726,6.463085474906346,0.5721306746173154,0.5364325439553532,-0.10560511234486805,0.2593289885624995,0.834231669984542,0.165768330015458,0.17607167102175006,0.12271503114506496,0.11683310936950876,0.16176470298271525,0.07877881976705307,0.16817242863433995,0.18025031194894503,0.1782407889943707,0.19039434571131575,0.1800893636308579,0.12414827126430493,0.10362959608824725,0.13886642850323463,0.15330443199881055,0.10484901807148635,0.16151373892428764,0.157848481533305,0.21634910124260237,0.11556907241264668,0.13652343139042858,0.18781927189263256,0.1264450230065343,0.10513530319901562,0.1918661931925238,0.11833022930206787,0.11224899409237235,0.14157580158390937,0.11291803219191754,0.13801531466463435,0.0633836995237908
80000326,batchB,batch2,34,1,Male,89.88502132013419,3.211535975669559,7.357177293236654,1.379084916070536,1.0322080171894439,-0.0590150072622975,0.26336959903087526,0.168519897013804,0.831480102986196,0.09250641480805348,0.1180655373110745,0.057172224655506455,0.22422718541647418,0.10346927803763684,0.08388911172957324,0.10360134217312657,0.11948366993770501,0.06933183977044109,0.14857854909986176,0.07722730179603797,0.17035801664625505,0.09049871655143268,0.06788648326642097,0.12312350499973004,0.12072664592795275,0.0550058555467586,0.074349728317778,0.0975171084267616,0.08386308526433503,0.16280350201699445,0.10570506192486677,0.09591598745288477,0.07087893006728992,0.12447059738862251,0.07053718109789714,0.04619702417169668,0.09365539708674325,0.07337955355726046,0.080647451598739
80000327,batchA,batch3,33,0,Male,83.32500392845026,8.292835869895352,8.439272673001675,0.5201039694093151,0.7291854334540382,-0.08715849708209719,0.34711862415605305,0.883548131128606,0.11645186887139403,0.16195509558956675,0.1143665523968278,0.11682849554593265,0.2128281614791808,0.14748524681803804,0.17211033826580788,0.13044775782986207,0.11430342882025762,0.15628873592392303,0.13923911060645663,0.11609415869676667,0.13163628098483673,0.19873743598942573,0.10282288446209538,0.17934940813867098,0.1673354626406346,0.1109089645936043,0.18874244937427054,0.1579481931626161,0.11957758884975145,0.15061141289927063,0.17816443326220707,0.18039523012795233,0.15216937128243285,0.14802313165473927,0.14922089049414589,0.1620483207321154,0.12909740949044995,0.1702863404633128,0.09806180216331034
80000328,batchB,batch4,34,1,Male,94.30830809549677,4.18508986216851,7.73766670456371,2.468636136209691,1.3873136469292267,-0.10316420679245415,0.8186342892019616,0.07567256755153835,0.9243274324484616,0.11262714491270713,0.08146526944881245,0.1054182983291122,0.14756817807958023,0.07777909628517678,0.09692149829195744,0.0821900485612229,0.09517982517793126,0.10759118937251949,0.1000316653374522,0.06357418467693712,0.07302277860084737,0.11956704874686792,0.10562382552547367,0.08998245413235875,0.07870201009555267,0.10466252537365363,0.07576438953262937,0.0959071241551363,0.08408509299163373,0.09049459362838312,0.08063461387469269,0.10165909395324309,0.04787586098486181,0.06233116252787841,0.08134417849004387,0.08841886537388625,0.11533008986966302,0.10689437354620802,0.12846668163058003
80000329,batchA,batch1,34,1,Male,92.79283580539844,6.263516152441212,8.55059595921029,2.6529924961508153,1.2608288771120066,-0.13458040261130255,0.9513188259066747,0.10709191907683598,0.892908080923164,0.07415829190639901,0.07444230679124095,0.053099577286615796,0.15396461380738888,0.056728163037732454,0.10411261105202253,0.10160058983852784,0.10228297526476182,0.10689143728153613,0.10457714848076716,0.08503187011985526,0.10516521157735916,0.0720119274677856,0.0938009163543042,0.07274524202575584,0.08043066259353511,0.11772237845333237,0.0854090519382607,0.08035016401403235,0.10978628470764024,0.07865042061927725,0.1009353502646416,0.09574676485607383,0.08954763235292351,0.076740433472085,0.12438514955041745,0.07958147910753963,0.11908398577145025,0.10235824823636423,0.1754725585194579
80000330,batchB,batch2,34,1,Male,77.1267071210275,7.523755987334672,7.433942233098602,2.723616254781689,1.2483806919083504,-0.10887494363500189,0.8723698461068878,0.8421572248616467,0.15784277513835332,0.1636056009383866,0.15222733826604964,0.1443002829788286,0.18358095374820754,0.15391044338732024,0.1681241888287584,0.16720772235732792,0.1539237585812061,0.14425277739715978,0.1542101769682707,0.15932147534228547,0.1266457630099192,0.14854281056011717,0.1436926823815434,0.17780356141448492,0.14245957140799556,0.1722740451545501,0.16127882419743447,0.17235953612843452,0.16777303026865584,0.1662797832883819,0.16401468892641216,0.12758031450872417,0.1356746065416502,0.1450364849119806,0.17564682637284118,0.16928833462496087,0.1585293102738261,0.12167672856087423,0.07916104254239388
80000331,batchA,batch3,34,1,Female,86.87687910719015,8.120010362004633,8.139301252339298,1.2538211065463634,0.9518793849591778,-0.08166148562312849,0.23874926276497002,0.18951534751674923,0.8104846524832507,0.09519634557563181,0.09794672707695729,0.11483269595776044,0.11232009037072793,0.09072390204559405,0.11528579907569216,0.0699537939413236,0.05987922294025943,0.08552960322412914,0.15954301089317502,0.134409177555215,0.10579462019288358,0.08790939931124761,0.10189417512676499,0.08220080649462776,0.15354063830000694,0.13017044160340627,0.06801141789221878,0.07117104907467205,0.10862749335907748,0.09871376534567215,0.0790481502186391,0.08533954183436547,0.07493403948815422,0.11087720724709721,0.13862755741987215,0.10151666556214857,0.09120405293290783,0.06376120443130077,0.09889529595008974
80000332,batchB,batch4,33,0,Male,90.0726594041435,5.382242350146635,7.219729044363313,0.5767940723118594,1.0720785289906576,-0.08844520856660218,0.6882912771017548,0.8992076348668728,0.10079236513312717,0.15832413371488918,0.15750191553747467,0.10282851636759045,0.11085833968734606,0.1769096934363386,0.16765422730442087,0.11868083805082089,0.14139979382968848,0.1779248816879478,0.17084605670289957,0.19862458105641434,0.15162727381267507,0.1574096267464548,0.1811246121216056,0.1605603759588018,0.15436963532724954,0.15101136300341678,0.17246009485821912,0.17176747917952834,0.17307875802090095,0.1529905525777962,0.16013368156825078,0.16866052792966107,0.12344455006213888,0.16965695196169456,0.1547077007247879,0.16819964358586398,0.12109215207470736,0.16563611210831508,0.13583141045452482
80000333,batchA,batch1,23,0,Male,80.82324061719005,4.555527549259214,7.2789909602505,0.6518494873932503,1.012184223106933,-0.04001314292628385,0.7205074329721077,0.1514756447317042,0.8485243552682958,0.09743301043067955,0.1404232601621625,0.08133192367257261,0.06354949493090267,0.053714772308732193,0.083230110995794,0.0677469758011,0.10013296170874707,0.0992438238196187,0.1284704250562524,0.10989937741652013,0.10035743844920124,0.10816649043222416,0.14167288308008236,0.1099659628900638,0.07953513878531537,0.07787398899471905,0.13111640762292737,0.09074370640849712,0.1023482163268125,0.11987039404231783,0.07672243707604605,0.07164567915610742,0.11862329589178916,0.08422065478773927,0.07698129195288356,0.11828268601947525,0.11177091830606678,0.0963111957673388,0.14417910886673296
80000334,batchB,batch2,33,0,Male,85.19606045785065,6.312111731380213,9.041514202753612,0.7030262142358655,1.1499887719451922,-0.14118805673285134,0.9227303275207844,0.06344881060684297,0.9365511893931571,0.125225354404673,0.08074227639069409,0.08915102588250388,0.1391244651127365,0.12187797098066308,0.09565578531373305,0.08141520048360282,0.10226781070597603,0.07360834193248099,0.07473744852240205,0.06353365744951785,0.07164686382052218,0.08104681656097662,0.09390463188580626,0.09602970168847394,0.07890599207381248,0.08962329749794197,0.11358842209206808,0.10094423836841478,0.06954440591851288,0.08460883157540247,0.10997660490671347,0.07209676066971014,0.06835298980018689,0.07361365822393162,0.08157521185339227,0.06928450234319347,0.07430757163318691,0.11447496242655457,0.18289842186677607
80000335,batchA,batch3,23,0,Male,93.3078315369849,10.765712886192308,7.096249795503124,0.6478451235092191,0.7851133427970494,-0.0826931339099303,0.3525450151579203,0.18153159715935277,0.8184684028406473,0.07010005754627718,0.11532762745530527,0.0686941847664759,0.09671358669715596,0.07878824700755156,0.08039614904625506,0.17503296393692944,0.08245377299313847,0.04562932264772301,0.12395822254213447,0.0922741246252758,0.11321786364563839,0.0727021602575743,0.09085763190335715,0.095299012596924,0.09509397611246123,0.092305502154779,0.12159368992510437,0.12689352942402898,0.07171993810427417,0.1246612748723828,0.0742992671268356,0.11101924178073808,0.04350266032685201,0.12194881237625525,0.10758902635697029,0.07607023568462803,0.09776746852969455,0.09220074253640317,0.1516813572123951
80000336,batchB,batch4,33,0,Female,91.20878367639341,5.745340391100379,6.205038005720694,1.037428398725226,0.7032642332783975,-0.0948985457069023,0.4757387362147353,0.11824868782589107,0.881751312174109,0.0998763388138272,0.18273646279031974,0.07105858248880577,0.07856819458058821,0.07841106822756215,0.05365020761313782,0.07127141873887173,0.03883884260674663,0.08176034398621174,0.100569345134896,0.06919700723923165,0.055626994415336334,0.08580709350223256,0.058455999522169316,0.09640121661545764,0.10213356863344532,0.06753142153513646,0.149919307533323,0.13791848904795181,0.11946101669731642,0.12114794702864037,0.08421662270967344,0.08090712334888102,0.06946969128777654,0.08605320913008284,0.09190280287528012,0.12096550576657301,0.07810967600138487,0.08565102900854608,0.13270678750300255
80000337,batchA,batch1,33,0,Female,91.41418291781041,13.700380125826264,7.296887918924922,0.503106283008989,0.6682512889679768,-0.09707748848113214,0.43054589722652387,0.8712469266257392,0.12875307337426078,0.1705691397356705,0.15258448265468777,0.10985834360291714,0.20992748829197477,0.15316950472329888,0.17968574701373535,0.15032824261138103,0.14953042226391663,0.1389361569392613,0.15448162521520414,0.16670352493566604,0.15157043577171259,0.12146683213084725,0.1643473034412279,0.16437564426507736,0.12052160064083631,0.13612031798228583,0.11892647386865061,0.15517834893835272,0.1725824453765374,0.1687188572013106,0.11282867978924746,0.15357918401940676,0.12530669822052093,0.11775673061711754,0.1536551243439165,0.13971816314207006,0.2056776821684487,0.2097880672130596,0.1109823625721517
80000338,batchB,batch2,23,0,Female,84.24028417347863,6.146876282776731,7.427125246008868,0.6519178945547895,1.0096454139236295,-0.01801636471478084,0.5102139367264279,0.8320977117361477,0.16790228826385234,0.1843219854443886,0.18181269917810716,0.1774625284488496,0.1805323280749037,0.14973814510696373,0.13211579464377748,0.15775168857060223,0.16107296769723192,0.14212608012165018,0.13350642132884608,0.1808637979678144,0.14876310544386062,0.14062854693305699,0.14301758083509727,0.15403121673957482,0.1325475829752381,0.1604603063205116,0.08760722383170869,0.11869347067620473,0.13974227807571724,0.1624785632421687,0.14000300574664254,0.17485424634553273,0.18378125434175926,0.14595831517439672,0.12699044019994377,0.1468822542579471,0.17385353040929583,0.12517198302710303,0.1113737977021546
80000339,batchA,batch3,33,0,Male,86.86538558082539,7.557936459932085,7.586537271763458,0.8175034308818445,0.688697371534866,-0.03326298980185968,0.3260497500986307,0.8253624046467085,0.17463759535329149,0.16657661907046392,0.19456831382878068,0.0599311729097266,0.10384160602672896,0.16707640868448634,0.13322255373368788,0.12151046597643249,0.10723318953266589,0.12402498997739844,0.14926868858436815,0.14144701818469935,0.14484497782225564,0.14369970095149048,0.16323299801742797,0.1661900192146963,0.11541758600898486,0.13642420188171436,0.20800911986047074,0.11653266833607069,0.15412392533320798,0.17009727538590763,0.18267437749917298,0.16217045996988771,0.13836129452954404,0.12903206237063036,0.16139125874559612,0.17327547507241917,0.19253346780407465,0.18608381843564267,0.12489388816063621
80000340,batchB,batch4,33,0,Male,84.73368709458848,5.122858462564965,7.700304385937112,0.7135173232948692,0.7077462547456786,-0.051212518418242606,0.5244900571695819,0.7941001480381025,0.20589985196189753,0.13836218277275258,0.15271521251790945,0.16815933439638409,0.16534455955193783,0.20389034839528333,0.0959959847406483,0.09255112047307741,0.11690623518817479,0.13239499650997508,0.17885657836870036,0.16368766831087495,0.11706787646857911,0.1327969014275247,0.13448848598643368,0.12882091648542418,0.1460711990495689,0.1397840687768385,0.14178345070275314,0.11857032323121107,0.1680395391300101,0.153902725957809,0.1378300701030899,0.12375747092740508,0.14386036995550355,0.11018864800452069,0.16412961683803368,0.16649757737747897,0.1524795378488396,0.2021174394477612,0.11669600299028147
80000341,batchA,batch1,34,1,Male,93.23496839501577,6.4694572798554715,9.157803267467932,0.8262724239376175,0.5871070904623802,-0.05200718118649298,0.07421037802734563,0.490850803438607,0.509149196561393,0.07359223782900477,0.15271699473208306,0.045499176051993245,0.030475331563295183,0.11167587737031874,0.05030104821899645,0.1252998841260766,0.11824671730448956,0.09794795271296972,0.10089832817199708,0.12470102677929902,0.09284002625083136,0.06755364050719193,0.08954608937046765,0.08923559808516987,0.10305794376797282,0.23694630230014896,0.08869408738348213,0.1853816093385166,0.161713821589306,0.05385437526112323,0.04524869465472785,0.11059020908814328,0.15948615222423063,0.0942856920779781,0.11171189235278299,0.10817538769639724,0.2043611593885709,0.15342253776719686,0.0762745073131536
80000342,batchB,batch2,33,0,Female,86.0835129944742,1.0,8.221807476548335,0.8408703323278609,0.7818456304169425,-0.011134242824121697,0.2688816959722662,0.8716293271146729,0.1283706728853271,0.15723668818047726,0.15812609246005668,0.13893279331893132,0.1032472255240059,0.12065479195848322,0.12913633366235275,0.13925368762930457,0.1066328254587361,0.16623632457906548,0.21069445276444168,0.11215902192777184,0.12045293841407341,0.1180692682999662,0.24375753632979358,0.14974842791121132,0.1806224482652176,0.15389732991710792,0.10218227206927415,0.11057673560976741,0.11790616440381377,0.12127395702886513,0.16688422784298643,0.22998807888661707,0.1341049450355122,0.14527665513678034,0.13981198360616048,0.09671778115711945,0.1909182538001058,0.16161491886890744,0.07901071621227877
80000343,batchA,batch3,23,0,Female,82.43325370202447,11.382346878424812,5.358115407989642,0.7110982680397806,0.8033946553088294,-0.09506804125603115,0.43692562785010997,0.8458164981099456,0.15418350189005436,0.18062982580613726,0.1361205113395182,0.09092946274680151,0.18100345184957767,0.12533835796059206,0.14480066639652064,0.17958190228446222,0.1671599736766818,0.11249260473295732,0.11896029958890836,0.15113848732056123,0.12237103424118584,0.1611144772350032,0.15419897941582472,0.2021196504607706,0.15351510670542567,0.1344990377721794,0.12803673829542128,0.13358676192729918,0.18510021399172497,0.15215528410347645,0.14457808542233735,0.15876154447855448,0.11537935948724935,0.16005842681221932,0.1458045942212729,0.14280004965456372,0.1957640428884941,0.14316822631729625,0.09145280053330516
80000344,batchB,batch4,33,0,Female,81.09900502737531,11.369850307590987,8.68334888859291,0.6844248816708863,0.5429519463201881,-0.1090282612024629,0.4392066846150448,0.7651121788774594,0.23488782112254059,0.14196513919059398,0.14016967281631212,0.12484806709582957,0.17721780651311814,0.14936647355170138,0.1282998887243831,0.13485720589200165,0.16370384262332674,0.17386994351537285,0.14677208450853627,0.11969381306843704,0.1367757919604233,0.15999208411060883,0.18188928896454515,0.13184720838448127,0.11641905791885623,0.16601648147102577,0.18029944519667904,0.1447681247598153,0.12262766230816281,0.13243088101116554,0.1462917606559782,0.12690370733690975,0.11090239918463454,0.12652303713358562,0.1322387998485665,0.1319331681742678,0.08763592917616797,0.23421794791787312,0.08626491862642481
80000345,batchA,batch1,33,0,Male,95.4267780237835,3.9023495153315224,6.0975891510998,0.8217310882471607,0.6343899930343991,-0.09759922997808293,0.6797330377965057,0.1964526794350685,0.8035473205649315,0.06994729208871876,0.10078091490011062,0.14424577157687563,0.12376266308674404,0.1122553055703219,0.07846303998479628,0.06475807027985502,0.1021035168847957,0.0997134923266265,0.12578982307353775,0.10716495741677261,0.12991374468050518,0.11099083772956668,0.08231561977663981,0.11487848611079,0.10511759867509939,0.1024820353879622,0.10630742564353986,0.11207425182082618,0.10363664647067902,0.07168263617762219,0.07538426046866166,0.09418633186784134,0.1352498422122962,0.1083706131093408,0.1029487003473637,0.15617381917827974,0.11094902383112495,0.10366178950747496,0.14691319859128604
80000346,batchB,batch2,33,0,Female,93.60106826685809,4.45142628761794,5.563225850343466,0.7488739274651177,1.1589391318628077,-0.14008984038168792,0.8311951271523772,0.838571405089224,0.161428594910776,0.14355641881639106,0.16086625035577032,0.12609118840900901,0.15706853334199283,0.1531096834837818,0.17718466070614192,0.17686111536027416,0.1869495493235043,0.1531779974509349,0.16487102574288115,0.15541603207408528,0.14588611382871222,0.14913717948419697,0.13992063003913532,0.12886580685800314,0.15140573353452635,0.157019038514188,0.14120973173511175,0.14204563167272194,0.1876692724710324,0.14515047368989153,0.12389784223718446,0.15098077773509985,0.14984220946859214,0.14989047339242495,0.15270977038480923,0.14324796429662726,0.13578548778923802,0.11372702019282152,0.07284745206339974
80000347,batchA,batch3,33,0,Female,85.55767901799895,6.205777481980238,7.227170286407335,0.688976091148271,0.5048634621575256,-0.04311307002002083,0.18397210185554108,0.13648657285585203,0.863513427144148,0.2011228310250138,0.09493371927905322,0.08849031523142901,0.07096467342441307,0.10668431639372371,0.06605190261794985,0.10858030406628433,0.02599384453357587,0.051792803390458365,0.06489362053265223,0.0757011446561758,0.15492479040994853,0.1383200730907191,0.10100411065064256,0.0477306407601563,0.048884488938569365,0.13251116098567997,0.07324199486758473,0.05980484449206822,0.06893968918985385,0.08097339187233153,0.09737116328195014,0.07912855045266062,0.02003408318860756,0.09017010833167671,0.0999730657708372,0.09859936874510107,0.07952607795665755,0.0455348549150558,0.08759564482903481
80000348,batchB,batch4,34,1,Female,82.19167263417562,5.653690745100841,8.250226791222278,1.188174991354339,0.5079928309504737,-0.09167187917012068,0.24504316623471237,0.8239586388298019,0.17604136117019809,0.18537225202691998,0.1449445387694051,0.15105626116145945,0.17474292223022986,0.15724308574438764,0.10861127771343763,0.16066579695770952,0.127103573008928,0.12287719846343308,0.13408356382021608,0.10062536988645554,0.13371384539314968,0.10639802740153545,0.07726559259999718,0.17297801551797126,0.13351049965393644,0.15293812583415567,0.16585452995704308,0.19475291657893332,0.13448273921377757,0.14407043661534158,0.16292556973760366,0.0922913499480359,0.1297683732658395,0.14260846793135556,0.1235115379096308,0.1237711278144996,0.11661455984616056,0.2593131966549057,0.09193553599719899
80000349,batchA,batch1,33,0,Male,82.22238419457092,10.423439739501386,7.793639661579965,0.6575810947347744,0.985811084262441,-0.1261922264087153,0.5282035141046723,0.9230271036868264,0.07697289631317361,0.18074734393978015,0.12409793140815241,0.18384621681356197,0.237619556063509,0.1907752229134572,0.15199021342080446,0.15198041817899113,0.16045551473226613,0.13195892655746735,0.1435911092531209,0.15088997891355005,0.1741900738872476,0.1720825505932528,0.12996185809630242,0.14913097011345813,0.1254349284154806,0.1858351881337317,0.14775483354597296,0.16235390524102875,0.15379794359501486,0.1711176875750194,0.1293936467144098,0.11796530487229966,0.12150768567689253,0.12987511900755364,0.12622632155378594,0.13712196140029825,0.14052917061677156,0.11334148937307204,0.08437159324425039
80000350,batchB,batch2,34,1,Male,80.22052789812761,7.463531182980924,6.731035782270066,2.164887804715625,1.0909360582837746,-0.08079649180355138,0.6461236952078345,0.1481882674408212,0.8518117325591787,0.13795442058437787,0.08311320993618629,0.10079611628330204,0.1291923484378279,0.06987176320371224,0.1125016089177232,0.0907592947910518,0.07391933854784394,0.07399444764092343,0.12125721953427807,0.11259474883094174,0.1142703089954439,0.08310999274828221,0.12948638960608586,0.12392549858348909,0.13148648743963712,0.06972387277380399,0.10710049809940327,0.1069936539687771,0.0804180786853972,0.09358084466201684,0.10350502608477528,0.13021295288315177,0.09979516740576556,0.11048426216210555,0.0634528787318714,0.08743622359464244,0.08989566492676689,0.12592242274176105,0.1234799449180087
80000351,batchA,batch3,33,0,Female,82.44574543254998,7.246029223860992,7.1983879728422675,0.5982344156178325,0.46972837415506286,-0.0762293649598588,0.14176339656982,0.7918888555242676,0.20811114447573242,0.124269416280901,0.11556826214198809,0.10054343267704059,0.15374452062752839,0.08119787895064777,0.13744433248085502,0.17278544473457366,0.13131720590660886,0.20186597582005714,0.08026341959051267,0.11453351057816781,0.09646380180444696,0.16782997371968364,0.13409301062694975,0.11722868275694943,0.1743145457910969,0.21681866840024688,0.15442951150540815,0.18311134183782052,0.04701671883066049,0.15642182191962622,0.26080375975635395,0.15595498800165317,0.1579604725663914,0.14843447785640582,0.12609619039625067,0.11888808546597236,0.1300442921340934,0.15313549514069894,0.05077748027036779
80000352,batchB,batch4,34,1,Female,93.56673273344552,4.677940659953009,7.2819733373176625,1.8910728309503788,1.1378674502679862,-0.10216822190750668,0.5589610972759401,0.8023459680106378,0.19765403198936216,0.18713036770823713,0.1751059604461804,0.14725149780850189,0.1839290311931813,0.13114193174068023,0.09715188421252563,0.11480827243650285,0.18592341419409744,0.16389297074472242,0.1356578126765852,0.15996527913684497,0.21258126619724435,0.16717625750678727,0.12214277481777666,0.14432440373260605,0.1611135074381302,0.18252321694968657,0.15061621960485733,0.14511984957504842,0.1352698056661886,0.11693183146010587,0.1699081305739841,0.1440377231880569,0.11634751945521576,0.13179365058839695,0.155851193767242,0.15126083957706216,0.16557865845448705,0.137211894631136,0.09817250929828356
80000353,batchA,batch1,23,0,Female,82.7094954630825,2.9103973724893315,6.136972205262577,0.5313347923068261,1.1512254345784547,-0.12224536561902175,0.8970098388298674,0.18715818314366595,0.812841816856334,0.07190360877466369,0.1092411809941541,0.109825906376845,0.12619045375857477,0.08437981792616533,0.06302743431528147,0.07549608447185556,0.0947199813909159,0.08401649300149709,0.09060580901137032,0.11638952091758066,0.09149104612872305,0.0924861240665332,0.10468497553506641,0.0875001386321007,0.10956882265676068,0.11737916602530082,0.08488824587151356,0.13140533569509558,0.07286616727847912,0.076315629290501,0.09268658921382102,0.0773831231780246,0.10466932163472495,0.1516259293181328,0.09290490863146268,0.09170318827975603,0.07631951828721129,0.15849972073373095,0.18316166364443276
80000354,batchB,batch2,33,0,Female,93.15714310612216,15.17708942626674,7.990922892112153,0.690417746956723,0.563902958435051,-0.02993621685151525,0.5334622336088748,0.9043987857242279,0.09560121427577206,0.15838684547946164,0.15928045481319617,0.14606879977365264,0.15615360009474583,0.14016842982518105,0.1622976227816428,0.1684405482492725,0.15150328428566048,0.17193180452043402,0.13224563384345428,0.15229863451122502,0.19967026289635262,0.15175336349889096,0.1463633310548946,0.12484409849401812,0.1339262177388576,0.1497075251332353,0.17809183973192058,0.1703777600072239,0.18765918443312735,0.12936739419261312,0.1593828295802234,0.1518489000426662,0.1537324897400657,0.16837769288802845,0.16540979213864354,0.16360894671338355,0.16545334157065814,0.10763967080791144,0.13723663034229888
80000355,batchA,batch3,34,1,Female,86.72185181258057,6.545143850940024,8.353811885322097,2.2046420221171097,0.9420200470567727,-0.0844917830143155,0.7653140626235746,0.9142705262985585,0.08572947370144146,0.1507514714246926,0.12350687034822566,0.13722259674307213,0.26555315519712896,0.13176416005982108,0.15170697140526895,0.15656174095610229,0.12973097613889795,0.18519123525907263,0.16349306415432965,0.15541890300725011,0.17350667448037416,0.15485710271419822,0.1650198714968687,0.14505260035309012,0.1385944889463007,0.1323160159716379,0.15763309611127918,0.16256471382225254,0.20321346304056082,0.11499933722832331,0.15505243981081765,0.17418371087744527,0.13738387355523465,0.17969344728905204,0.17419669095043694,0.18146316515535707,0.1662903381404688,0.13891232249080993,0.0871266594146436
80000356,batchB,batch4,33,0,Female,99.43803365064247,8.851075838403752,6.768102185889811,0.7993885642306597,0.9187685066874023,-0.017666416038622422,0.26732866753232615,0.10410028116581352,0.8958997188341865,0.1332328036127341,0.10931611796061307,0.06719847469743931,0.07967394527730758,0.0663472769659514,0.06489287212765711,0.13145500580635375,0.16674300214800986,0.10910453975219378,0.08172469215823096,0.12790206904226828,0.10370467409710103,0.09148644942485235,0.08515189452191521,0.08206523073540933,0.0746693277039047,0.0994450392612782,0.12545631300549817,0.14336538169738258,0.10265172130590113,0.12935007789908026,0.18890318533505218,0.03757562770278453,0.11263922728830804,0.05125193258813181,0.05342846988399463,0.06196127334258215,0.10038487150080981,0.06288904600490877,0.11681095557495443
80000357,batchA,batch1,34,1,Male,95.2961381730468,10.851424321732313,6.782222034965352,1.5322646835093783,0.7424815489784196,-0.04846165233003181,0.30705172823479154,0.8302006824509743,0.16979931754902566,0.18770943522424074,0.12531176840127733,0.13657545043098482,0.18573564854182442,0.17730507701600265,0.13956181414814522,0.1261752881091646,0.25223017493571415,0.11147373826668623,0.10859149731499017,0.13645554623867057,0.1914249698716974,0.18463661389489033,0.12841289612586484,0.14292697005811222,0.1353772671242418,0.15559925379278344,0.08612481618518149,0.16248724125805386,0.10572782124607617,0.1733239872507884,0.09766665075102972,0.10982331454364702,0.08392317748903712,0.16604677261378245,0.1073032348576671,0.1617244034786491,0.14610539211195944,0.16931841794504482,0.07813990372091897
80000358,batchB,batch2,34,1,Female,92.88007697367223,1.0,6.943514730511328,1.2533971391119052,0.6836700175323512,-0.03572452169565891,0.2835895060279892,0.10028612768664243,0.8997138723133575,0.061516374784642065,0.1106787127275443,0.1277348558044154,0.0921343208089034,0.0964739344833075,0.08720949484375497,0.14568566029996072,0.13852477273163016,0.09556698610625616,0.01674629575029367,0.08953970693640942,0.1495886763619915,0.07423454611956169,0.044206972412978794,0.010335954732449026,0.12239212945241454,0.09525038449418455,0.14626529318686413,0.1210585401835723,0.04337718520166346,0.05089058788453456,0.08095302033651025,0.06316603834379476,0.03828824768042596,0.0709101360798519,0.06212780829703821,0.07248685634774293,0.09619075262497223,0.0758221237321458,0.15026303143841918
80000359,batchA,batch3,33,0,Female,79.96335547271475,1.0,7.853181155782148,0.570123834618907,0.46972264970067373,-0.027485988982131858,0.2507470239725355,0.8347165670876435,0.16528343291235648,0.10682486263067419,0.16197184068400888,0.17647528377807362,0.15460901994773227,0.13505280629138627,0.1805346850074578,0.12315350356701199,0.1786963532576562,0.1578173457634273,0.14397120427090676,0.19962581813651428,0.17955233220651667,0.10129104540263743,0.13106338505023749,0.10957948485660274,0.1362184723573596,0.18681636480350003,0.17272851169699785,0.10351657179748122,0.12473009937797135,0.13253322761913414,0.15704442343472932,0.16124614445573443,0.08799009778943989,0.18980552255559907,0.13447364873144388,0.18318655168675868,0.10224327134090955,0.09458882367073432,0.1064987817970425
80000360,batchB,batch4,33,0,Female,97.32901590795748,7.5773916513790125,6.24221867843099,0.5404298430082405,0.8359105246077446,-0.026796685286230262,0.4263578423348215,0.13214006318407573,0.8678599368159243,0.04896905536447362,0.1020625576477081,0.060449487680917804,0.09129823767030613,0.08969951878037269,0.0738219048897163,0.08858430898979176,0.1337334380410275,0.056327099520229386,0.08605362279335424,0.056787832311846316,0.15749623363761747,0.075036275668607,0.07257942110181491,0.16443014135008494,0.1070878640055402,0.1218964252565436,0.04102372503677864,0.1181742110441303,0.07778724104239368,0.11172834281920471,0.1148510205895135,0.04960797553810979,0.05807051764015547,0.06356415536221606,0.11527043139772716,0.058729749175659623,0.05015020028014481,0.0663856670027381,0.10273349792289946
80000361,batchA,batch1,33,0,Male,83.13514429125635,8.25871997004094,7.931340438971256,0.3967476753147909,0.8040028209722476,-0.09898483674799965,0.44008017504300534,0.1730869119848489,0.8269130880151511,0.09284458999348182,0.11388163463971798,0.09725778699358965,0.060110609913872376,0.1092859009258538,0.05638004257652806,0.14244776602187645,0.0709639028299008,0.07162558866494448,0.13791433460828462,0.08892003079567376,0.08513212351154943,0.02979918014882785,0.08336007708313592,0.08947203385306979,0.13414207062042693,0.08095627665762656,0.13514683196625782,0.09952721687075854,0.12705632493785432,0.08123404075801624,0.1226103804060735,0.06945715696963027,0.09964215014751945,0.06821326275616109,0.07777966641174879,0.06715683900734119,0.12487206246291443,0.09833510874500014,0.16691654520139013
80000362,batchB,batch2,33,0,Male,88.31091603032179,5.644858642325239,6.552254236670494,0.697934253882148,0.2809755505581179,-0.0481196082625022,0.22895371553042132,0.08676490989546039,0.9132350901045396,0.06260850416383726,0.12202257981134329,0.10449984717227837,0.06935636739783817,0.0577477002965564,0.049722569797982355,0.0577924022186678,0.043852215877036256,0.03169954312203272,0.05483694925358962,0.1260702294953211,0.10967047042378862,0.06768134495363219,0.1319534824422077,0.0579340071541691,0.03915716246124241,0.16212849678919355,0.09373425902452981,0.10504738732594297,0.06049610172997471,0.06381934589311485,0.06851521619189735,0.10914959150411764,0.05013356006307777,0.05530237247623314,0.11476152247900008,0.20193779788344068,0.07794708706170274,0.04910914106822101,0.11316842487846059
80000363,batchA,batch3,33,0,Male,81.23647207116535,2.5310004669420554,6.677475845334422,0.7374716218333713,0.9355767960763818,-0.07478424996418151,0.8548235583550944,0.07327861600443615,0.9267213839955638,0.054996510732484946,0.050567398485903664,0.10103954174161592,0.08759582684070566,0.069315841484415,0.08418726095579089,0.07291498597415254,0.07582108075989501,0.08215516274170034,0.07738965351527227,0.10398522594582806,0.09309634840124219,0.07637853599794284,0.08774584273392709,0.09914257868126533,0.07014509848435742,0.10797038463676363,0.07402453811171539,0.1217555557752925,0.08822568995847425,0.03539009826317791,0.056443133457134025,0.0656973985819282,0.06265556930133294,0.0926531537883251,0.06892674867239341,0.08817210121987634,0.09120318240657599,0.08040749011652815,0.18300653657843294
80000364,batchB,batch4,34,1,Female,79.74810111317618,6.019601069966601,7.785055045169551,0.9086387587110839,0.9599406145939214,-0.06109517076742905,0.030334005611584385,0.5368812715295032,0.46311872847049684,0.07078492930682723,0.03332759321050326,0.12040090274145424,0.08307676242460128,0.14795289433753767,0.14972701019032553,0.12531376200389033,0.04006145725966318,0.12395721764660379,0.18182797807776557,0.03141126113523596,0.13064388378467623,0.190621216681825,0.1367389802292872,0.1346066295024251,0.07492809747939429,0.13265063214403613,0.08279455791334564,0.017642366231649314,0.05218951693654172,0.07331058551364723,0.0679659106325508,0.19530045775651533,0.07348253981971675,0.2444893087058894,0.17664575030238505,0.19416970462514646,0.03553132681598689,0.035657048619553475,0.14033916750201705
80000365,batchA,batch1,34,1,Male,89.12550000777209,8.941163430075754,7.880725321920365,2.602189505500434,1.1206490707552959,-0.04537527237956107,0.8512388569623115,0.1729488370817517,0.8270511629182483,0.1033088435829958,0.10686535447285204,0.07713319988391952,0.15042561761612366,0.11235788287666512,0.10999143829177124,0.09772369112049908,0.10266496209921123,0.09970644758228431,0.07216279919241558,0.0900637424443421,0.17074990329583287,0.09948480261355833,0.08819201338630168,0.1119118542038157,0.06874757547057417,0.08980171833742001,0.09225233968807235,0.11204544930310391,0.09960428381097161,0.10060687101757464,0.09808496249070581,0.0804546738654062,0.10088291125527898,0.1024955087750464,0.09219291929452748,0.10736833599401442,0.0840772163982834,0.0913445254149038,0.17909018269941074
80000366,batchB,batch2,23,0,Male,93.82696894097066,8.716290817902246,7.774429876432042,0.7556678399291661,0.8684784494296881,-0.08753713892450958,0.693113081357205,0.8846494158621325,0.11535058413786747,0.1672923784671389,0.13217297245627718,0.19305790209402052,0.13870301283366496,0.18029929512945522,0.1723810885220002,0.18001240848351688,0.13783942677410488,0.14512661199831617,0.14763067578758207,0.15465905639745334,0.13199792975178914,0.15872626518569352,0.15915004808361233,0.17932265286358162,0.15730157545421763,0.12132372322105904,0.12598641155965884,0.14208768771992528,0.15391277400414222,0.1985770725016986,0.18501120915193778,0.15161686577667036,0.14334895835176825,0.159345196916533,0.1592667540780345,0.1569631633381634,0.13115763218865945,0.14850257130603592,0.08128965976675144
80000367,batchA,batch3,33,0,Female,89.73772304428647,1.3239636928940515,6.804800427533827,0.8269353973755098,1.015039825508987,-0.08699753711894001,0.770653597486711,0.11588086749731986,0.8841191325026801,0.08125762325697827,0.10644491062658024,0.10081692031606128,0.04330975498688287,0.07396589312910601,0.0736075938665053,0.09187037369018386,0.06829334143070467,0.09149717234130172,0.10858865055817786,0.07931076814055593,0.08717386267031806,0.09804895737363524,0.11935800590477214,0.09979441047158477,0.07776177310300614,0.11242127625199871,0.1070563302252567,0.11160849910659003,0.08317284679909426,0.11643349146907259,0.07961439380653307,0.07349506550777245,0.11692064791420217,0.09059784010212947,0.0911523009841887,0.06854788269036721,0.07072805900208204,0.07428811679882874,0.1460009745231062
80000368,batchB,batch4,33,0,Female,77.36380671479155,3.449780957068075,6.402452262652317,0.5686929790508128,0.616767045155456,-0.06550833151303186,0.12735463560297486,0.12431095948318868,0.8756890405168113,0.08953567589230133,0.085032269633059,0.12957058822117332,0.06846115065768285,0.1284690598101088,0.025959732020800184,0.07575830289332074,0.14054090762695343,0.09251524810059152,0.10357279483081386,0.1018467085849972,0.10431939246743849,0.08000689115239842,0.1901180884996311,0.03825819553543833,0.11822931720317942,0.055325107624272146,0.057166944979691006,0.046550703216396386,0.05201365028251819,0.02308083435884815,0.08771970636361606,0.10700559741128482,0.08007991402900107,0.13328905346381473,0.040432804744760416,0.06963079237401704,0.0601282416653086,0.08810481950131668,0.1625538203346401
80000369,batchA,batch1,33,0,Female,94.5720828674835,8.346262991163238,4.839805043587679,0.8894969433574698,1.2680884619085455,-0.01338955956256524,0.7775410831994473,0.7669160081221875,0.23308399187781248,0.14272683454649482,0.14571156983143732,0.15144329734303705,0.13362161082329047,0.12769486744413955,0.14295328911386537,0.11630922115638544,0.15515534073459833,0.11417609990607605,0.17655980841027266,0.1725678926854575,0.12801490575743682,0.151191725591322,0.15748132956804062,0.16425484353635078,0.09585372686831346,0.14271021654804364,0.11542633511914145,0.16017129628955584,0.13164968266168287,0.16152519104824173,0.18126694495922022,0.15267217567003363,0.13700031167239957,0.13114605484310704,0.12568882163643819,0.1908395671292977,0.1580202316010011,0.12113988029410422,0.09110914397253525
80000370,batchB,batch2,33,0,Male,74.02526404506933,11.445047816319939,7.881647889196438,0.772713341314987,0.8518327614369751,-0.0666883191880346,0.517531160651499,0.06572758392239338,0.9342724160776066,0.05863579713341168,0.0744228437403977,0.11288237543277473,0.06200632727173533,0.05739504098890237,0.05035818072620496,0.08944533511350689,0.044674018939008193,0.042165733197137074,0.034297322502798405,0.09054413578426522,0.033538845928906644,0.0867321680467049,0.08261247373509324,0.06886365791293671,0.08124966968983412,0.0968335811405637,0.1210263910281366,0.07733638100414583,0.0872370373796518,0.05581456739711779,0.08666556550119837,0.0783473123704196,0.09350944284805368,0.054421082832286215,0.13850268082155548,0.07167383709169364,0.08915259638893284,0.02786570317863465,0.15442581259810098
80000371,batchA,batch3,33,0,Male,82.20219752418896,6.902614457085134,7.981783521913859,0.6575031533508008,0.5912883847259889,-0.050637513247708085,0.3175386834712597,0.7855522526197778,0.2144477473802222,0.2039265089060202,0.12760384552468657,0.17812973702745594,0.20730707159116932,0.11306099893975265,0.12523229879367148,0.17064068102656804,0.15966368455254812,0.10284086537612795,0.13527435422081185,0.14950468552501076,0.13405459356035476,0.1349569693554068,0.12192113962832661,0.16321791842136488,0.12464992941028648,0.09566182294010293,0.14299027262485892,0.1533792630521515,0.10785656076250244,0.1482331635895048,0.10717231405318739,0.11698302838575768,0.11994151687634952,0.16116748055790794,0.11063480189167582,0.17644242155871911,0.18158703101967194,0.11707123332392502,0.11486429806056167
80000372,batchB,batch4,33,0,Female,89.53855147887461,6.078317973408441,6.39998161842723,0.7266199743080551,0.7716568560872968,-0.004848014526476298,,0.11284082742592072,0.8871591725740793,0.05769068696442654,0.08747560072602258,0.09367017699178615,0.07235001001057301,0.07094212473189254,0.10785249362424004,0.08068082543725595,0.07530709523485322,0.07980987844946079,0.11419615449343772,0.05556168343071757,0.07883078051520546,0.05004859228673214,0.04820617916210846,0.07825901465324185,0.06392815656209946,0.07899256795625902,0.0402805964524283,0.04381875007093651,0.1315989265683798,0.11013532611254889,0.03268276538726238,0.12404856270118068,0.09423886422695897,0.11360074922276592,0.0879834288051812,0.05280272990615566,0.13349622654981902,0.13583937122740922,0.12605064173157954
80000373,batchA,batch1,33,0,Female,98.40041599821465,2.720625529897074,6.8501795324492285,0.6121330047822022,0.8802377074007697,-0.04324212835094011,,0.13969730813475398,0.860302691865246,0.10256822896197931,0.1085604719250919,0.07333461867474309,0.1299389215920837,0.10296420509799013,0.14723908093279198,0.07658215991209212,0.07827626252793744,0.05450596928940837,0.159509395523403,0.12417638384797575,0.06133304875734786,0.10804474599171225,0.13707446082936092,0.07833475335572154,0.07458660232861825,0.04967485149291449,0.11973349071280368,0.07192160733121909,0.056153489057723806,0.1058882008546003,0.051407102734038077,0.09883909063385386,0.0586547161053557,0.10960103765292585,0.06181295853891021,0.07357659597097198,0.09161375908389821,0.0766410657513869,0.21468088543923766
80000374,batchB,batch2,33,0,Male,86.9176456657434,10.677937112607932,6.71430879617954,0.4028922130456781,0.7539434352681921,-0.09445313694308292,,0.8487706639659716,0.15122933603402844,0.15197601537378125,0.13399756386440342,0.17533609334455497,0.14722131612771278,0.14798798357827414,0.17616964660656137,0.15391891026876445,0.1580221274942955,0.13640138572182797,0.15615591965548536,0.17031475632503942,0.15293743328317724,0.1525615309151909,0.13822493164523278,0.1499724501312083,0.15608300715819992,0.17422280204250348,0.14423226008689752,0.14728194252566215,0.17264664261198812,0.11806482033456867,0.17680534934499192,0.1507544723210431,0.14864689727192312,0.175952322128277,0.16223388214685006,0.1576236912704064,0.14982466733515476,0.12827630958431804,0.08158729797901809
80000375,batchA,batch3,33,0,Male,93.86672637654905,9.258059771750709,8.481735667769172,0.7848225978133961,0.3075680656852717,-0.016758239599017063,,0.1772151143049157,0.8227848856950843,0.10611148208295415,0.09121138869362469,0.11922346279082296,0.1695944486857645,0.11887720097663085,0.09708689517811449,0.09250881825949914,0.13489135039408678,0.12514978158279141,0.08987428373141944,0.05534196895902038,0.10138459208861192,0.07751050579912948,0.07275236671975019,0.04679887408614468,0.1540136428980341,0.17468228893301982,0.0869617953704158,0.09284920743313467,0.10302120603816031,0.08564825038594548,0.10979011600533331,0.11314423890956522,0.15096153394467227,0.06274404665050767,0.1085520611877383,0.0883328048112859,0.08539953731645264,0.038753769006154674,0.1245063554190764
80000376,batchB,batch4,33,0,Male,78.89648551898011,3.4142929858595408,6.5545608818740675,0.6413756567063099,0.9890412388302234,0.005296251073546782,,0.10915079335061446,0.8908492066493855,0.10144408622620027,0.05348116104605348,0.13152896409985448,0.042765010691859465,0.07879855950175976,0.13320963494737817,0.10294160454725348,0.06980482790545542,0.157651683532978,0.0774005315042405,0.07630091537075467,0.1177127512308969,0.07445163892977082,0.07582539465139457,0.06438326149560109,0.09916146570633412,0.10571100776134586,0.06331532758474208,0.12676319212238696,0.06439956911889526,0.05701407986688645,0.04936185727089788,0.120956033651333,0.052669333604556945,0.1492753896570443,0.04774598133931284,0.07777968975066142,0.0518875599139069,0.06732796670331447,0.1412354589921916
80000377,batchA,batch1,33,0,Male,100.17891802059331,8.433853715605162,6.566248854194161,0.6610086772452161,0.707754860585714,0.00737978967177727,,0.921995622645165,0.07800437735483501,0.17051363365550273,0.12444221129067146,0.14843040188967346,0.17480583731793475,0.132393154523718,0.21801750603017198,0.16723374463450855,0.15059908113027662,0.14150107207222926,0.17305211210843163,0.13448253893403114,0.17422435751692114,0.12100183909874827,0.1505131531722593,0.18039819421614203,0.1319944878756939,0.13207348081492146,0.15339864999163336,0.15772930880782057,0.187075291308147,0.17347718691018993,0.14645819023827047,0.1476115608774477,0.17646732535863147,0.1192587199389769,0.1269387476197596,0.1382994536618699,0.10916125512694165,0.18486298815849536,0.050035693270672
80000378,batchB,batch2,33,0,Female,91.03584133186263,8.232330819031944,7.434572049277493,0.632038354713446,0.8674391570444202,-0.06533506096290916,,0.2062950448092999,0.7937049551907001,0.13418141728712174,0.10447296579208702,0.1151295268934193,0.1345194465367253,0.10766236545760352,0.06314213119022612,0.10053325994270589,0.10342688986956045,0.08700466782472391,0.07661513844099087,0.07970569553866676,0.13751203701390521,0.1180498680298537,0.07778367344580506,0.09632320548378778,0.059221377257749404,0.0993836991454715,0.07464731201112468,0.13009076696911773,0.14009774671940306,0.14151746509168983,0.08397866785394068,0.07705371849449619,0.09782506115258355,0.0972489567677759,0.06514747565898998,0.0890026552969878,0.09960799557383118,0.07466475844796748,0.13314174281012683
80000379,batchA,batch3,33,0,Male,92.25099317080654,4.20899868206786,7.197552379762464,0.7268624136443943,0.5965904113385926,-0.06861750310055562,,0.4758201917350461,0.5241798082649539,0.1677305291394941,0.2530170862389675,0.06174246354285,0.07448474212253295,0.051102331731974766,0.07225304033273285,0.11214244946019741,0.04416617166931615,0.18691153831607427,0.08064772958710419,0.13074371438562546,0.19337375964176845,0.04881846184532169,0.13663595651559338,0.14901668865255024,0.047094588203750815,0.05502696388211513,0.11327299850968682,0.18580513436800533,0.15710137711353042,0.06794041901750549,0.14562280380434217,0.18973334320948848,0.07449249794009631,0.07965905110412162,0.038982439213004046,0.06132163143527645,0.10964622422250563,0.07476052432982896,0.040037503454935404
80000380,batchB,batch4,44,1,Male,79.26802144224933,9.627516926607694,7.958427863401729,1.1665493202579433,1.0895465911865483,-0.11537799123518425,,0.11261775903280799,0.887382240967192,0.07950017509831989,0.09143655875020748,0.09064849030325325,0.12797403982248332,0.09255486337552679,0.1334732611006731,0.056900197661727596,0.08821223240925408,0.0515639703835524,0.12543909892627506,0.10836560124229323,0.08231287955255262,0.07483221963224873,0.0874992633978154,0.1179560111870356,0.0786039538129717,0.10817554260984244,0.10097351062860842,0.09239424395825459,0.08593889380679086,0.09348857611026923,0.10179204539856226,0.059287840807058,0.11200993375552647,0.11320832670085536,0.11625967781032115,0.0907211199351406,0.08906978553326489,0.1016318601831263,0.18337820931521573
80000381,batchA,batch1,44,1,Female,84.41731135058016,2.804202135937622,6.627281064047999,1.2854404617718764,0.8119073812833848,-0.04302731197034884,,0.8425707964733304,0.15742920352666956,0.1713597722128173,0.20219987225269714,0.12648071990337445,0.201166429478862,0.1225063258935312,0.11071423621951035,0.12594848014343174,0.1439255136578893,0.1616184273343036,0.13117141438388924,0.1328301354923975,0.14613568460421947,0.141566919683707,0.18500913467398078,0.1551462471917565,0.1431410776484694,0.1765711788880792,0.1747352506898555,0.14279440329235876,0.1760278106236437,0.16796585003771744,0.16440346955914625,0.126293835525847,0.14361911872165178,0.14948073990380642,0.13963679634097398,0.14660449154415894,0.1538939666770921,0.11088498790378487,0.09222331882408662
80000382,batchB,batch2,34,1,Female,84.06970042607709,11.320331119384925,6.013565984075056,1.304557719420603,0.3967469895499079,-0.11621087795123579,,0.11267632793659302,0.887323672063407,0.08564314957250972,0.0754053061591994,0.08928374451405865,0.09621278732621671,0.10877537543672636,0.10159994389350238,0.08336105742045932,0.0914017748233392,0.07240601010471424,0.1069659017516246,0.06744495430705195,0.06885830397477215,0.08189893991459017,0.05045760414098318,0.0925589813928767,0.09743984837482075,0.11897959094199848,0.0856492964295178,0.09459645123051251,0.09108531018480119,0.11192105182641918,0.1312002240767938,0.09541921587361082,0.0853391066656309,0.09638983731248382,0.09078537258920528,0.0680956765951857,0.0813934461450567,0.10074815142182436,0.17395562047198573
80000383,batchA,batch3,34,1,Female,85.48785484269334,7.5820179479591205,7.659364744104022,1.4408512635688215,0.7925030454444222,-0.10007525094306219,,0.2014943020759121,0.7985056979240879,0.1581328237409711,0.08399970743940492,0.0847113019481888,0.09270789853076716,0.08588617056051095,0.08385976461407763,0.08622089554014206,0.061886397077425076,0.08980047177054948,0.12920412899884368,0.10711360190921299,0.08874778927958113,0.10883068164076369,0.11347773531292116,0.08845857412006698,0.11163432262915408,0.04443397911202237,0.13747293781358957,0.1025494790832303,0.11643231041784977,0.11842500925768995,0.17163290207307877,0.1592827705403989,0.08946845088169206,0.10817707508191429,0.12293110426622558,0.11217757338291047,0.06879132408819404,0.0987326385835958,0.1821277317499886
80000384,batchB,batch4,44,1,Female,86.35556817123397,4.824558736254389,5.904848396633622,1.3384992374979763,0.4091404728696185,-0.07723819278807928,,0.8640374716694061,0.13596252833059386,0.16955330958131773,0.1340728250002185,0.14403974498580918,0.1655823763952605,0.11777777665627502,0.1811125884969701,0.18065020931137107,0.13829854610832368,0.1257484394666605,0.17049722150364324,0.14035034309255506,0.1748111019642016,0.17041354653698165,0.18585538370139099,0.14396778913496266,0.14851503945541622,0.14039271363544717,0.11951010413360247,0.1569836626328574,0.19177843050094354,0.15597143367603106,0.1405812104559006,0.1027660665086808,0.14301534235705338,0.14870755973875133,0.1700405198665217,0.17894115383168602,0.12336072058019093,0.14657926721510678,0.1016632155430793
80000385,batchA,batch1,23,0,Male,86.18615353475447,7.090245350074093,5.851425816490873,0.6348871072524901,0.6602599691040341,-0.08904189413716515,,0.9053515709025605,0.09464842909743953,0.146549320671936,0.12987146074390368,0.1706741985546495,0.16677715386826175,0.1745591561026749,0.18567077563670023,0.1446081154848236,0.16598603691179542,0.16128700331592288,0.1470021474435556,0.14645505243262416,0.18519431484709978,0.164083405184385,0.13514394181303657,0.17665123844490488,0.14935763481610553,0.16448877555424182,0.11825323381236112,0.14941840694076278,0.17049665373859538,0.1404816988603977,0.13088700726550173,0.14899894282121595,0.1690555432113026,0.18311544939553756,0.18047431934622157,0.1774160629722062,0.19350888101321015,0.18439689546953333,0.10198094706492677
80000386,batchB,batch2,33,0,Female,98.15228191114475,1.0,6.164257064970857,0.6134780877803855,0.7107931480884239,-0.047121527429256876,,0.1484584060945567,0.8515415939054433,0.0714322944245671,0.07346486153221511,0.0663937716068948,0.06174972812046621,0.07623676915255286,0.13042591449191665,0.0908752163250191,0.09946856973062673,0.1658287053908435,0.02992765370713951,0.12949191468387986,0.053710451754754945,0.14117188650149806,0.0389653544809265,0.1285240027041367,0.09260692816645402,0.08869458404049664,0.09293329453145195,0.0934293788533134,0.0996706083027042,0.05082657900557047,0.08389527997426986,0.09510007159904513,0.10803752367333563,0.034538486604335505,0.018593539248637492,0.12476727009235154,0.12390520424551453,0.08020098134005857,0.1918163710479309
80000387,batchA,batch3,33,0,Male,80.56638250316212,8.19796836420264,8.48339643481094,0.5207418652768304,0.6189956687562184,-0.013451634291771025,,0.11791901083953694,0.8820809891604631,0.04757916566911044,0.0919310040657422,0.07307138663041889,0.0802270211866964,0.08797723126119047,0.03566046982909438,0.05906270187202337,0.028815189957205688,0.10608549105667024,0.0601580304397746,0.04143808360881096,0.11605800786933199,0.09015055205352894,0.14060139029012894,0.006331632046112026,0.06882078737197206,0.09773784816062381,0.05614555825450498,0.04429657507478779,0.07897513479043312,0.06496871627219428,0.1075982893775612,0.0693352226996067,0.15308578469424233,0.06194483697172016,0.13611661271537706,0.0558671425800842,0.19670220227909277,0.03983836666565006,0.18504351433012742
80000388,batchB,batch4,33,0,Male,88.46644082985271,8.405222076720547,7.8964005303841285,0.6410545971047951,0.807805281241083,-0.03963454158228351,,0.9442753893311259,0.05572461066887413,0.14021454441716819,0.13671814762775145,0.1769631779508977,0.18681312122699786,0.172607190751171,0.1860206560704926,0.13735579616260463,0.1931409541702326,0.16681034294985533,0.14117931634994577,0.16386647319416217,0.16830375397368547,0.16468228578857444,0.1811246276431498,0.16124803975168447,0.15214308655214448,0.13883889258317944,0.1709265841320121,0.1699976950413232,0.14466363748247663,0.16227171394841883,0.14876399332082382,0.14539806306971956,0.19501942799301625,0.14470803714871558,0.1951440003576515,0.16947644755074914,0.17209937570022726,0.1403951130353005,0.11560693020370327
80000389,batchA,batch1,34,1,Female,87.9829581500695,7.698289223205763,7.458823669129558,1.382704628814933,0.6618797150646734,-0.043518000291657824,,0.8369260610740675,0.16307393892593247,0.1901575473936331,0.17921198348975279,0.14151655199289298,0.17879903860700225,0.19843852551399027,0.1581873677599597,0.14826975796588554,0.09818916659897149,0.15513985728086735,0.16827667626800802,0.15592668550267252,0.12515344760858238,0.13060266371124063,0.17342549029747997,0.11776943518750294,0.157203599042325,0.1665705404667525,0.1586115558436677,0.12533930090808781,0.10729310791357301,0.11882454430544397,0.15981696418471572,0.10836969014412837,0.14797658753003645,0.1738478263943326,0.17607419134657473,0.14753229980880372,0.16883345969176375,0.1335278803500808,0.11633210842602278
80000390,batchB,batch2,33,0,Female,87.36689554345237,11.363742013439985,5.827644138088479,0.6185065150916621,0.5869423149814561,-0.05114577793476351,,0.8593265310506629,0.14067346894933708,0.13618452422584673,0.148417830840685,0.13085498014338487,0.13201950439959295,0.161464538036792,0.17894099418654352,0.17408338255722955,0.11990799802305195,0.1536335712190611,0.1490449908090049,0.1232251695732754,0.19078193604168192,0.1838944857947108,0.16286879544064817,0.1777345072989989,0.1594513848169829,0.13529646043297147,0.12792406420584515,0.16196338986123668,0.19882136966928324,0.10330527525481002,0.1626657957177847,0.15754001519177593,0.16585906734019093,0.1565347634645574,0.20464379226138105,0.12507613082206517,0.14678302548027639,0.15325353170420986,0.06977867662616541
80000391,batchA,batch3,33,0,Male,96.79946784169259,7.097254583201738,6.938832455674215,0.6093459061021584,0.9183413857986803,0.0025004376206818058,,0.1337946747527763,0.8662053252472237,0.09773188467945482,0.1212487121323512,0.14142438815543543,0.09720249369011807,0.0784156907447153,0.08958751499433398,0.07101780455561,0.12542623566510602,0.08613229324242114,0.08555479178995494,0.09873217933670424,0.0786321779801999,0.07972061230884876,0.07065321156468615,0.07320148950612684,0.10436467476265918,0.10093758002860202,0.08507851949035047,0.14660099910106622,0.09670089134332222,0.12448412231434414,0.08992834078666619,0.03589468919046323,0.06457516589111524,0.1335177355949708,0.1423711409685688,0.12920619137353032,0.1001020487871072,0.10403394561020353,0.15351538758771283
80000392,batchB,batch4,23,0,Female,89.95582513759628,6.0002655112211425,6.47338835656519,0.7122172712419701,0.8277719089354467,-0.04856213164717743,,0.9328822088537136,0.06711779114628635,0.16156413534812672,0.16363041200841547,0.13131119288178267,0.1286084665389404,0.13153971765756808,0.13326166139089485,0.12593258087355974,0.1111529248227924,0.15883964601571274,0.10410743977941175,0.16890308825144895,0.2211500812589284,0.14611984632489733,0.14342725328421324,0.12685622969139976,0.17488238268841214,0.1363033166792622,0.1432001903265438,0.15501641615406708,0.11345648549282042,0.11311579596960555,0.12783589057019495,0.12389854644244591,0.1973886435352936,0.14449344281451473,0.10816321248522381,0.13087539213384614,0.1632313912692401,0.18979310497113305,0.19905002220335377
80000393,batchA,batch1,33,0,Female,94.30178277395929,11.83332761910615,8.097635959655381,0.42955185366377724,0.0,-0.0693807685983687,,0.19412294310168238,0.8058770568983176,0.07591908264652852,0.08085604819651425,0.08725464353270894,0.11597055642253491,0.12647915820444625,0.05725504718476098,0.11474582493964353,0.10147401591594342,0.059956046423318254,0.1150343084192273,0.07931015543292341,0.10448758558558525,0.11217493615586133,0.054040167935874656,0.11229754267730634,0.08592604538139857,0.12878780348101673,0.10627612776693424,0.10692113397155596,0.09748706571559068,0.148415516494563,0.09844642764286737,0.10213501373067414,0.10020128509644904,0.0718600016750354,0.12245090808952223,0.1325101851423871,0.10798142912154617,0.13524842320063743,0.12044572755583909
80000394,batchB,batch2,44,1,Female,93.36050912635413,9.491924694296431,6.330520786509832,1.3629422257158719,0.8418434829927642,-0.12674000677537645,,0.4581898254690149,0.5418101745309851,0.045458295286070385,0.13424240713538405,0.06843321313547521,0.15923048205097212,0.10381218172166065,0.1467320010111981,0.1511530598353358,0.12014650051133759,0.15530545496238243,0.11882781291171521,0.1446166392615465,0.13708654416546184,0.1277709879787298,0.021393861294934098,0.16484622906807395,0.06322853617747051,0.058919883976032865,0.08302277353269191,0.07352818455416214,0.17196596075135706,0.11109081737506012,0.06620156280802464,0.09733677074970655,0.031559430148873746,0.09598524164637239,0.045650446676801626,0.15601289009767397,0.12058550003617795,0.09255951007746838,0.16362409024141733
80000395,batchA,batch3,34,1,Female,84.38969679134786,7.751177655831111,8.921476613205638,1.400237647952529,0.7919424529507051,-0.0477442219828907,,0.5282778086269938,0.4717221913730062,0.05875136926817709,0.07633965067634103,0.011843907774753632,0.14343850624969093,0.2822023908634546,0.10585706911943879,0.1247075494785697,0.15667084216966612,0.056911100279548515,0.06703710300161551,0.07355092272294311,0.011289057693982705,0.1181195982101444,0.10958344629952212,0.22668312607057592,0.10322122456617792,0.11679164182633682,0.14012842850402524,0.11555485489374746,0.13987174916366396,0.15304840869234176,0.0749068406034247,0.17479538752986412,0.10612504091770975,0.0777506571966824,0.08811346179555325,0.07283083870651273,0.19307892053906542,0.023079471609000587,0.06658996585078797
80000396,batchB,batch4,33,0,Female,85.32397470046136,3.838365099130864,7.37913593885737,0.6658500204650148,0.7023599231743796,-0.054429837962907,,0.7991120289923428,0.2008879710076572,0.13205747956296346,0.1528822575034156,0.14380927208549815,0.14290561103599636,0.176875517426294,0.16277781091254365,0.15702372320940663,0.14597152525058482,0.1625455633380891,0.17100371360385777,0.1375853613741684,0.12313046815837586,0.11961629682681373,0.1817833196426805,0.12654742881956962,0.12679548588110887,0.17030614858319568,0.15212955691266958,0.1936656778019529,0.14170361577491908,0.15207570373512674,0.14577157628355253,0.18118872926080065,0.14985348372731205,0.14560777975481068,0.1476917016686743,0.09779158826127382,0.11335133831959218,0.13059176769697475,0.10446757478058255
80000397,batchA,batch1,33,0,Female,91.14712704376404,6.6195184509656615,7.442271527444748,0.7652158720798723,0.9588849225082974,0.06861059794953867,,0.9011032428221528,0.09889675717784718,0.11554702975713942,0.10597201109723561,0.15567154072988398,0.20493966191624113,0.16486869932588108,0.16271714122773256,0.1624040745274958,0.11987557601591385,0.08925158607750186,0.13489563462850723,0.12182978366161804,0.12342093124259577,0.17645036470452047,0.1873125704558618,0.10153011023660273,0.09863186286900491,0.17787894172515534,0.16931770494126155,0.14967808287346726,0.21974030720523852,0.18692662466625556,0.1724074325642932,0.15056281796560947,0.11691318627636009,0.19084189238245636,0.1233016336669931,0.16557102836884116,0.20032120360337377,0.12438157148166304,0.07853753244437188
80000398,batchB,batch2,23,0,Male,84.65093615070349,6.95021117666925,8.45325889966314,0.6238745272323173,0.8490267250157586,-0.024687497300207962,,0.19864811278502728,0.8013518872149727,0.13267853621669656,0.12535979572484887,0.10271934681137071,0.10228281823693211,0.11191904743978091,0.09064642632777554,0.10091909443936634,0.10037459686718049,0.0981534350680887,0.0868029958682859,0.1048270942144097,0.09122243124051768,0.06583490391772653,0.07155213030985128,0.09515112002169168,0.08057315777162216,0.09535399529050197,0.07293290439508045,0.12071383752000518,0.09194876728378952,0.10739960311784753,0.12296737983803542,0.12023071123710981,0.10458033941180818,0.12233142383935096,0.07877226941655854,0.08731234387680184,0.14039136322127055,0.10458432295221912,0.15834018924619211
80000399,batchA,batch3,34,1,Male,91.42585160356613,1.0599381963770176,8.02563259211957,1.446677791525138,0.4665730169598043,-0.062067772307996094,,0.10732827282918977,0.8926717271708102,0.08164377237606338,0.07617041487061808,0.08219679741020142,0.10073216357058495,0.14124553602967185,0.05441351289637256,0.03397507026134251,0.05836069330895429,0.11223572266306485,0.09249680631965805,0.05059868391139033,0.08084625294869507,0.11480342184869108,0.10473997272644353,0.03576630996830773,0.10212551235139249,0.11176330180836751,0.06938071140336027,0.07636195880856698,0.0785745754420811,0.15496575091432893,0.09690112966772389,0.08290690383020496,0.08690829216370033,0.033519723070751815,0.10408346284802016,0.13273764436022148,0.13034916730095375,0.060215246727032545,0.15673512609002993
80000400,batchB,batch4,33,0,Female,98.50384202375525,8.09298430199564,7.097324321280936,0.6123044954427578,0.735262575852725,-0.12503949502418082,,0.8192673787055497,0.18073262129445034,0.11389383290370003,0.14591148531417622,0.16350430293543583,0.1429130144679214,0.13935090966163435,0.1334022408662225,0.1398187026900265,0.1405364875270645,0.1034314759594845,0.18544701380185277,0.1624023370998409,0.14647952817120818,0.15951551411442977,0.184364799894123,0.1694969407063992,0.16232842054596178,0.13782368515553492,0.13274389339289108,0.16273965734496654,0.12419926977411254,0.11314229679354695,0.13014736167348911,0.17325078488358475,0.1435151663253254,0.16521060536745422,0.18283630223722394,0.12065204137742652,0.13833686525465505,0.15901119386682402,0.11692441767767146
80000401,batchA,batch1,33,0,Female,80.89599879981729,12.647521120228955,7.129246002243348,0.7539059114477349,0.6497330023664396,0.008551568117945552,,0.8640988946841263,0.13590110531587374,0.1625346316187042,0.12455224798823061,0.13105675259716218,0.16127751503153956,0.12979934099809465,0.15131895603613812,0.13896826413585087,0.1714698418478953,0.165109879302152,0.162432783905802,0.13247781592005273,0.15715920215793,0.22236588195774376,0.16676677840976983,0.14677052302628374,0.13174556046646185,0.15210586236049248,0.1519538171477817,0.18956952482136633,0.1558705609428469,0.14608459173346022,0.1515005285380197,0.14019251103096841,0.13668263702372746,0.14591060672195108,0.14835158536339194,0.14428694237136064,0.1371148189054145,0.19317932515898087,0.07839006077049344
80000402,batchB,batch2,34,1,Male,70.18213455078518,14.61908457498965,7.112555731354865,1.375506845299682,0.8177462342895735,-0.04011044815687058,,0.850295238103989,0.149704761896011,0.10139243149376671,0.16503282610408523,0.16329733594376858,0.19558538499795097,0.10788069095785764,0.10996608854590179,0.14638279122674547,0.12679406286317949,0.13681353247203776,0.13005163783705542,0.19895499010355552,0.1636303004479349,0.11611318470589117,0.13792714372456938,0.11211926836254615,0.1283505375363618,0.1331620005611876,0.12273621767236828,0.14415302313809955,0.15784644168482526,0.13302014122355377,0.11086441932403095,0.1375713472506527,0.1406271517803866,0.21363360023642497,0.15871336378544484,0.09250501358454012,0.14298317008394296,0.17706249752881412,0.10048358764723325
80000403,batchA,batch3,34,1,Female,87.49549057560243,1.0,6.881063484544116,1.4147846495214829,0.84313097796022,-0.06970043193697052,,0.8216795359719509,0.17832046402804913,0.13428861795237343,0.15594071119459982,0.15103967302516128,0.18547301554088452,0.14836395476712708,0.13964534369209128,0.12699599415641474,0.1407696963625693,0.15943560851841135,0.1274495147606637,0.1341411760048845,0.15572536614904275,0.15528197632739188,0.12690875977145544,0.16080695587824304,0.15623627801431034,0.2027121852012603,0.12568887823854216,0.19568362317088003,0.15568063430755866,0.1114195618831981,0.1422343230903364,0.14124451140677743,0.17699226501087045,0.1342496273407336,0.11856647205457656,0.15992642707848206,0.15439343502680594,0.168213991064813,0.13293753944103856
80000404,batchB,batch4,33,0,Male,84.72904241407605,7.618255424307331,8.115036351966083,0.7477608514862223,0.5668002389348324,-0.07816261344302108,,0.820675922893669,0.17932407710633103,0.13015083375656103,0.1345388274262229,0.13650547296303514,0.1740821737662261,0.16458687318998763,0.206086497113957,0.20734587080076602,0.09810272849714667,0.18342405029735434,0.1435056690388519,0.1373252258566936,0.1456132766200971,0.1461215950407484,0.13275337828915457,0.11661283629206676,0.13694843323441408,0.12473041608131481,0.12676603337090184,0.09759904527909295,0.11245214261799999,0.14334130084809268,0.10136470372850497,0.1934627116716914,0.09971627018359348,0.13856381904734413,0.16192309580354047,0.15557426214282324,0.15191087955167543,0.18893207375523963,0.043176655912838056
80000405,batchA,batch1,33,0,Female,82.34534489380152,5.774808104573655,5.798254039918358,0.7345514371819604,0.6848587094657189,-0.11794115262869721,,0.1383026475968357,0.8616973524031644,0.08625476016099475,0.08939154723501502,0.10265976957563412,0.058621558732222905,0.09723821452572005,0.0923948158076663,0.08791488221993012,0.10777516043039329,0.07398234474719673,0.09708925453094182,0.09524602774642274,0.10027065180524568,0.104625332856177,0.15089975666415045,0.10223055981408133,0.12104366794784789,0.10949043341590287,0.05749919518998073,0.10890482856786625,0.14188349015727475,0.12352872125938211,0.08896188061549166,0.07534747647173615,0.09927183049675826,0.09177866743012827,0.11907965039358157,0.09719327420997385,0.08469814656635062,0.09514038495150572,0.1638478556725226
80000406,batchB,batch2,33,0,Female,80.81184351407552,9.361171368769808,5.818109342012038,0.5532777210001123,0.8532080105954595,-0.07478355390764312,,0.8710565745701502,0.12894342542984982,0.1287429591791807,0.12796605291956203,0.11850477750062463,0.14527573931110196,0.15643081573425707,0.2225772365996611,0.15725012522644455,0.15098720240427646,0.1327333983846888,0.1450263407282755,0.11635319530466685,0.1436783793817448,0.10795558968778501,0.14175410874666267,0.22012676996842076,0.1488489654099867,0.19390731843360906,0.21754700679461825,0.11767291048658632,0.15638398356007766,0.11933884370908113,0.12413142976267315,0.13668272210728108,0.15200313640162166,0.1274086136186701,0.15418860404318196,0.20044755546903562,0.16140390331539428,0.20272836138451145,0.07564044960410489
80000407,batchA,batch3,33,0,Male,91.22322098234153,8.965178311478349,7.141150274401443,0.6555248987494433,0.39222604492646235,-0.09315774572960836,,0.14360627310670293,0.8563937268932971,0.08292224741613378,0.0687124537186235,0.059230692212786484,0.104348951708747,0.060399075774033396,0.11435166206079837,0.06343704925336531,0.0452736494806411,0.05158887901612008,0.07691678617533275,0.07101320072986622,0.11631806659517036,0.06878079930785912,0.08719255702563182,0.0615281779483136,0.14948530978375518,0.07447893837127526,0.06676974132524442,0.0901248581084773,0.14185934936161168,0.11073813904398569,0.0795050045545031,0.11181677974680639,0.08166140304971993,0.12581323294125882,0.042554685275466964,0.1215553500625765,0.08414336837524906,0.07598154553163762,0.1645731081734841
80000408,batchB,batch4,34,1,Female,83.61639923893418,8.931339506513877,6.83726850271804,1.3296185927356752,0.9600793262109308,-0.0800158382153728,,0.8998215731265072,0.10017842687349277,0.09102746026112901,0.14223270431090687,0.11820814817390396,0.18926372810990036,0.15318742500394988,0.11153171887486643,0.12169118257123096,0.16454386473281227,0.1048600595463665,0.14522631032372457,0.1099845661301541,0.1764659100353702,0.1298490763932123,0.158085838740157,0.14550070419021519,0.2077646432267789,0.17542645246515426,0.18005691602081536,0.19634183539033684,0.16795002442409984,0.20182738391118735,0.1364566834675511,0.12974981200779886,0.1416886502690393,0.15546360593501718,0.12581898244083065,0.16661620100772073,0.17795660666088134,0.22000869923285196,0.06490282005121321
80000409,batchA,batch1,34,1,Male,95.80153702849107,9.270279812769509,6.403590183667998,1.1013133725170945,0.6692965221073752,-0.05780781260826454,,0.8548105518724599,0.1451894481275401,0.17207298398836773,0.12703300079257904,0.1492225029082272,0.1537754248509811,0.10229729188394206,0.15262421016111077,0.10153043124637583,0.19568292667577836,0.15656228941524342,0.17974423187508293,0.10239119591139877,0.11836318502067243,0.1747651995832699,0.10819103966628221,0.15407081560010102,0.1237975801241987,0.19364230098891924,0.07369109283928525,0.21129423088855143,0.1233568678366322,0.105427909449029,0.11608641360016811,0.1321486003729748,0.16013553912381479,0.22958734245161772,0.12351335711780491,0.12478469574006591,0.12605518560886877,0.10856047339957273,0.1344026001271324
80000410,batchB,batch2,34,1,Male,79.86316890901088,8.850486504032187,6.980999701817138,1.4544328628418761,0.7246720509802359,-0.06244655468089767,,0.10055039557933611,0.8994496044206639,0.09211106285394179,0.038535173937618454,0.035954279344203983,0.13606893480845045,0.07935510905690228,0.06764596193714609,0.05455566063869321,0.10276553806738918,0.08895802834881275,0.06793559782275868,0.0626830636780731,0.16019187244854427,0.17501829735822996,0.09023117681920924,0.1171278066921997,0.04466971248279709,0.08499752161207273,0.09904379641939895,0.04874421968492207,0.03609018256654248,0.08992756576455567,0.12533604913165855,0.08900182145596525,0.13858877915913254,0.018171806144569043,0.13987835695458978,0.04512412880807751,0.14202913810339632,0.04684276537066231,0.1171530457544943
80000411,batchA,batch3,34,1,Female,90.27598247252742,7.812888369201572,6.594184015170697,1.549777711368078,1.035987390834769,-0.05672618022394885,,0.8628045263493287,0.1371954736506713,0.17657052048953806,0.1880571449109928,0.12831602205521303,0.18280085051194783,0.2216766655226307,0.10730541989232806,0.12886564155730523,0.17980890733327723,0.18138313784879226,0.21481869072496124,0.1261829607960517,0.16690654422780932,0.13625337789213918,0.17214849613157793,0.14476157425775918,0.1284057190811756,0.12895834716927085,0.15282528497863343,0.10145990404948288,0.15559798855664175,0.19008983767498902,0.16306587751012205,0.13658593992623105,0.17862576324412016,0.1385974507423458,0.14418705548359656,0.14536833720277015,0.173009779483636,0.12521445802234507,0.06816407198001612
80000412,batchB,batch4,34,1,Female,82.55707542289467,7.208153226848327,6.436238664439502,1.3323626896414429,0.9111295605412756,-0.02563900837813672,,0.13777259789400023,0.8622274021059998,0.11630363736442814,0.05956926452007692,0.0849945446727113,0.13130426353006847,0.09770578727848941,0.06022018414020077,0.07572684881976008,0.12178195205949113,0.06830842263710815,0.158833205857854,0.056281969821458964,0.043425013736382106,0.08190198668075256,0.07615241314437317,0.07083225959353123,0.055706583814394084,0.1156861361560984,0.07466347652485018,0.11556583310969124,0.09713460285814096,0.10568178144154766,0.1027118802667019,0.03928941597934929,0.08791815756998676,0.05015806424749159,0.11310736308608164,0.09374286264327318,0.13375720823263546,0.11992426669203456,0.15175952443497867
80000413,batchA,batch1,33,0,Male,89.03367333896847,12.733402974871673,6.989712495866076,0.6462597292005899,0.4362305166521583,-0.05510388430556651,,0.8828469626516419,0.11715303734835814,0.14093471761704657,0.10936994971940384,0.1024880918546577,0.15288994209108273,0.12246778183645804,0.19530057718708796,0.1823285015265625,0.15086871471560193,0.11604643658219128,0.18977071640272555,0.15920409353731152,0.16019873314194405,0.13654378821427643,0.18301646876137026,0.13452959818586174,0.09234705190386461,0.10530784176553334,0.2242094669409869,0.1232672849512828,0.20524195546644003,0.12459520079287026,0.15132596837269344,0.1930676262171843,0.16403867587210244,0.14764564324128535,0.14642654928598062,0.1758973675838943,0.1383696295914826,0.22230907212505543,0.04018169339428343
80000414,batchB,batch2,33,0,Female,91.31790909324319,3.837551369662974,8.367784866704284,0.39777465026818604,0.6138010855104006,-0.058960041977845754,,0.14021291441806805,0.859787085581932,0.06610577419045176,0.11444233381695941,0.07808182625556542,0.13899881206069295,0.09092983193385537,0.08578404769735484,0.1240251187497008,0.06847257212575474,0.11267798215653566,0.09338327813688319,0.09545390311546542,0.1203948143137015,0.10199476738489952,0.08223026189064035,0.08753018016493443,0.13259961199770592,0.066590630723183,0.06715747689101384,0.08592016647908599,0.10736801500669294,0.07322502287664522,0.10696186847026357,0.138531424869922,0.1131208545599485,0.07697223636228533,0.07975935747582413,0.06707098961673005,0.080488084125346,0.1405665372668692,0.14642790256240443
80000415,batchA,batch3,34,1,Female,86.64139076738225,8.49676482430071,5.991013360824252,1.3368178834978803,1.0033244085502522,-0.12416083000639756,,0.18560837915746944,0.8143916208425306,0.13236525661648882,0.12164576016931845,0.07517457484136696,0.11321305080018848,0.03672334095556679,0.08140441052613713,0.060797783671387544,0.13483117547548887,0.13998848184687349,0.07112998187123483,0.08673796385847052,0.12305046791417629,0.0836308814002326,0.07859456791576622,0.09728733730672941,0.11953532733488978,0.05860235618790341,0.04624235114579481,0.09826140263624003,0.10781045544903843,0.09730259845298746,0.10667664018698621,0.09768725665407212,0.08098016076421218,0.12779585596789134,0.10281794502217308,0.09705034472902854,0.0881450014606852,0.11359734966704348,0.16435884484012894
80000416,batchB,batch4,34,1,Female,85.81002117327117,5.2246065643410695,6.855678503957199,1.2136086069181997,0.8182901718029847,-0.08845888115194103,,0.18829700113244804,0.8117029988675519,0.1710644658863338,0.07509567001779135,0.07019845406448319,0.07046618462894663,0.11769162426337998,0.09103775606701267,0.09257739235703441,0.1568957753280621,0.08133616923028647,0.11928596037591623,0.09890164609236936,0.06109629559234703,0.07830900638864559,0.14926908743484169,0.10158666915689575,0.08975000184884924,0.13678500439596974,0.11838823795529113,0.10169472134458131,0.09441936193494742,0.11502765972100579,0.06166009594129095,0.10986228730083332,0.09892330988000103,0.1287545082714892,0.081293872973204,0.09154977737611192,0.08560158937401689,0.06462332965749686,0.11964962524268959
80000417,batchA,batch1,44,1,Female,94.4505329744161,8.679319713346151,6.61502782549969,1.4051797049405537,0.867268038427866,-0.00861754158706464,,0.8211352490794815,0.17886475092051846,0.1329055904692719,0.19459790302143865,0.14548511033149883,0.18811091312290587,0.13815935262772233,0.11657939842642999,0.13876196370194438,0.13780730378147307,0.14112453628814015,0.16030914038383012,0.1291044644830363,0.1339036773167725,0.14085506209826154,0.179276804933923,0.19998418397272213,0.11624808521550765,0.1354088474650729,0.15181980077409052,0.0842736655347,0.10270973413624483,0.13657417255864948,0.16431337968661025,0.1483232951974141,0.11326181386766675,0.255316374853128,0.16724502559871604,0.1628899875671236,0.12661753050225028,0.1875306895836424,0.09895333517334914
80000418,batchB,batch2,34,1,Female,87.47655199067829,6.023046911574784,6.8861694239085605,1.211217087718836,0.9261261093810967,-0.01346190076292593,,0.8895877003365169,0.1104122996634831,0.17372594104186925,0.15670372977660862,0.1506517339251232,0.183576202079164,0.18411737444624043,0.1673725685808272,0.16346235493380543,0.1576811346310402,0.1351155178541827,0.15594170422507778,0.18709149219085727,0.13568546788867727,0.12975471514997,0.11112183348823229,0.18042269461202595,0.2297048225988484,0.2237850165357775,0.09870170344186636,0.13221514564565076,0.15982072440034575,0.19154779596115679,0.09877850294293253,0.11550732478986739,0.1427086769077834,0.12837116450018296,0.12959058877771512,0.15007916129888885,0.1686215307216199,0.12586200586538782,0.09443119253378282
80000419,batchA,batch3,33,0,Male,96.83882579300611,7.061586723450475,8.050484451317148,0.7090317732810094,0.9237812412745878,-0.04403683483246245,,0.8927737238823898,0.10722627611761015,0.1636416611611241,0.16294125775459767,0.14502047717305908,0.1603789292584345,0.1678251066056697,0.13371357739686587,0.15826343938979218,0.159248471054247,0.1634235264605009,0.17244225300985389,0.1431208572123542,0.16444019577097393,0.15676931467393015,0.13338089855501875,0.18044117064459464,0.151669526891921,0.15083697104008725,0.1555866365962489,0.1585569249934949,0.17655175567767462,0.16087780567011198,0.17192390892127504,0.1439044757529473,0.13139575174456494,0.14040559593384236,0.14913010610920335,0.13746464720322238,0.15810508658213743,0.17046440231014892,0.09803210625812708
80000420,batchB,batch4,44,1,Female,81.61407592772211,4.965531994637747,6.943040087707737,1.354079024020446,0.753277281579436,-0.11734616072999679,,0.1268316240656397,0.8731683759343603,0.1119127442136959,0.04361123651566231,0.015219091590239726,0.11165077907964274,0.10755523179663794,0.156591663106923,0.056475050384716195,0.05667249113035057,0.09730376151206555,0.09803591044884166,0.08823648146183717,0.037132775984640945,0.05049115070505108,0.1700471193589036,0.14164365170217685,0.07255412434718583,0.10764630286826991,0.11527683073680094,0.08661680468285451,0.01699360518074359,0.11544979507992498,0.019228590094677585,0.04338396322022904,0.14007776037940392,0.060648099562636566,0.07525224665751022,0.038605515243512196,0.03894799302327398,0.11860827290667306,0.1468829161889113
80000421,batchA,batch1,34,1,Male,90.89469329468253,3.0270604113590585,7.704839779071327,1.4067893644491778,1.0989044894546822,-0.06150663795869227,,0.9641450519500164,0.03585494804998357,0.198347137750954,0.15780321104014283,0.19296926023015532,0.22131778835213053,0.1624287131977613,0.14965197133700925,0.14304636730067816,0.11681826819011927,0.1717304397166742,0.17892825048425157,0.1650841406006109,0.1564283545842429,0.20218499335582302,0.17562631627562272,0.16869792192064534,0.12126416727486147,0.12853468209541546,0.16122430119238448,0.15768259743547847,0.155236739603044,0.1734799444210084,0.11298637952490793,0.16080098832363213,0.20454299868424944,0.15686994780282665,0.1615083694817089,0.1940125648168585,0.12950982018481377,0.13485513039221142,0.057681710571821206
80000422,batchB,batch2,33,0,Female,84.16539653983284,8.57942112444463,7.5202067066274605,0.6616737137485539,0.744446014729999,-0.0835495567895773,,0.8449558323776167,0.15504416762238327,0.14067414145378568,0.14542935719415545,0.1562051300996539,0.12911356314695754,0.13341541233500723,0.11503766400679125,0.16650636726358825,0.2093730100989088,0.15548856297172017,0.16643082185109642,0.12373895327713656,0.19494728881639317,0.17434891892275278,0.10295991370270237,0.14526736836589124,0.1510478743916577,0.15150344773240645,0.1215759165228962,0.12646923601468846,0.1253133967341027,0.16374808439863395,0.14986761042434382,0.15273967961865334,0.13108461996966447,0.12510724025692435,0.10120114515563612,0.11478417854977341,0.11293074828699777,0.215115375857447,0.04708469268515253
80000423,batchA,batch3,23,0,Male,79.06694988445325,6.805450816919613,6.525338994408662,0.6750250834012408,1.1678009671703384,-0.09644176128331963,0.756893500944429,0.8416767279332749,0.15832327206672514,0.17116467664985546,0.1543835327392614,0.17203968570252867,0.14922049947107033,0.16836139053367755,0.11148628301270663,0.14714523479021613,0.15332371503581083,0.14823922079426158,0.12947247243218232,0.1928673213990413,0.16119853651076735,0.1383817352712854,0.1582842659179681,0.13266068481608306,0.1975240066693278,0.138068483746172,0.17792452550011958,0.13601457776770506,0.1736664407647994,0.1475561912477517,0.13641328125039845,0.12924963212539173,0.13448021938748425,0.14529250025804577,0.1484665756713418,0.1451745337290432,0.15135163134763155,0.14164401352181968,0.09319951136736015
80000424,batchB,batch4,33,0,Female,93.86204965848482,11.796443688549417,7.081600629952149,0.49390610879878305,0.0,0.025136109297677133,0.037400061924177455,0.5147689073581411,0.48523109264185893,0.08164381186238887,0.019952980617324013,0.07810231153975727,0.10568629275671479,0.3103727396097459,0.1246186290447685,0.16248701909418647,0.04490141474296932,0.020194490622383706,0.15332519217995194,0.00034433567059850514,0.045520519531254376,0.03990479471766914,0.11442516462749958,0.04140551849721795,0.04890416482858136,0.22472447705541862,0.08737182087640838,0.0528318828919836,0.09127479230712436,0.1317705444418006,0.08434014798825146,0.1496555900344605,0.031884080328086664,0.061144425036674666,0.10611590599470719,0.15951642673562128,0.04710862002329891,0.06752385708377565,0.04344747659208288
80000425,batchA,batch1,33,0,Female,88.44741515550632,9.185607203939167,7.615162904371294,0.7484286897426088,0.8117818131959348,-0.12783103390074063,0.6581380285572305,0.8907586348629498,0.10924136513705018,0.17958881659025666,0.15979835979526222,0.17150125891093582,0.15824881515783698,0.17767958798475544,0.15356570202011177,0.17946860563707204,0.158139056152647,0.16168846811148765,0.11655797517941267,0.10791661738612286,0.1375932358163457,0.13467754104984322,0.14222593506991602,0.16827086627361923,0.1553517049934148,0.14097633635295836,0.12321844847944965,0.17725696542845842,0.14437460654090611,0.1662279556392817,0.15870867440201877,0.14346236877225105,0.189225021809788,0.15895984293741583,0.13856284757734227,0.13038464832448698,0.1322816088544949,0.22576244903601808,0.06906444946518689
80000426,batchB,batch2,23,0,Male,102.23497338472012,6.327895127384796,7.788194012879371,0.6643092068231747,0.9041478145907622,-0.10067376576624025,0.5165230961569347,0.8927641667564855,0.10723583324351449,0.11043645635409213,0.1717500030359352,0.14981778448509528,0.1431904488447482,0.14049669935635536,0.16158997791503055,0.12170459408467788,0.1735905168115666,0.17089840129176037,0.13380512250252694,0.17203711402785435,0.1450561696330238,0.12902885273984818,0.16095797186647245,0.16772793578744,0.2007600679109058,0.14575756548456711,0.15258030754539373,0.11276849472633639,0.10594933084658945,0.173061954245043,0.22007961235811305,0.16425475363017636,0.1396508871534326,0.19517236219463052,0.17512223984301434,0.1633457869630814,0.17322366352378207,0.159262051299499,0.11737655476383324
80000427,batchA,batch3,34,1,Male,96.86400360993478,10.778269800852453,9.441424921299,0.9150398726124706,0.7322727988845823,-0.13001263809720537,0.06570168593916292,0.48138444138054015,0.5186155586194598,0.05093182835251814,0.08124761768466394,0.1278063794412613,0.06520546591328842,0.19773974841211,0.1506585960060294,0.13937134662589998,0.06181461665579745,0.09944582641682936,0.054282438133316784,0.1162356554423163,0.16563326262397948,0.07583773391441818,0.08663710287091689,0.09538515898801501,0.15166146615053053,0.16924582043891603,0.0210999705423602,0.08553746964907633,0.08625722975437751,0.05994390537593639,0.09654130248876876,0.14570059890215073,0.01261837838619599,0.03350979334281744,0.14304782262404772,0.08832284535619189,0.07191274931113385,0.12405187807973295,0.040582557612324176
80000428,batchB,batch4,34,1,Male,102.81720519459599,4.208904204214273,7.7520152709415795,1.531795233431287,0.8448046598785024,-0.03812037494201518,0.4267036353424709,0.13144187424556755,0.8685581257544325,0.10442016003005015,0.1011377325497994,0.07018742427372096,0.114346666852188,0.07378347039523549,0.0997079393263533,0.08338900426302417,0.10011727570392341,0.05948061540696072,0.10932698203808254,0.07553828890802197,0.09370858239865233,0.10133233127930442,0.13654450090493192,0.14202442143798238,0.04654627727093008,0.12011636799961121,0.08712452070137239,0.08957435688605181,0.075924318604835,0.06994520631881639,0.06399914646502206,0.1268137647041137,0.10613519186998747,0.10760366794736821,0.05968608233532395,0.07495294728448174,0.09621633469265306,0.08453376532838092,0.15603954001350176
80000429,batchA,batch1,33,0,Male,79.31052769125438,7.725181450688672,8.013378504383834,0.7466745605562548,1.0642040788376093,-0.08177482592091247,0.9438222097051093,0.8385965138649315,0.1614034861350685,0.12237817584599883,0.182326966796578,0.13288106650594725,0.15579448937596113,0.16824546094715642,0.1501891721983065,0.1621528745926288,0.1627317105339072,0.1494262754095252,0.14011396734945736,0.17723337714150214,0.17048094615329545,0.15364038900360982,0.12195264030323746,0.14915943218394762,0.15079727786072838,0.18546602989276614,0.18879451155604754,0.16077026802199454,0.16252270588722229,0.1340546115937323,0.16973899114694,0.12039798213913165,0.14140522791602558,0.14778704828031072,0.1620206291716,0.1325826256634023,0.1579526753959711,0.13128008035054298,0.13180572956329767
80000430,batchB,batch2,23,0,Male,76.19630260233755,2.6066976447596186,6.089156636108726,0.6534065414337568,0.220592120680846,-0.016217591146366433,0.2400237038235727,0.843873492922798,0.156126507077202,0.1090677574920721,0.12270999858166916,0.14873954772920622,0.1296299058561026,0.15178851283197972,0.14678857846468532,0.1681436827603843,0.15577263121376425,0.11266549772678432,0.14089099869185076,0.11846353758442242,0.1894994802885578,0.2025546133405958,0.11835980049080204,0.20986584180240545,0.17035323589601595,0.14173562100073267,0.23158270974119144,0.1425899772142283,0.09057360794432587,0.12284130850338769,0.1258649953187599,0.17288385014758648,0.07509119585799809,0.1638591557254532,0.16297741799556645,0.15534308039507091,0.152602466142189,0.1980409272788046,0.13956202257537037
80000431,batchA,batch3,33,0,Female,98.5723685385942,4.760739916360054,9.5,0.5688023584699462,0.9544453457216435,-0.09473573543081376,0.8066221689626546,0.16657169208222544,0.8334283079177746,0.05865962861335069,0.09679767707065666,0.08749354555108285,0.07226231991167364,0.09485188545501988,0.10951881413353938,0.12163655659744015,0.11465542378851519,0.10250605921930699,0.10350351145970571,0.09188915982559348,0.12313589416476554,0.07726022063198879,0.07179641142053365,0.086409624430046,0.0653733934490143,0.09992851260303448,0.15215419799093838,0.12983107774098376,0.10066713016405636,0.06953645400920566,0.11093579763303454,0.12125170694628125,0.0827058409212121,0.09789001734149834,0.05794182031881566,0.10264520688442906,0.09097909143217185,0.07615592858662434,0.14114997671046242
80000432,batchB,batch4,33,0,Female,86.59208698983461,11.078436305675538,6.966249399511965,0.5262234759562391,0.6779573258428533,0.018252102995602953,0.23884111430429694,0.11659246204291955,0.8834075379570805,0.10115717950196315,0.09521818521363246,0.10846123123049513,0.0521297168454643,0.07921147447465343,0.062836417787886,0.0990568844862311,0.03592674138905034,0.13160584082003013,0.04863589113574878,0.166631204874326,0.12971924704490123,0.08128008349337777,0.07469939854863743,0.08864630693254077,0.09109156051336173,0.09546829952078204,0.05360779553676642,0.12150354106728635,0.13810802741307188,0.12127979318362628,0.06856152447331779,0.11657761715940378,0.07860198696377298,0.1837615165930056,0.10578952443215452,0.1426805234301246,0.09492276485011836,0.07291041628825648,0.14962748789388933
80000433,batchA,batch1,34,1,Male,89.50419877750848,14.043875025634255,8.15026599378702,2.674701106195971,1.134955347585477,-0.11896061995825545,0.8292330001017477,0.8816452335287216,0.1183547664712784,0.17910058724882932,0.15377256952447654,0.17344590294199227,0.23312453231649835,0.14611421007059971,0.15402574785828493,0.13071117820972356,0.1551142699512869,0.16591254300805408,0.1475323311178776,0.12438270502210742,0.1668944082406486,0.17216124310783548,0.1729729003770681,0.14580557664656066,0.14894409884956192,0.12686528140496317,0.1888322830435213,0.22043241444614797,0.1554977155617668,0.13546255591831521,0.14932878385437512,0.16376549509838412,0.17879990670334048,0.1471084621395829,0.11275148252987732,0.16800159906105808,0.12133627708200502,0.1463854312714091,0.09535210053345271
80000434,batchB,batch2,33,0,Female,90.32119117121918,9.546948206446892,7.661958401060326,0.5761148330907417,0.7545389252508949,-0.0927450992037725,0.5950906724289278,0.1635456060694961,0.8364543939305039,0.09276982046568746,0.10632884493366501,0.1342616998303907,0.05223702287630764,0.10474034569656096,0.05776396116836629,0.06000149798573318,0.11769069651488677,0.07597717517236942,0.06024523297849042,0.16555137004878154,0.12367948582293153,0.10394953309203718,0.1222345059869941,0.06997679548307872,0.0812810996377747,0.12916898868995433,0.10800721309207081,0.07973108944768482,0.10229967280264028,0.11138333189406047,0.13883207141602205,0.06409003461064704,0.0654385857222159,0.09338895601698288,0.11663551069695421,0.08437713924147139,0.09453715022064245,0.060109195022816385,0.11134671602510485
80000435,batchA,batch3,23,0,Male,87.87335890854526,7.500509292256488,7.0845752392989025,0.6124229451296379,0.8246565105347549,-0.08267456766338249,0.2964315590400114,0.13648374050523143,0.8635162594947685,0.1337842663387125,0.1103678473582466,0.031136859718931435,0.08110849871257911,0.09776229707075218,0.08319337364873275,0.05512870314851222,0.1336707358441561,0.08016250489556627,0.05974797498753058,0.08845528890491418,0.05626516648973591,0.15697253671446046,0.10037287778639813,0.10465819061755995,0.08079165347712554,0.10873846084235325,0.17468243998211727,0.13981799435293152,0.09441895537037688,0.08642074015313336,0.09770457422275085,0.10191607514427176,0.07171415040098622,0.09264445993730282,0.06894077335534507,0.09222831246173209,0.08777700145411729,0.11039625389880883,0.11269184909718183
80000436,batchB,batch4,44,1,Female,82.54372953414281,7.526119560643012,6.131599179925104,2.7430891906202843,1.2462341434246278,-0.1283354410232988,0.9049583909015771,0.10122405689045519,0.8987759431095448,0.11748611023970908,0.10615597117550456,0.08588353980134499,0.16226053304183455,0.11683900889786984,0.11448820894973226,0.05396750550817154,0.06544821855863299,0.06629801535793158,0.09527707697953104,0.11805252544617446,0.09030339944635483,0.07822690305685438,0.06483774044937705,0.08896865369227443,0.08135817631371878,0.13116919639992472,0.07225724861536914,0.07996643348410777,0.09602179990291562,0.08595772433564022,0.09901824720651814,0.09895672454573443,0.08759494812106187,0.13079141005349923,0.11883411634205526,0.08096893183825686,0.07741755359053905,0.06063987027909535,0.1838027479451212
80000437,batchA,batch1,33,0,Male,91.00644599485774,7.669370484346716,7.678408403852791,0.5747861727758639,0.6792617483970829,0.05436140800313634,0.22320807816358923,0.10172653148481414,0.8982734685151859,0.05685678021832737,0.030313282531050454,0.08206925920509839,0.06703902292023001,0.1208528391673676,0.05205452747147669,0.11132754345097501,0.11215955286271755,0.1254025428979613,0.05284988594231482,0.014416452855141768,0.012015234967416119,0.10535361690590932,0.0555912314199518,0.025326097504941893,0.13205063668920705,0.06766888656282982,0.08149162518489454,0.09784687057045427,0.03594098546129043,0.05338146908891531,0.10754850124613098,0.08530449262160582,0.05487980343227958,0.05232722125311768,0.08757637107161222,0.09060983363947532,0.08924409667943378,0.07252460677438895,0.16382509004570345
