cell,projid,dataset,apoe_4,sex,pseudotime,prAD
cell_80000297_00,80000297,batchA,0,Male,0.3056844522343113,0.8873615165246952
cell_80000297_01,80000297,batchA,0,Male,0.3056844522343113,0.8873615165246952
cell_80000297_02,80000297,batchA,0,Male,0.3056844522343113,0.8873615165246952
cell_80000297_03,80000297,batchA,0,Male,0.3056844522343113,0.8873615165246952
cell_80000297_04,80000297,batchA,0,Male,0.3056844522343113,0.8873615165246952
cell_80000297_05,80000297,batchA,0,Male,0.3056844522343113,0.8873615165246952
cell_80000297_06,80000297,batchA,0,Male,0.3056844522343113,0.8873615165246952
cell_80000297_07,80000297,batchA,0,Male,0.3056844522343113,0.8873615165246952
cell_80000297_08,80000297,batchA,0,Male,0.3056844522343113,0.8873615165246952
cell_80000297_09,80000297,batchA,0,Male,0.3056844522343113,0.8873615165246952
cell_80000297_10,80000297,batchA,0,Male,0.3056844522343113,0.8873615165246952
cell_80000297_11,80000297,batchA,0,Male,0.3056844522343113,0.8873615165246952
cell_80000303_00,80000303,batchA,0,Female,0.01,0.4686816778559407
cell_80000303_01,80000303,batchA,0,Female,0.01,0.4686816778559407
cell_80000303_02,80000303,batchA,0,Female,0.01,0.4686816778559407
cell_80000303_03,80000303,batchA,0,Female,0.01,0.4686816778559407
cell_80000303_04,80000303,batchA,0,Female,0.01,0.4686816778559407
cell_80000303_05,80000303,batchA,0,Female,0.01,0.4686816778559407
cell_80000303_06,80000303,batchA,0,Female,0.01,0.4686816778559407
cell_80000303_07,80000303,batchA,0,Female,0.01,0.4686816778559407
cell_80000303_08,80000303,batchA,0,Female,0.01,0.4686816778559407
cell_80000303_09,80000303,batchA,0,Female,0.01,0.4686816778559407
cell_80000303_10,80000303,batchA,0,Female,0.01,0.4686816778559407
cell_80000303_11,80000303,batchA,0,Female,0.01,0.4686816778559407
cell_80000167_00,80000167,batchA,0,Female,0.20805131827612688,0.8491841223161823
cell_80000167_01,80000167,batchA,0,Female,0.20805131827612688,0.8491841223161823
cell_80000167_02,80000167,batchA,0,Female,0.20805131827612688,0.8491841223161823
cell_80000167_03,80000167,batchA,0,Female,0.20805131827612688,0.8491841223161823
cell_80000167_04,80000167,batchA,0,Female,0.20805131827612688,0.8491841223161823
cell_80000167_05,80000167,batchA,0,Female,0.20805131827612688,0.8491841223161823
cell_80000167_06,80000167,batchA,0,Female,0.20805131827612688,0.8491841223161823
cell_80000167_07,80000167,batchA,0,Female,0.20805131827612688,0.8491841223161823
cell_80000167_08,80000167,batchA,0,Female,0.20805131827612688,0.8491841223161823
cell_80000167_09,80000167,batchA,0,Female,0.20805131827612688,0.8491841223161823
cell_80000167_10,80000167,batchA,0,Female,0.20805131827612688,0.8491841223161823
cell_80000167_11,80000167,batchA,0,Female,0.20805131827612688,0.8491841223161823
cell_80000287_00,80000287,batchA,0,Male,0.330694638621,0.10144899251062447
cell_80000287_01,80000287,batchA,0,Male,0.330694638621,0.10144899251062447
cell_80000287_02,80000287,batchA,0,Male,0.330694638621,0.10144899251062447
cell_80000287_03,80000287,batchA,0,Male,0.330694638621,0.10144899251062447
cell_80000287_04,80000287,batchA,0,Male,0.330694638621,0.10144899251062447
cell_80000287_05,80000287,batchA,0,Male,0.330694638621,0.10144899251062447
cell_80000287_06,80000287,batchA,0,Male,0.330694638621,0.10144899251062447
cell_80000287_07,80000287,batchA,0,Male,0.330694638621,0.10144899251062447
cell_80000287_08,80000287,batchA,0,Male,0.330694638621,0.10144899251062447
cell_80000287_09,80000287,batchA,0,Male,0.330694638621,0.10144899251062447
cell_80000287_10,80000287,batchA,0,Male,0.330694638621,0.10144899251062447
cell_80000287_11,80000287,batchA,0,Male,0.330694638621,0.10144899251062447
cell_80000269_00,80000269,batchA,0,Male,0.29800156831536995,0.15877442638483097
cell_80000269_01,80000269,batchA,0,Male,0.29800156831536995,0.15877442638483097
cell_80000269_02,80000269,batchA,0,Male,0.29800156831536995,0.15877442638483097
cell_80000269_03,80000269,batchA,0,Male,0.29800156831536995,0.15877442638483097
cell_80000269_04,80000269,batchA,0,Male,0.29800156831536995,0.15877442638483097
cell_80000269_05,80000269,batchA,0,Male,0.29800156831536995,0.15877442638483097
cell_80000269_06,80000269,batchA,0,Male,0.29800156831536995,0.15877442638483097
cell_80000269_07,80000269,batchA,0,Male,0.29800156831536995,0.15877442638483097
cell_80000269_08,80000269,batchA,0,Male,0.29800156831536995,0.15877442638483097
cell_80000269_09,80000269,batchA,0,Male,0.29800156831536995,0.15877442638483097
cell_80000269_10,80000269,batchA,0,Male,0.29800156831536995,0.15877442638483097
cell_80000269_11,80000269,batchA,0,Male,0.29800156831536995,0.15877442638483097
cell_80000311_00,80000311,batchA,0,Female,0.035755289161958324,0.4988270323635034
cell_80000311_01,80000311,batchA,0,Female,0.035755289161958324,0.4988270323635034
cell_80000311_02,80000311,batchA,0,Female,0.035755289161958324,0.4988270323635034
cell_80000311_03,80000311,batchA,0,Female,0.035755289161958324,0.4988270323635034
cell_80000311_04,80000311,batchA,0,Female,0.035755289161958324,0.4988270323635034
cell_80000311_05,80000311,batchA,0,Female,0.035755289161958324,0.4988270323635034
cell_80000311_06,80000311,batchA,0,Female,0.035755289161958324,0.4988270323635034
cell_80000311_07,80000311,batchA,0,Female,0.035755289161958324,0.4988270323635034
cell_80000311_08,80000311,batchA,0,Female,0.035755289161958324,0.4988270323635034
cell_80000311_09,80000311,batchA,0,Female,0.035755289161958324,0.4988270323635034
cell_80000311_10,80000311,batchA,0,Female,0.035755289161958324,0.4988270323635034
cell_80000311_11,80000311,batchA,0,Female,0.035755289161958324,0.4988270323635034
cell_80000145_00,80000145,batchA,0,Female,0.2896168763478402,0.13139022173695383
cell_80000145_01,80000145,batchA,0,Female,0.2896168763478402,0.13139022173695383
cell_80000145_02,80000145,batchA,0,Female,0.2896168763478402,0.13139022173695383
cell_80000145_03,80000145,batchA,0,Female,0.2896168763478402,0.13139022173695383
cell_80000145_04,80000145,batchA,0,Female,0.2896168763478402,0.13139022173695383
cell_80000145_05,80000145,batchA,0,Female,0.2896168763478402,0.13139022173695383
cell_80000145_06,80000145,batchA,0,Female,0.2896168763478402,0.13139022173695383
cell_80000145_07,80000145,batchA,0,Female,0.2896168763478402,0.13139022173695383
cell_80000145_08,80000145,batchA,0,Female,0.2896168763478402,0.13139022173695383
cell_80000145_09,80000145,batchA,0,Female,0.2896168763478402,0.13139022173695383
cell_80000145_10,80000145,batchA,0,Female,0.2896168763478402,0.13139022173695383
cell_80000145_11,80000145,batchA,0,Female,0.2896168763478402,0.13139022173695383
cell_80000109_00,80000109,batchA,0,Male,0.2501180639106223,0.8971096959820481
cell_80000109_01,80000109,batchA,0,Male,0.2501180639106223,0.8971096959820481
cell_80000109_02,80000109,batchA,0,Male,0.2501180639106223,0.8971096959820481
cell_80000109_03,80000109,batchA,0,Male,0.2501180639106223,0.8971096959820481
cell_80000109_04,80000109,batchA,0,Male,0.2501180639106223,0.8971096959820481
cell_80000109_05,80000109,batchA,0,Male,0.2501180639106223,0.8971096959820481
cell_80000109_06,80000109,batchA,0,Male,0.2501180639106223,0.8971096959820481
cell_80000109_07,80000109,batchA,0,Male,0.2501180639106223,0.8971096959820481
cell_80000109_08,80000109,batchA,0,Male,0.2501180639106223,0.8971096959820481
cell_80000109_09,80000109,batchA,0,Male,0.2501180639106223,0.8971096959820481
cell_80000109_10,80000109,batchA,0,Male,0.2501180639106223,0.8971096959820481
cell_80000109_11,80000109,batchA,0,Male,0.2501180639106223,0.8971096959820481
cell_80000263_00,80000263,batchA,0,Female,0.12948843116775755,0.15758064577165715
cell_80000263_01,80000263,batchA,0,Female,0.12948843116775755,0.15758064577165715
cell_80000263_02,80000263,batchA,0,Female,0.12948843116775755,0.15758064577165715
cell_80000263_03,80000263,batchA,0,Female,0.12948843116775755,0.15758064577165715
cell_80000263_04,80000263,batchA,0,Female,0.12948843116775755,0.15758064577165715
cell_80000263_05,80000263,batchA,0,Female,0.12948843116775755,0.15758064577165715
cell_80000263_06,80000263,batchA,0,Female,0.12948843116775755,0.15758064577165715
cell_80000263_07,80000263,batchA,0,Female,0.12948843116775755,0.15758064577165715
cell_80000263_08,80000263,batchA,0,Female,0.12948843116775755,0.15758064577165715
cell_80000263_09,80000263,batchA,0,Female,0.12948843116775755,0.15758064577165715
cell_80000263_10,80000263,batchA,0,Female,0.12948843116775755,0.15758064577165715
cell_80000263_11,80000263,batchA,0,Female,0.12948843116775755,0.15758064577165715
cell_80000347_00,80000347,batchA,0,Female,0.18397210185554108,0.13648657285585203
cell_80000347_01,80000347,batchA,0,Female,0.18397210185554108,0.13648657285585203
cell_80000347_02,80000347,batchA,0,Female,0.18397210185554108,0.13648657285585203
cell_80000347_03,80000347,batchA,0,Female,0.18397210185554108,0.13648657285585203
cell_80000347_04,80000347,batchA,0,Female,0.18397210185554108,0.13648657285585203
cell_80000347_05,80000347,batchA,0,Female,0.18397210185554108,0.13648657285585203
cell_80000347_06,80000347,batchA,0,Female,0.18397210185554108,0.13648657285585203
cell_80000347_07,80000347,batchA,0,Female,0.18397210185554108,0.13648657285585203
cell_80000347_08,80000347,batchA,0,Female,0.18397210185554108,0.13648657285585203
cell_80000347_09,80000347,batchA,0,Female,0.18397210185554108,0.13648657285585203
cell_80000347_10,80000347,batchA,0,Female,0.18397210185554108,0.13648657285585203
cell_80000347_11,80000347,batchA,0,Female,0.18397210185554108,0.13648657285585203
cell_80000295_00,80000295,batchA,0,Female,0.1094279147699041,0.4722956066020009
cell_80000295_01,80000295,batchA,0,Female,0.1094279147699041,0.4722956066020009
cell_80000295_02,80000295,batchA,0,Female,0.1094279147699041,0.4722956066020009
cell_80000295_03,80000295,batchA,0,Female,0.1094279147699041,0.4722956066020009
cell_80000295_04,80000295,batchA,0,Female,0.1094279147699041,0.4722956066020009
cell_80000295_05,80000295,batchA,0,Female,0.1094279147699041,0.4722956066020009
cell_80000295_06,80000295,batchA,0,Female,0.1094279147699041,0.4722956066020009
cell_80000295_07,80000295,batchA,0,Female,0.1094279147699041,0.4722956066020009
cell_80000295_08,80000295,batchA,0,Female,0.1094279147699041,0.4722956066020009
cell_80000295_09,80000295,batchA,0,Female,0.1094279147699041,0.4722956066020009
cell_80000295_10,80000295,batchA,0,Female,0.1094279147699041,0.4722956066020009
cell_80000295_11,80000295,batchA,0,Female,0.1094279147699041,0.4722956066020009
cell_80000359_00,80000359,batchA,0,Female,0.2507470239725355,0.8347165670876435
cell_80000359_01,80000359,batchA,0,Female,0.2507470239725355,0.8347165670876435
cell_80000359_02,80000359,batchA,0,Female,0.2507470239725355,0.8347165670876435
cell_80000359_03,80000359,batchA,0,Female,0.2507470239725355,0.8347165670876435
cell_80000359_04,80000359,batchA,0,Female,0.2507470239725355,0.8347165670876435
cell_80000359_05,80000359,batchA,0,Female,0.2507470239725355,0.8347165670876435
cell_80000359_06,80000359,batchA,0,Female,0.2507470239725355,0.8347165670876435
cell_80000359_07,80000359,batchA,0,Female,0.2507470239725355,0.8347165670876435
cell_80000359_08,80000359,batchA,0,Female,0.2507470239725355,0.8347165670876435
cell_80000359_09,80000359,batchA,0,Female,0.2507470239725355,0.8347165670876435
cell_80000359_10,80000359,batchA,0,Female,0.2507470239725355,0.8347165670876435
cell_80000359_11,80000359,batchA,0,Female,0.2507470239725355,0.8347165670876435
cell_80000351_00,80000351,batchA,0,Female,0.14176339656982,0.7918888555242676
cell_80000351_01,80000351,batchA,0,Female,0.14176339656982,0.7918888555242676
cell_80000351_02,80000351,batchA,0,Female,0.14176339656982,0.7918888555242676
cell_80000351_03,80000351,batchA,0,Female,0.14176339656982,0.7918888555242676
cell_80000351_04,80000351,batchA,0,Female,0.14176339656982,0.7918888555242676
cell_80000351_05,80000351,batchA,0,Female,0.14176339656982,0.7918888555242676
cell_80000351_06,80000351,batchA,0,Female,0.14176339656982,0.7918888555242676
cell_80000351_07,80000351,batchA,0,Female,0.14176339656982,0.7918888555242676
cell_80000351_08,80000351,batchA,0,Female,0.14176339656982,0.7918888555242676
cell_80000351_09,80000351,batchA,0,Female,0.14176339656982,0.7918888555242676
cell_80000351_10,80000351,batchA,0,Female,0.14176339656982,0.7918888555242676
cell_80000351_11,80000351,batchA,0,Female,0.14176339656982,0.7918888555242676
cell_80000271_00,80000271,batchA,0,Female,0.08516143581041702,0.46767316013398025
cell_80000271_01,80000271,batchA,0,Female,0.08516143581041702,0.46767316013398025
cell_80000271_02,80000271,batchA,0,Female,0.08516143581041702,0.46767316013398025
cell_80000271_03,80000271,batchA,0,Female,0.08516143581041702,0.46767316013398025
cell_80000271_04,80000271,batchA,0,Female,0.08516143581041702,0.46767316013398025
cell_80000271_05,80000271,batchA,0,Female,0.08516143581041702,0.46767316013398025
cell_80000271_06,80000271,batchA,0,Female,0.08516143581041702,0.46767316013398025
cell_80000271_07,80000271,batchA,0,Female,0.08516143581041702,0.46767316013398025
cell_80000271_08,80000271,batchA,0,Female,0.08516143581041702,0.46767316013398025
cell_80000271_09,80000271,batchA,0,Female,0.08516143581041702,0.46767316013398025
cell_80000271_10,80000271,batchA,0,Female,0.08516143581041702,0.46767316013398025
cell_80000271_11,80000271,batchA,0,Female,0.08516143581041702,0.46767316013398025
cell_80000435_00,80000435,batchA,0,Male,0.2964315590400114,0.13648374050523143
cell_80000435_01,80000435,batchA,0,Male,0.2964315590400114,0.13648374050523143
cell_80000435_02,80000435,batchA,0,Male,0.2964315590400114,0.13648374050523143
cell_80000435_03,80000435,batchA,0,Male,0.2964315590400114,0.13648374050523143
cell_80000435_04,80000435,batchA,0,Male,0.2964315590400114,0.13648374050523143
cell_80000435_05,80000435,batchA,0,Male,0.2964315590400114,0.13648374050523143
cell_80000435_06,80000435,batchA,0,Male,0.2964315590400114,0.13648374050523143
cell_80000435_07,80000435,batchA,0,Male,0.2964315590400114,0.13648374050523143
cell_80000435_08,80000435,batchA,0,Male,0.2964315590400114,0.13648374050523143
cell_80000435_09,80000435,batchA,0,Male,0.2964315590400114,0.13648374050523143
cell_80000435_10,80000435,batchA,0,Male,0.2964315590400114,0.13648374050523143
cell_80000435_11,80000435,batchA,0,Male,0.2964315590400114,0.13648374050523143
cell_80000155_00,80000155,batchA,0,Male,0.17848756878890257,0.862237574005296
cell_80000155_01,80000155,batchA,0,Male,0.17848756878890257,0.862237574005296
cell_80000155_02,80000155,batchA,0,Male,0.17848756878890257,0.862237574005296
cell_80000155_03,80000155,batchA,0,Male,0.17848756878890257,0.862237574005296
cell_80000155_04,80000155,batchA,0,Male,0.17848756878890257,0.862237574005296
cell_80000155_05,80000155,batchA,0,Male,0.17848756878890257,0.862237574005296
cell_80000155_06,80000155,batchA,0,Male,0.17848756878890257,0.862237574005296
cell_80000155_07,80000155,batchA,0,Male,0.17848756878890257,0.862237574005296
cell_80000155_08,80000155,batchA,0,Male,0.17848756878890257,0.862237574005296
cell_80000155_09,80000155,batchA,0,Male,0.17848756878890257,0.862237574005296
cell_80000155_10,80000155,batchA,0,Male,0.17848756878890257,0.862237574005296
cell_80000155_11,80000155,batchA,0,Male,0.17848756878890257,0.862237574005296
cell_80000371_00,80000371,batchA,0,Male,0.3175386834712597,0.7855522526197778
cell_80000371_01,80000371,batchA,0,Male,0.3175386834712597,0.7855522526197778
cell_80000371_02,80000371,batchA,0,Male,0.3175386834712597,0.7855522526197778
cell_80000371_03,80000371,batchA,0,Male,0.3175386834712597,0.7855522526197778
cell_80000371_04,80000371,batchA,0,Male,0.3175386834712597,0.7855522526197778
cell_80000371_05,80000371,batchA,0,Male,0.3175386834712597,0.7855522526197778
cell_80000371_06,80000371,batchA,0,Male,0.3175386834712597,0.7855522526197778
cell_80000371_07,80000371,batchA,0,Male,0.3175386834712597,0.7855522526197778
cell_80000371_08,80000371,batchA,0,Male,0.3175386834712597,0.7855522526197778
cell_80000371_09,80000371,batchA,0,Male,0.3175386834712597,0.7855522526197778
cell_80000371_10,80000371,batchA,0,Male,0.3175386834712597,0.7855522526197778
cell_80000371_11,80000371,batchA,0,Male,0.3175386834712597,0.7855522526197778
cell_80000097_00,80000097,batchA,0,Male,0.3398413395264099,0.1180770826702071
cell_80000097_01,80000097,batchA,0,Male,0.3398413395264099,0.1180770826702071
cell_80000097_02,80000097,batchA,0,Male,0.3398413395264099,0.1180770826702071
cell_80000097_03,80000097,batchA,0,Male,0.3398413395264099,0.1180770826702071
cell_80000097_04,80000097,batchA,0,Male,0.3398413395264099,0.1180770826702071
cell_80000097_05,80000097,batchA,0,Male,0.3398413395264099,0.1180770826702071
cell_80000097_06,80000097,batchA,0,Male,0.3398413395264099,0.1180770826702071
cell_80000097_07,80000097,batchA,0,Male,0.3398413395264099,0.1180770826702071
cell_80000097_08,80000097,batchA,0,Male,0.3398413395264099,0.1180770826702071
cell_80000097_09,80000097,batchA,0,Male,0.3398413395264099,0.1180770826702071
cell_80000097_10,80000097,batchA,0,Male,0.3398413395264099,0.1180770826702071
cell_80000097_11,80000097,batchA,0,Male,0.3398413395264099,0.1180770826702071
cell_80000115_00,80000115,batchA,0,Female,0.30406952628618944,0.15435184335625018
cell_80000115_01,80000115,batchA,0,Female,0.30406952628618944,0.15435184335625018
cell_80000115_02,80000115,batchA,0,Female,0.30406952628618944,0.15435184335625018
cell_80000115_03,80000115,batchA,0,Female,0.30406952628618944,0.15435184335625018
cell_80000115_04,80000115,batchA,0,Female,0.30406952628618944,0.15435184335625018
cell_80000115_05,80000115,batchA,0,Female,0.30406952628618944,0.15435184335625018
cell_80000115_06,80000115,batchA,0,Female,0.30406952628618944,0.15435184335625018
cell_80000115_07,80000115,batchA,0,Female,0.30406952628618944,0.15435184335625018
cell_80000115_08,80000115,batchA,0,Female,0.30406952628618944,0.15435184335625018
cell_80000115_09,80000115,batchA,0,Female,0.30406952628618944,0.15435184335625018
cell_80000115_10,80000115,batchA,0,Female,0.30406952628618944,0.15435184335625018
cell_80000115_11,80000115,batchA,0,Female,0.30406952628618944,0.15435184335625018
cell_80000131_00,80000131,batchA,0,Female,0.09955848067247178,0.4805221124116959
cell_80000131_01,80000131,batchA,0,Female,0.09955848067247178,0.4805221124116959
cell_80000131_02,80000131,batchA,0,Female,0.09955848067247178,0.4805221124116959
cell_80000131_03,80000131,batchA,0,Female,0.09955848067247178,0.4805221124116959
cell_80000131_04,80000131,batchA,0,Female,0.09955848067247178,0.4805221124116959
cell_80000131_05,80000131,batchA,0,Female,0.09955848067247178,0.4805221124116959
cell_80000131_06,80000131,batchA,0,Female,0.09955848067247178,0.4805221124116959
cell_80000131_07,80000131,batchA,0,Female,0.09955848067247178,0.4805221124116959
cell_80000131_08,80000131,batchA,0,Female,0.09955848067247178,0.4805221124116959
cell_80000131_09,80000131,batchA,0,Female,0.09955848067247178,0.4805221124116959
cell_80000131_10,80000131,batchA,0,Female,0.09955848067247178,0.4805221124116959
cell_80000131_11,80000131,batchA,0,Female,0.09955848067247178,0.4805221124116959
cell_80000199_00,80000199,batchA,0,Male,0.2167627870863673,0.17149930817542103
cell_80000199_01,80000199,batchA,0,Male,0.2167627870863673,0.17149930817542103
cell_80000199_02,80000199,batchA,0,Male,0.2167627870863673,0.17149930817542103
cell_80000199_03,80000199,batchA,0,Male,0.2167627870863673,0.17149930817542103
cell_80000199_04,80000199,batchA,0,Male,0.2167627870863673,0.17149930817542103
cell_80000199_05,80000199,batchA,0,Male,0.2167627870863673,0.17149930817542103
cell_80000199_06,80000199,batchA,0,Male,0.2167627870863673,0.17149930817542103
cell_80000199_07,80000199,batchA,0,Male,0.2167627870863673,0.17149930817542103
cell_80000199_08,80000199,batchA,0,Male,0.2167627870863673,0.17149930817542103
cell_80000199_09,80000199,batchA,0,Male,0.2167627870863673,0.17149930817542103
cell_80000199_10,80000199,batchA,0,Male,0.2167627870863673,0.17149930817542103
cell_80000199_11,80000199,batchA,0,Male,0.2167627870863673,0.17149930817542103
cell_80000325_00,80000325,batchA,0,Female,0.2593289885624995,0.834231669984542
cell_80000325_01,80000325,batchA,0,Female,0.2593289885624995,0.834231669984542
cell_80000325_02,80000325,batchA,0,Female,0.2593289885624995,0.834231669984542
cell_80000325_03,80000325,batchA,0,Female,0.2593289885624995,0.834231669984542
cell_80000325_04,80000325,batchA,0,Female,0.2593289885624995,0.834231669984542
cell_80000325_05,80000325,batchA,0,Female,0.2593289885624995,0.834231669984542
cell_80000325_06,80000325,batchA,0,Female,0.2593289885624995,0.834231669984542
cell_80000325_07,80000325,batchA,0,Female,0.2593289885624995,0.834231669984542
cell_80000325_08,80000325,batchA,0,Female,0.2593289885624995,0.834231669984542
cell_80000325_09,80000325,batchA,0,Female,0.2593289885624995,0.834231669984542
cell_80000325_10,80000325,batchA,0,Female,0.2593289885624995,0.834231669984542
cell_80000325_11,80000325,batchA,0,Female,0.2593289885624995,0.834231669984542
cell_80000437_00,80000437,batchA,0,Male,0.22320807816358923,0.10172653148481414
cell_80000437_01,80000437,batchA,0,Male,0.22320807816358923,0.10172653148481414
cell_80000437_02,80000437,batchA,0,Male,0.22320807816358923,0.10172653148481414
cell_80000437_03,80000437,batchA,0,Male,0.22320807816358923,0.10172653148481414
cell_80000437_04,80000437,batchA,0,Male,0.22320807816358923,0.10172653148481414
cell_80000437_05,80000437,batchA,0,Male,0.22320807816358923,0.10172653148481414
cell_80000437_06,80000437,batchA,0,Male,0.22320807816358923,0.10172653148481414
cell_80000437_07,80000437,batchA,0,Male,0.22320807816358923,0.10172653148481414
cell_80000437_08,80000437,batchA,0,Male,0.22320807816358923,0.10172653148481414
cell_80000437_09,80000437,batchA,0,Male,0.22320807816358923,0.10172653148481414
cell_80000437_10,80000437,batchA,0,Male,0.22320807816358923,0.10172653148481414
cell_80000437_11,80000437,batchA,0,Male,0.22320807816358923,0.10172653148481414
cell_80000319_00,80000319,batchA,0,Male,0.013342158461534932,0.49729422759867836
cell_80000319_01,80000319,batchA,0,Male,0.013342158461534932,0.49729422759867836
cell_80000319_02,80000319,batchA,0,Male,0.013342158461534932,0.49729422759867836
cell_80000319_03,80000319,batchA,0,Male,0.013342158461534932,0.49729422759867836
cell_80000319_04,80000319,batchA,0,Male,0.013342158461534932,0.49729422759867836
cell_80000319_05,80000319,batchA,0,Male,0.013342158461534932,0.49729422759867836
cell_80000319_06,80000319,batchA,0,Male,0.013342158461534932,0.49729422759867836
cell_80000319_07,80000319,batchA,0,Male,0.013342158461534932,0.49729422759867836
cell_80000319_08,80000319,batchA,0,Male,0.013342158461534932,0.49729422759867836
cell_80000319_09,80000319,batchA,0,Male,0.013342158461534932,0.49729422759867836
cell_80000319_10,80000319,batchA,0,Male,0.013342158461534932,0.49729422759867836
cell_80000319_11,80000319,batchA,0,Male,0.013342158461534932,0.49729422759867836
cell_80000047_00,80000047,batchA,0,Female,0.04415708188604431,0.5237118043089851
cell_80000047_01,80000047,batchA,0,Female,0.04415708188604431,0.5237118043089851
cell_80000047_02,80000047,batchA,0,Female,0.04415708188604431,0.5237118043089851
cell_80000047_03,80000047,batchA,0,Female,0.04415708188604431,0.5237118043089851
cell_80000047_04,80000047,batchA,0,Female,0.04415708188604431,0.5237118043089851
cell_80000047_05,80000047,batchA,0,Female,0.04415708188604431,0.5237118043089851
cell_80000047_06,80000047,batchA,0,Female,0.04415708188604431,0.5237118043089851
cell_80000047_07,80000047,batchA,0,Female,0.04415708188604431,0.5237118043089851
cell_80000047_08,80000047,batchA,0,Female,0.04415708188604431,0.5237118043089851
cell_80000047_09,80000047,batchA,0,Female,0.04415708188604431,0.5237118043089851
cell_80000047_10,80000047,batchA,0,Female,0.04415708188604431,0.5237118043089851
cell_80000047_11,80000047,batchA,0,Female,0.04415708188604431,0.5237118043089851
cell_80000279_00,80000279,batchA,0,Female,0.2394074186438553,0.856531811966315
cell_80000279_01,80000279,batchA,0,Female,0.2394074186438553,0.856531811966315
cell_80000279_02,80000279,batchA,0,Female,0.2394074186438553,0.856531811966315
cell_80000279_03,80000279,batchA,0,Female,0.2394074186438553,0.856531811966315
cell_80000279_04,80000279,batchA,0,Female,0.2394074186438553,0.856531811966315
cell_80000279_05,80000279,batchA,0,Female,0.2394074186438553,0.856531811966315
cell_80000279_06,80000279,batchA,0,Female,0.2394074186438553,0.856531811966315
cell_80000279_07,80000279,batchA,0,Female,0.2394074186438553,0.856531811966315
cell_80000279_08,80000279,batchA,0,Female,0.2394074186438553,0.856531811966315
cell_80000279_09,80000279,batchA,0,Female,0.2394074186438553,0.856531811966315
cell_80000279_10,80000279,batchA,0,Female,0.2394074186438553,0.856531811966315
cell_80000279_11,80000279,batchA,0,Female,0.2394074186438553,0.856531811966315
cell_80000247_00,80000247,batchA,0,Male,0.25899866423987955,0.14184232554308462
cell_80000247_01,80000247,batchA,0,Male,0.25899866423987955,0.14184232554308462
cell_80000247_02,80000247,batchA,0,Male,0.25899866423987955,0.14184232554308462
cell_80000247_03,80000247,batchA,0,Male,0.25899866423987955,0.14184232554308462
cell_80000247_04,80000247,batchA,0,Male,0.25899866423987955,0.14184232554308462
cell_80000247_05,80000247,batchA,0,Male,0.25899866423987955,0.14184232554308462
cell_80000247_06,80000247,batchA,0,Male,0.25899866423987955,0.14184232554308462
cell_80000247_07,80000247,batchA,0,Male,0.25899866423987955,0.14184232554308462
cell_80000247_08,80000247,batchA,0,Male,0.25899866423987955,0.14184232554308462
cell_80000247_09,80000247,batchA,0,Male,0.25899866423987955,0.14184232554308462
cell_80000247_10,80000247,batchA,0,Male,0.25899866423987955,0.14184232554308462
cell_80000247_11,80000247,batchA,0,Male,0.25899866423987955,0.14184232554308462
cell_80000217_00,80000217,batchA,0,Female,0.25434588116141454,0.15999152417183196
cell_80000217_01,80000217,batchA,0,Female,0.25434588116141454,0.15999152417183196
cell_80000217_02,80000217,batchA,0,Female,0.25434588116141454,0.15999152417183196
cell_80000217_03,80000217,batchA,0,Female,0.25434588116141454,0.15999152417183196
cell_80000217_04,80000217,batchA,0,Female,0.25434588116141454,0.15999152417183196
cell_80000217_05,80000217,batchA,0,Female,0.25434588116141454,0.15999152417183196
cell_80000217_06,80000217,batchA,0,Female,0.25434588116141454,0.15999152417183196
cell_80000217_07,80000217,batchA,0,Female,0.25434588116141454,0.15999152417183196
cell_80000217_08,80000217,batchA,0,Female,0.25434588116141454,0.15999152417183196
cell_80000217_09,80000217,batchA,0,Female,0.25434588116141454,0.15999152417183196
cell_80000217_10,80000217,batchA,0,Female,0.25434588116141454,0.15999152417183196
cell_80000217_11,80000217,batchA,0,Female,0.25434588116141454,0.15999152417183196
cell_80000339_00,80000339,batchA,0,Male,0.3260497500986307,0.8253624046467085
cell_80000339_01,80000339,batchA,0,Male,0.3260497500986307,0.8253624046467085
cell_80000339_02,80000339,batchA,0,Male,0.3260497500986307,0.8253624046467085
cell_80000339_03,80000339,batchA,0,Male,0.3260497500986307,0.8253624046467085
cell_80000339_04,80000339,batchA,0,Male,0.3260497500986307,0.8253624046467085
cell_80000339_05,80000339,batchA,0,Male,0.3260497500986307,0.8253624046467085
cell_80000339_06,80000339,batchA,0,Male,0.3260497500986307,0.8253624046467085
cell_80000339_07,80000339,batchA,0,Male,0.3260497500986307,0.8253624046467085
cell_80000339_08,80000339,batchA,0,Male,0.3260497500986307,0.8253624046467085
cell_80000339_09,80000339,batchA,0,Male,0.3260497500986307,0.8253624046467085
cell_80000339_10,80000339,batchA,0,Male,0.3260497500986307,0.8253624046467085
cell_80000339_11,80000339,batchA,0,Male,0.3260497500986307,0.8253624046467085
cell_80000017_00,80000017,batchA,0,Male,0.25132809286401164,0.8127019771117425
cell_80000017_01,80000017,batchA,0,Male,0.25132809286401164,0.8127019771117425
cell_80000017_02,80000017,batchA,0,Male,0.25132809286401164,0.8127019771117425
cell_80000017_03,80000017,batchA,0,Male,0.25132809286401164,0.8127019771117425
cell_80000017_04,80000017,batchA,0,Male,0.25132809286401164,0.8127019771117425
cell_80000017_05,80000017,batchA,0,Male,0.25132809286401164,0.8127019771117425
cell_80000017_06,80000017,batchA,0,Male,0.25132809286401164,0.8127019771117425
cell_80000017_07,80000017,batchA,0,Male,0.25132809286401164,0.8127019771117425
cell_80000017_08,80000017,batchA,0,Male,0.25132809286401164,0.8127019771117425
cell_80000017_09,80000017,batchA,0,Male,0.25132809286401164,0.8127019771117425
cell_80000017_10,80000017,batchA,0,Male,0.25132809286401164,0.8127019771117425
cell_80000017_11,80000017,batchA,0,Male,0.25132809286401164,0.8127019771117425
cell_80000069_00,80000069,batchA,1,Male,0.2095468492282788,0.173918349738548
cell_80000069_01,80000069,batchA,1,Male,0.2095468492282788,0.173918349738548
cell_80000069_02,80000069,batchA,1,Male,0.2095468492282788,0.173918349738548
cell_80000069_03,80000069,batchA,1,Male,0.2095468492282788,0.173918349738548
cell_80000069_04,80000069,batchA,1,Male,0.2095468492282788,0.173918349738548
cell_80000069_05,80000069,batchA,1,Male,0.2095468492282788,0.173918349738548
cell_80000069_06,80000069,batchA,1,Male,0.2095468492282788,0.173918349738548
cell_80000069_07,80000069,batchA,1,Male,0.2095468492282788,0.173918349738548
cell_80000069_08,80000069,batchA,1,Male,0.2095468492282788,0.173918349738548
cell_80000069_09,80000069,batchA,1,Male,0.2095468492282788,0.173918349738548
cell_80000069_10,80000069,batchA,1,Male,0.2095468492282788,0.173918349738548
cell_80000069_11,80000069,batchA,1,Male,0.2095468492282788,0.173918349738548
cell_80000093_00,80000093,batchA,1,Female,0.1613505717887009,0.13511664448114435
cell_80000093_01,80000093,batchA,1,Female,0.1613505717887009,0.13511664448114435
cell_80000093_02,80000093,batchA,1,Female,0.1613505717887009,0.13511664448114435
cell_80000093_03,80000093,batchA,1,Female,0.1613505717887009,0.13511664448114435
cell_80000093_04,80000093,batchA,1,Female,0.1613505717887009,0.13511664448114435
cell_80000093_05,80000093,batchA,1,Female,0.1613505717887009,0.13511664448114435
cell_80000093_06,80000093,batchA,1,Female,0.1613505717887009,0.13511664448114435
cell_80000093_07,80000093,batchA,1,Female,0.1613505717887009,0.13511664448114435
cell_80000093_08,80000093,batchA,1,Female,0.1613505717887009,0.13511664448114435
cell_80000093_09,80000093,batchA,1,Female,0.1613505717887009,0.13511664448114435
cell_80000093_10,80000093,batchA,1,Female,0.1613505717887009,0.13511664448114435
cell_80000093_11,80000093,batchA,1,Female,0.1613505717887009,0.13511664448114435
cell_80000051_00,80000051,batchA,1,Male,0.09125613517794981,0.5293875602346791
cell_80000051_01,80000051,batchA,1,Male,0.09125613517794981,0.5293875602346791
cell_80000051_02,80000051,batchA,1,Male,0.09125613517794981,0.5293875602346791
cell_80000051_03,80000051,batchA,1,Male,0.09125613517794981,0.5293875602346791
cell_80000051_04,80000051,batchA,1,Male,0.09125613517794981,0.5293875602346791
cell_80000051_05,80000051,batchA,1,Male,0.09125613517794981,0.5293875602346791
cell_80000051_06,80000051,batchA,1,Male,0.09125613517794981,0.5293875602346791
cell_80000051_07,80000051,batchA,1,Male,0.09125613517794981,0.5293875602346791
cell_80000051_08,80000051,batchA,1,Male,0.09125613517794981,0.5293875602346791
cell_80000051_09,80000051,batchA,1,Male,0.09125613517794981,0.5293875602346791
cell_80000051_10,80000051,batchA,1,Male,0.09125613517794981,0.5293875602346791
cell_80000051_11,80000051,batchA,1,Male,0.09125613517794981,0.5293875602346791
cell_80000427_00,80000427,batchA,1,Male,0.06570168593916292,0.48138444138054015
cell_80000427_01,80000427,batchA,1,Male,0.06570168593916292,0.48138444138054015
cell_80000427_02,80000427,batchA,1,Male,0.06570168593916292,0.48138444138054015
cell_80000427_03,80000427,batchA,1,Male,0.06570168593916292,0.48138444138054015
cell_80000427_04,80000427,batchA,1,Male,0.06570168593916292,0.48138444138054015
cell_80000427_05,80000427,batchA,1,Male,0.06570168593916292,0.48138444138054015
cell_80000427_06,80000427,batchA,1,Male,0.06570168593916292,0.48138444138054015
cell_80000427_07,80000427,batchA,1,Male,0.06570168593916292,0.48138444138054015
cell_80000427_08,80000427,batchA,1,Male,0.06570168593916292,0.48138444138054015
cell_80000427_09,80000427,batchA,1,Male,0.06570168593916292,0.48138444138054015
cell_80000427_10,80000427,batchA,1,Male,0.06570168593916292,0.48138444138054015
cell_80000427_11,80000427,batchA,1,Male,0.06570168593916292,0.48138444138054015
cell_80000315_00,80000315,batchA,1,Male,0.33293177247849387,0.14330872807452757
cell_80000315_01,80000315,batchA,1,Male,0.33293177247849387,0.14330872807452757
cell_80000315_02,80000315,batchA,1,Male,0.33293177247849387,0.14330872807452757
cell_80000315_03,80000315,batchA,1,Male,0.33293177247849387,0.14330872807452757
cell_80000315_04,80000315,batchA,1,Male,0.33293177247849387,0.14330872807452757
cell_80000315_05,80000315,batchA,1,Male,0.33293177247849387,0.14330872807452757
cell_80000315_06,80000315,batchA,1,Male,0.33293177247849387,0.14330872807452757
cell_80000315_07,80000315,batchA,1,Male,0.33293177247849387,0.14330872807452757
cell_80000315_08,80000315,batchA,1,Male,0.33293177247849387,0.14330872807452757
cell_80000315_09,80000315,batchA,1,Male,0.33293177247849387,0.14330872807452757
cell_80000315_10,80000315,batchA,1,Male,0.33293177247849387,0.14330872807452757
cell_80000315_11,80000315,batchA,1,Male,0.33293177247849387,0.14330872807452757
cell_80000331_00,80000331,batchA,1,Female,0.23874926276497002,0.18951534751674923
cell_80000331_01,80000331,batchA,1,Female,0.23874926276497002,0.18951534751674923
cell_80000331_02,80000331,batchA,1,Female,0.23874926276497002,0.18951534751674923
cell_80000331_03,80000331,batchA,1,Female,0.23874926276497002,0.18951534751674923
cell_80000331_04,80000331,batchA,1,Female,0.23874926276497002,0.18951534751674923
cell_80000331_05,80000331,batchA,1,Female,0.23874926276497002,0.18951534751674923
cell_80000331_06,80000331,batchA,1,Female,0.23874926276497002,0.18951534751674923
cell_80000331_07,80000331,batchA,1,Female,0.23874926276497002,0.18951534751674923
cell_80000331_08,80000331,batchA,1,Female,0.23874926276497002,0.18951534751674923
cell_80000331_09,80000331,batchA,1,Female,0.23874926276497002,0.18951534751674923
cell_80000331_10,80000331,batchA,1,Female,0.23874926276497002,0.18951534751674923
cell_80000331_11,80000331,batchA,1,Female,0.23874926276497002,0.18951534751674923
cell_80000207_00,80000207,batchA,1,Female,0.19153235692902817,0.12051545756739289
cell_80000207_01,80000207,batchA,1,Female,0.19153235692902817,0.12051545756739289
cell_80000207_02,80000207,batchA,1,Female,0.19153235692902817,0.12051545756739289
cell_80000207_03,80000207,batchA,1,Female,0.19153235692902817,0.12051545756739289
cell_80000207_04,80000207,batchA,1,Female,0.19153235692902817,0.12051545756739289
cell_80000207_05,80000207,batchA,1,Female,0.19153235692902817,0.12051545756739289
cell_80000207_06,80000207,batchA,1,Female,0.19153235692902817,0.12051545756739289
cell_80000207_07,80000207,batchA,1,Female,0.19153235692902817,0.12051545756739289
cell_80000207_08,80000207,batchA,1,Female,0.19153235692902817,0.12051545756739289
cell_80000207_09,80000207,batchA,1,Female,0.19153235692902817,0.12051545756739289
cell_80000207_10,80000207,batchA,1,Female,0.19153235692902817,0.12051545756739289
cell_80000207_11,80000207,batchA,1,Female,0.19153235692902817,0.12051545756739289
cell_80000117_00,80000117,batchA,1,Female,0.30643758391637593,0.839703976943983
cell_80000117_01,80000117,batchA,1,Female,0.30643758391637593,0.839703976943983
cell_80000117_02,80000117,batchA,1,Female,0.30643758391637593,0.839703976943983
cell_80000117_03,80000117,batchA,1,Female,0.30643758391637593,0.839703976943983
cell_80000117_04,80000117,batchA,1,Female,0.30643758391637593,0.839703976943983
cell_80000117_05,80000117,batchA,1,Female,0.30643758391637593,0.839703976943983
cell_80000117_06,80000117,batchA,1,Female,0.30643758391637593,0.839703976943983
cell_80000117_07,80000117,batchA,1,Female,0.30643758391637593,0.839703976943983
cell_80000117_08,80000117,batchA,1,Female,0.30643758391637593,0.839703976943983
cell_80000117_09,80000117,batchA,1,Female,0.30643758391637593,0.839703976943983
cell_80000117_10,80000117,batchA,1,Female,0.30643758391637593,0.839703976943983
cell_80000117_11,80000117,batchA,1,Female,0.30643758391637593,0.839703976943983
cell_80000187_00,80000187,batchA,1,Female,0.21531882409673195,0.9187974892376493
cell_80000187_01,80000187,batchA,1,Female,0.21531882409673195,0.9187974892376493
cell_80000187_02,80000187,batchA,1,Female,0.21531882409673195,0.9187974892376493
cell_80000187_03,80000187,batchA,1,Female,0.21531882409673195,0.9187974892376493
cell_80000187_04,80000187,batchA,1,Female,0.21531882409673195,0.9187974892376493
cell_80000187_05,80000187,batchA,1,Female,0.21531882409673195,0.9187974892376493
cell_80000187_06,80000187,batchA,1,Female,0.21531882409673195,0.9187974892376493
cell_80000187_07,80000187,batchA,1,Female,0.21531882409673195,0.9187974892376493
cell_80000187_08,80000187,batchA,1,Female,0.21531882409673195,0.9187974892376493
cell_80000187_09,80000187,batchA,1,Female,0.21531882409673195,0.9187974892376493
cell_80000187_10,80000187,batchA,1,Female,0.21531882409673195,0.9187974892376493
cell_80000187_11,80000187,batchA,1,Female,0.21531882409673195,0.9187974892376493
cell_80000341_00,80000341,batchA,1,Male,0.07421037802734563,0.490850803438607
cell_80000341_01,80000341,batchA,1,Male,0.07421037802734563,0.490850803438607
cell_80000341_02,80000341,batchA,1,Male,0.07421037802734563,0.490850803438607
cell_80000341_03,80000341,batchA,1,Male,0.07421037802734563,0.490850803438607
cell_80000341_04,80000341,batchA,1,Male,0.07421037802734563,0.490850803438607
cell_80000341_05,80000341,batchA,1,Male,0.07421037802734563,0.490850803438607
cell_80000341_06,80000341,batchA,1,Male,0.07421037802734563,0.490850803438607
cell_80000341_07,80000341,batchA,1,Male,0.07421037802734563,0.490850803438607
cell_80000341_08,80000341,batchA,1,Male,0.07421037802734563,0.490850803438607
cell_80000341_09,80000341,batchA,1,Male,0.07421037802734563,0.490850803438607
cell_80000341_10,80000341,batchA,1,Male,0.07421037802734563,0.490850803438607
cell_80000341_11,80000341,batchA,1,Male,0.07421037802734563,0.490850803438607
cell_80000177_00,80000177,batchA,1,Male,0.11022601510358657,0.4769493302135626
cell_80000177_01,80000177,batchA,1,Male,0.11022601510358657,0.4769493302135626
cell_80000177_02,80000177,batchA,1,Male,0.11022601510358657,0.4769493302135626
cell_80000177_03,80000177,batchA,1,Male,0.11022601510358657,0.4769493302135626
cell_80000177_04,80000177,batchA,1,Male,0.11022601510358657,0.4769493302135626
cell_80000177_05,80000177,batchA,1,Male,0.11022601510358657,0.4769493302135626
cell_80000177_06,80000177,batchA,1,Male,0.11022601510358657,0.4769493302135626
cell_80000177_07,80000177,batchA,1,Male,0.11022601510358657,0.4769493302135626
cell_80000177_08,80000177,batchA,1,Male,0.11022601510358657,0.4769493302135626
cell_80000177_09,80000177,batchA,1,Male,0.11022601510358657,0.4769493302135626
cell_80000177_10,80000177,batchA,1,Male,0.11022601510358657,0.4769493302135626
cell_80000177_11,80000177,batchA,1,Male,0.11022601510358657,0.4769493302135626
cell_80000219_00,80000219,batchA,1,Male,0.056376752994051926,0.5045276458041948
cell_80000219_01,80000219,batchA,1,Male,0.056376752994051926,0.5045276458041948
cell_80000219_02,80000219,batchA,1,Male,0.056376752994051926,0.5045276458041948
cell_80000219_03,80000219,batchA,1,Male,0.056376752994051926,0.5045276458041948
cell_80000219_04,80000219,batchA,1,Male,0.056376752994051926,0.5045276458041948
cell_80000219_05,80000219,batchA,1,Male,0.056376752994051926,0.5045276458041948
cell_80000219_06,80000219,batchA,1,Male,0.056376752994051926,0.5045276458041948
cell_80000219_07,80000219,batchA,1,Male,0.056376752994051926,0.5045276458041948
cell_80000219_08,80000219,batchA,1,Male,0.056376752994051926,0.5045276458041948
cell_80000219_09,80000219,batchA,1,Male,0.056376752994051926,0.5045276458041948
cell_80000219_10,80000219,batchA,1,Male,0.056376752994051926,0.5045276458041948
cell_80000219_11,80000219,batchA,1,Male,0.056376752994051926,0.5045276458041948
cell_80000029_00,80000029,batchA,1,Female,0.26251860792933146,0.8286088301137603
cell_80000029_01,80000029,batchA,1,Female,0.26251860792933146,0.8286088301137603
cell_80000029_02,80000029,batchA,1,Female,0.26251860792933146,0.8286088301137603
cell_80000029_03,80000029,batchA,1,Female,0.26251860792933146,0.8286088301137603
cell_80000029_04,80000029,batchA,1,Female,0.26251860792933146,0.8286088301137603
cell_80000029_05,80000029,batchA,1,Female,0.26251860792933146,0.8286088301137603
cell_80000029_06,80000029,batchA,1,Female,0.26251860792933146,0.8286088301137603
cell_80000029_07,80000029,batchA,1,Female,0.26251860792933146,0.8286088301137603
cell_80000029_08,80000029,batchA,1,Female,0.26251860792933146,0.8286088301137603
cell_80000029_09,80000029,batchA,1,Female,0.26251860792933146,0.8286088301137603
cell_80000029_10,80000029,batchA,1,Female,0.26251860792933146,0.8286088301137603
cell_80000029_11,80000029,batchA,1,Female,0.26251860792933146,0.8286088301137603
cell_80000127_00,80000127,batchA,1,Female,0.07415429946885928,0.49705779294402475
cell_80000127_01,80000127,batchA,1,Female,0.07415429946885928,0.49705779294402475
cell_80000127_02,80000127,batchA,1,Female,0.07415429946885928,0.49705779294402475
cell_80000127_03,80000127,batchA,1,Female,0.07415429946885928,0.49705779294402475
cell_80000127_04,80000127,batchA,1,Female,0.07415429946885928,0.49705779294402475
cell_80000127_05,80000127,batchA,1,Female,0.07415429946885928,0.49705779294402475
cell_80000127_06,80000127,batchA,1,Female,0.07415429946885928,0.49705779294402475
cell_80000127_07,80000127,batchA,1,Female,0.07415429946885928,0.49705779294402475
cell_80000127_08,80000127,batchA,1,Female,0.07415429946885928,0.49705779294402475
cell_80000127_09,80000127,batchA,1,Female,0.07415429946885928,0.49705779294402475
cell_80000127_10,80000127,batchA,1,Female,0.07415429946885928,0.49705779294402475
cell_80000127_11,80000127,batchA,1,Female,0.07415429946885928,0.49705779294402475
cell_80000011_00,80000011,batchA,1,Female,0.30230908707451865,0.8185367210052137
cell_80000011_01,80000011,batchA,1,Female,0.30230908707451865,0.8185367210052137
cell_80000011_02,80000011,batchA,1,Female,0.30230908707451865,0.8185367210052137
cell_80000011_03,80000011,batchA,1,Female,0.30230908707451865,0.8185367210052137
cell_80000011_04,80000011,batchA,1,Female,0.30230908707451865,0.8185367210052137
cell_80000011_05,80000011,batchA,1,Female,0.30230908707451865,0.8185367210052137
cell_80000011_06,80000011,batchA,1,Female,0.30230908707451865,0.8185367210052137
cell_80000011_07,80000011,batchA,1,Female,0.30230908707451865,0.8185367210052137
cell_80000011_08,80000011,batchA,1,Female,0.30230908707451865,0.8185367210052137
cell_80000011_09,80000011,batchA,1,Female,0.30230908707451865,0.8185367210052137
cell_80000011_10,80000011,batchA,1,Female,0.30230908707451865,0.8185367210052137
cell_80000011_11,80000011,batchA,1,Female,0.30230908707451865,0.8185367210052137
cell_80000357_00,80000357,batchA,1,Male,0.30705172823479154,0.8302006824509743
cell_80000357_01,80000357,batchA,1,Male,0.30705172823479154,0.8302006824509743
cell_80000357_02,80000357,batchA,1,Male,0.30705172823479154,0.8302006824509743
cell_80000357_03,80000357,batchA,1,Male,0.30705172823479154,0.8302006824509743
cell_80000357_04,80000357,batchA,1,Male,0.30705172823479154,0.8302006824509743
cell_80000357_05,80000357,batchA,1,Male,0.30705172823479154,0.8302006824509743
cell_80000357_06,80000357,batchA,1,Male,0.30705172823479154,0.8302006824509743
cell_80000357_07,80000357,batchA,1,Male,0.30705172823479154,0.8302006824509743
cell_80000357_08,80000357,batchA,1,Male,0.30705172823479154,0.8302006824509743
cell_80000357_09,80000357,batchA,1,Male,0.30705172823479154,0.8302006824509743
cell_80000357_10,80000357,batchA,1,Male,0.30705172823479154,0.8302006824509743
cell_80000357_11,80000357,batchA,1,Male,0.30705172823479154,0.8302006824509743
cell_80000268_00,80000268,batchB,0,Female,0.10802186658491929,0.5145524530119239
cell_80000268_01,80000268,batchB,0,Female,0.10802186658491929,0.5145524530119239
cell_80000268_02,80000268,batchB,0,Female,0.10802186658491929,0.5145524530119239
cell_80000268_03,80000268,batchB,0,Female,0.10802186658491929,0.5145524530119239
cell_80000268_04,80000268,batchB,0,Female,0.10802186658491929,0.5145524530119239
cell_80000268_05,80000268,batchB,0,Female,0.10802186658491929,0.5145524530119239
cell_80000268_06,80000268,batchB,0,Female,0.10802186658491929,0.5145524530119239
cell_80000268_07,80000268,batchB,0,Female,0.10802186658491929,0.5145524530119239
cell_80000268_08,80000268,batchB,0,Female,0.10802186658491929,0.5145524530119239
cell_80000268_09,80000268,batchB,0,Female,0.10802186658491929,0.5145524530119239
cell_80000268_10,80000268,batchB,0,Female,0.10802186658491929,0.5145524530119239
cell_80000268_11,80000268,batchB,0,Female,0.10802186658491929,0.5145524530119239
cell_80000040_00,80000040,batchB,0,Female,0.06365762007555321,0.48697398700223343
cell_80000040_01,80000040,batchB,0,Female,0.06365762007555321,0.48697398700223343
cell_80000040_02,80000040,batchB,0,Female,0.06365762007555321,0.48697398700223343
cell_80000040_03,80000040,batchB,0,Female,0.06365762007555321,0.48697398700223343
cell_80000040_04,80000040,batchB,0,Female,0.06365762007555321,0.48697398700223343
cell_80000040_05,80000040,batchB,0,Female,0.06365762007555321,0.48697398700223343
cell_80000040_06,80000040,batchB,0,Female,0.06365762007555321,0.48697398700223343
cell_80000040_07,80000040,batchB,0,Female,0.06365762007555321,0.48697398700223343
cell_80000040_08,80000040,batchB,0,Female,0.06365762007555321,0.48697398700223343
cell_80000040_09,80000040,batchB,0,Female,0.06365762007555321,0.48697398700223343
cell_80000040_10,80000040,batchB,0,Female,0.06365762007555321,0.48697398700223343
cell_80000040_11,80000040,batchB,0,Female,0.06365762007555321,0.48697398700223343
cell_80000038_00,80000038,batchB,0,Male,0.09276539208683963,0.5183253474923256
cell_80000038_01,80000038,batchB,0,Male,0.09276539208683963,0.5183253474923256
cell_80000038_02,80000038,batchB,0,Male,0.09276539208683963,0.5183253474923256
cell_80000038_03,80000038,batchB,0,Male,0.09276539208683963,0.5183253474923256
cell_80000038_04,80000038,batchB,0,Male,0.09276539208683963,0.5183253474923256
cell_80000038_05,80000038,batchB,0,Male,0.09276539208683963,0.5183253474923256
cell_80000038_06,80000038,batchB,0,Male,0.09276539208683963,0.5183253474923256
cell_80000038_07,80000038,batchB,0,Male,0.09276539208683963,0.5183253474923256
cell_80000038_08,80000038,batchB,0,Male,0.09276539208683963,0.5183253474923256
cell_80000038_09,80000038,batchB,0,Male,0.09276539208683963,0.5183253474923256
cell_80000038_10,80000038,batchB,0,Male,0.09276539208683963,0.5183253474923256
cell_80000038_11,80000038,batchB,0,Male,0.09276539208683963,0.5183253474923256
cell_80000060_00,80000060,batchB,0,Female,0.053376429916000744,0.5533496272015946
cell_80000060_01,80000060,batchB,0,Female,0.053376429916000744,0.5533496272015946
cell_80000060_02,80000060,batchB,0,Female,0.053376429916000744,0.5533496272015946
cell_80000060_03,80000060,batchB,0,Female,0.053376429916000744,0.5533496272015946
cell_80000060_04,80000060,batchB,0,Female,0.053376429916000744,0.5533496272015946
cell_80000060_05,80000060,batchB,0,Female,0.053376429916000744,0.5533496272015946
cell_80000060_06,80000060,batchB,0,Female,0.053376429916000744,0.5533496272015946
cell_80000060_07,80000060,batchB,0,Female,0.053376429916000744,0.5533496272015946
cell_80000060_08,80000060,batchB,0,Female,0.053376429916000744,0.5533496272015946
cell_80000060_09,80000060,batchB,0,Female,0.053376429916000744,0.5533496272015946
cell_80000060_10,80000060,batchB,0,Female,0.053376429916000744,0.5533496272015946
cell_80000060_11,80000060,batchB,0,Female,0.053376429916000744,0.5533496272015946
cell_80000074_00,80000074,batchB,0,Female,0.1946169024390418,0.7374488053475041
cell_80000074_01,80000074,batchB,0,Female,0.1946169024390418,0.7374488053475041
cell_80000074_02,80000074,batchB,0,Female,0.1946169024390418,0.7374488053475041
cell_80000074_03,80000074,batchB,0,Female,0.1946169024390418,0.7374488053475041
cell_80000074_04,80000074,batchB,0,Female,0.1946169024390418,0.7374488053475041
cell_80000074_05,80000074,batchB,0,Female,0.1946169024390418,0.7374488053475041
cell_80000074_06,80000074,batchB,0,Female,0.1946169024390418,0.7374488053475041
cell_80000074_07,80000074,batchB,0,Female,0.1946169024390418,0.7374488053475041
cell_80000074_08,80000074,batchB,0,Female,0.1946169024390418,0.7374488053475041
cell_80000074_09,80000074,batchB,0,Female,0.1946169024390418,0.7374488053475041
cell_80000074_10,80000074,batchB,0,Female,0.1946169024390418,0.7374488053475041
cell_80000074_11,80000074,batchB,0,Female,0.1946169024390418,0.7374488053475041
cell_80000210_00,80000210,batchB,0,Male,0.15049986183548833,0.2208255879510333
cell_80000210_01,80000210,batchB,0,Male,0.15049986183548833,0.2208255879510333
cell_80000210_02,80000210,batchB,0,Male,0.15049986183548833,0.2208255879510333
cell_80000210_03,80000210,batchB,0,Male,0.15049986183548833,0.2208255879510333
cell_80000210_04,80000210,batchB,0,Male,0.15049986183548833,0.2208255879510333
cell_80000210_05,80000210,batchB,0,Male,0.15049986183548833,0.2208255879510333
cell_80000210_06,80000210,batchB,0,Male,0.15049986183548833,0.2208255879510333
cell_80000210_07,80000210,batchB,0,Male,0.15049986183548833,0.2208255879510333
cell_80000210_08,80000210,batchB,0,Male,0.15049986183548833,0.2208255879510333
cell_80000210_09,80000210,batchB,0,Male,0.15049986183548833,0.2208255879510333
cell_80000210_10,80000210,batchB,0,Male,0.15049986183548833,0.2208255879510333
cell_80000210_11,80000210,batchB,0,Male,0.15049986183548833,0.2208255879510333
cell_80000096_00,80000096,batchB,0,Male,0.17695681187017115,0.9510972179422439
cell_80000096_01,80000096,batchB,0,Male,0.17695681187017115,0.9510972179422439
cell_80000096_02,80000096,batchB,0,Male,0.17695681187017115,0.9510972179422439
cell_80000096_03,80000096,batchB,0,Male,0.17695681187017115,0.9510972179422439
cell_80000096_04,80000096,batchB,0,Male,0.17695681187017115,0.9510972179422439
cell_80000096_05,80000096,batchB,0,Male,0.17695681187017115,0.9510972179422439
cell_80000096_06,80000096,batchB,0,Male,0.17695681187017115,0.9510972179422439
cell_80000096_07,80000096,batchB,0,Male,0.17695681187017115,0.9510972179422439
cell_80000096_08,80000096,batchB,0,Male,0.17695681187017115,0.9510972179422439
cell_80000096_09,80000096,batchB,0,Male,0.17695681187017115,0.9510972179422439
cell_80000096_10,80000096,batchB,0,Male,0.17695681187017115,0.9510972179422439
cell_80000096_11,80000096,batchB,0,Male,0.17695681187017115,0.9510972179422439
cell_80000424_00,80000424,batchB,0,Female,0.037400061924177455,0.5147689073581411
cell_80000424_01,80000424,batchB,0,Female,0.037400061924177455,0.5147689073581411
cell_80000424_02,80000424,batchB,0,Female,0.037400061924177455,0.5147689073581411
cell_80000424_03,80000424,batchB,0,Female,0.037400061924177455,0.5147689073581411
cell_80000424_04,80000424,batchB,0,Female,0.037400061924177455,0.5147689073581411
cell_80000424_05,80000424,batchB,0,Female,0.037400061924177455,0.5147689073581411
cell_80000424_06,80000424,batchB,0,Female,0.037400061924177455,0.5147689073581411
cell_80000424_07,80000424,batchB,0,Female,0.037400061924177455,0.5147689073581411
cell_80000424_08,80000424,batchB,0,Female,0.037400061924177455,0.5147689073581411
cell_80000424_09,80000424,batchB,0,Female,0.037400061924177455,0.5147689073581411
cell_80000424_10,80000424,batchB,0,Female,0.037400061924177455,0.5147689073581411
cell_80000424_11,80000424,batchB,0,Female,0.037400061924177455,0.5147689073581411
cell_80000126_00,80000126,batchB,0,Female,0.022377909771659144,0.5003383308985598
cell_80000126_01,80000126,batchB,0,Female,0.022377909771659144,0.5003383308985598
cell_80000126_02,80000126,batchB,0,Female,0.022377909771659144,0.5003383308985598
cell_80000126_03,80000126,batchB,0,Female,0.022377909771659144,0.5003383308985598
cell_80000126_04,80000126,batchB,0,Female,0.022377909771659144,0.5003383308985598
cell_80000126_05,80000126,batchB,0,Female,0.022377909771659144,0.5003383308985598
cell_80000126_06,80000126,batchB,0,Female,0.022377909771659144,0.5003383308985598
cell_80000126_07,80000126,batchB,0,Female,0.022377909771659144,0.5003383308985598
cell_80000126_08,80000126,batchB,0,Female,0.022377909771659144,0.5003383308985598
cell_80000126_09,80000126,batchB,0,Female,0.022377909771659144,0.5003383308985598
cell_80000126_10,80000126,batchB,0,Female,0.022377909771659144,0.5003383308985598
cell_80000126_11,80000126,batchB,0,Female,0.022377909771659144,0.5003383308985598
cell_80000022_00,80000022,batchB,0,Male,0.2838244724330451,0.13381556965520366
cell_80000022_01,80000022,batchB,0,Male,0.2838244724330451,0.13381556965520366
cell_80000022_02,80000022,batchB,0,Male,0.2838244724330451,0.13381556965520366
cell_80000022_03,80000022,batchB,0,Male,0.2838244724330451,0.13381556965520366
cell_80000022_04,80000022,batchB,0,Male,0.2838244724330451,0.13381556965520366
cell_80000022_05,80000022,batchB,0,Male,0.2838244724330451,0.13381556965520366
cell_80000022_06,80000022,batchB,0,Male,0.2838244724330451,0.13381556965520366
cell_80000022_07,80000022,batchB,0,Male,0.2838244724330451,0.13381556965520366
cell_80000022_08,80000022,batchB,0,Male,0.2838244724330451,0.13381556965520366
cell_80000022_09,80000022,batchB,0,Male,0.2838244724330451,0.13381556965520366
cell_80000022_10,80000022,batchB,0,Male,0.2838244724330451,0.13381556965520366
cell_80000022_11,80000022,batchB,0,Male,0.2838244724330451,0.13381556965520366
cell_80000362_00,80000362,batchB,0,Male,0.22895371553042132,0.08676490989546039
cell_80000362_01,80000362,batchB,0,Male,0.22895371553042132,0.08676490989546039
cell_80000362_02,80000362,batchB,0,Male,0.22895371553042132,0.08676490989546039
cell_80000362_03,80000362,batchB,0,Male,0.22895371553042132,0.08676490989546039
cell_80000362_04,80000362,batchB,0,Male,0.22895371553042132,0.08676490989546039
cell_80000362_05,80000362,batchB,0,Male,0.22895371553042132,0.08676490989546039
cell_80000362_06,80000362,batchB,0,Male,0.22895371553042132,0.08676490989546039
cell_80000362_07,80000362,batchB,0,Male,0.22895371553042132,0.08676490989546039
cell_80000362_08,80000362,batchB,0,Male,0.22895371553042132,0.08676490989546039
cell_80000362_09,80000362,batchB,0,Male,0.22895371553042132,0.08676490989546039
cell_80000362_10,80000362,batchB,0,Male,0.22895371553042132,0.08676490989546039
cell_80000362_11,80000362,batchB,0,Male,0.22895371553042132,0.08676490989546039
cell_80000432_00,80000432,batchB,0,Female,0.23884111430429694,0.11659246204291955
cell_80000432_01,80000432,batchB,0,Female,0.23884111430429694,0.11659246204291955
cell_80000432_02,80000432,batchB,0,Female,0.23884111430429694,0.11659246204291955
cell_80000432_03,80000432,batchB,0,Female,0.23884111430429694,0.11659246204291955
cell_80000432_04,80000432,batchB,0,Female,0.23884111430429694,0.11659246204291955
cell_80000432_05,80000432,batchB,0,Female,0.23884111430429694,0.11659246204291955
cell_80000432_06,80000432,batchB,0,Female,0.23884111430429694,0.11659246204291955
cell_80000432_07,80000432,batchB,0,Female,0.23884111430429694,0.11659246204291955
cell_80000432_08,80000432,batchB,0,Female,0.23884111430429694,0.11659246204291955
cell_80000432_09,80000432,batchB,0,Female,0.23884111430429694,0.11659246204291955
cell_80000432_10,80000432,batchB,0,Female,0.23884111430429694,0.11659246204291955
cell_80000432_11,80000432,batchB,0,Female,0.23884111430429694,0.11659246204291955
cell_80000024_00,80000024,batchB,0,Male,0.061588983030060065,0.5131296702060292
cell_80000024_01,80000024,batchB,0,Male,0.061588983030060065,0.5131296702060292
cell_80000024_02,80000024,batchB,0,Male,0.061588983030060065,0.5131296702060292
cell_80000024_03,80000024,batchB,0,Male,0.061588983030060065,0.5131296702060292
cell_80000024_04,80000024,batchB,0,Male,0.061588983030060065,0.5131296702060292
cell_80000024_05,80000024,batchB,0,Male,0.061588983030060065,0.5131296702060292
cell_80000024_06,80000024,batchB,0,Male,0.061588983030060065,0.5131296702060292
cell_80000024_07,80000024,batchB,0,Male,0.061588983030060065,0.5131296702060292
cell_80000024_08,80000024,batchB,0,Male,0.061588983030060065,0.5131296702060292
cell_80000024_09,80000024,batchB,0,Male,0.061588983030060065,0.5131296702060292
cell_80000024_10,80000024,batchB,0,Male,0.061588983030060065,0.5131296702060292
cell_80000024_11,80000024,batchB,0,Male,0.061588983030060065,0.5131296702060292
cell_80000070_00,80000070,batchB,0,Male,0.251438081545121,0.8963357318906922
cell_80000070_01,80000070,batchB,0,Male,0.251438081545121,0.8963357318906922
cell_80000070_02,80000070,batchB,0,Male,0.251438081545121,0.8963357318906922
cell_80000070_03,80000070,batchB,0,Male,0.251438081545121,0.8963357318906922
cell_80000070_04,80000070,batchB,0,Male,0.251438081545121,0.8963357318906922
cell_80000070_05,80000070,batchB,0,Male,0.251438081545121,0.8963357318906922
cell_80000070_06,80000070,batchB,0,Male,0.251438081545121,0.8963357318906922
cell_80000070_07,80000070,batchB,0,Male,0.251438081545121,0.8963357318906922
cell_80000070_08,80000070,batchB,0,Male,0.251438081545121,0.8963357318906922
cell_80000070_09,80000070,batchB,0,Male,0.251438081545121,0.8963357318906922
cell_80000070_10,80000070,batchB,0,Male,0.251438081545121,0.8963357318906922
cell_80000070_11,80000070,batchB,0,Male,0.251438081545121,0.8963357318906922
cell_80000296_00,80000296,batchB,0,Male,0.2720309370011967,0.1365216009757592
cell_80000296_01,80000296,batchB,0,Male,0.2720309370011967,0.1365216009757592
cell_80000296_02,80000296,batchB,0,Male,0.2720309370011967,0.1365216009757592
cell_80000296_03,80000296,batchB,0,Male,0.2720309370011967,0.1365216009757592
cell_80000296_04,80000296,batchB,0,Male,0.2720309370011967,0.1365216009757592
cell_80000296_05,80000296,batchB,0,Male,0.2720309370011967,0.1365216009757592
cell_80000296_06,80000296,batchB,0,Male,0.2720309370011967,0.1365216009757592
cell_80000296_07,80000296,batchB,0,Male,0.2720309370011967,0.1365216009757592
cell_80000296_08,80000296,batchB,0,Male,0.2720309370011967,0.1365216009757592
cell_80000296_09,80000296,batchB,0,Male,0.2720309370011967,0.1365216009757592
cell_80000296_10,80000296,batchB,0,Male,0.2720309370011967,0.1365216009757592
cell_80000296_11,80000296,batchB,0,Male,0.2720309370011967,0.1365216009757592
cell_80000284_00,80000284,batchB,0,Male,0.027531530020294265,0.4613927767839088
cell_80000284_01,80000284,batchB,0,Male,0.027531530020294265,0.4613927767839088
cell_80000284_02,80000284,batchB,0,Male,0.027531530020294265,0.4613927767839088
cell_80000284_03,80000284,batchB,0,Male,0.027531530020294265,0.4613927767839088
cell_80000284_04,80000284,batchB,0,Male,0.027531530020294265,0.4613927767839088
cell_80000284_05,80000284,batchB,0,Male,0.027531530020294265,0.4613927767839088
cell_80000284_06,80000284,batchB,0,Male,0.027531530020294265,0.4613927767839088
cell_80000284_07,80000284,batchB,0,Male,0.027531530020294265,0.4613927767839088
cell_80000284_08,80000284,batchB,0,Male,0.027531530020294265,0.4613927767839088
cell_80000284_09,80000284,batchB,0,Male,0.027531530020294265,0.4613927767839088
cell_80000284_10,80000284,batchB,0,Male,0.027531530020294265,0.4613927767839088
cell_80000284_11,80000284,batchB,0,Male,0.027531530020294265,0.4613927767839088
cell_80000342_00,80000342,batchB,0,Female,0.2688816959722662,0.8716293271146729
cell_80000342_01,80000342,batchB,0,Female,0.2688816959722662,0.8716293271146729
cell_80000342_02,80000342,batchB,0,Female,0.2688816959722662,0.8716293271146729
cell_80000342_03,80000342,batchB,0,Female,0.2688816959722662,0.8716293271146729
cell_80000342_04,80000342,batchB,0,Female,0.2688816959722662,0.8716293271146729
cell_80000342_05,80000342,batchB,0,Female,0.2688816959722662,0.8716293271146729
cell_80000342_06,80000342,batchB,0,Female,0.2688816959722662,0.8716293271146729
cell_80000342_07,80000342,batchB,0,Female,0.2688816959722662,0.8716293271146729
cell_80000342_08,80000342,batchB,0,Female,0.2688816959722662,0.8716293271146729
cell_80000342_09,80000342,batchB,0,Female,0.2688816959722662,0.8716293271146729
cell_80000342_10,80000342,batchB,0,Female,0.2688816959722662,0.8716293271146729
cell_80000342_11,80000342,batchB,0,Female,0.2688816959722662,0.8716293271146729
cell_80000166_00,80000166,batchB,0,Male,0.121497190161337,0.16168781142897026
cell_80000166_01,80000166,batchB,0,Male,0.121497190161337,0.16168781142897026
cell_80000166_02,80000166,batchB,0,Male,0.121497190161337,0.16168781142897026
cell_80000166_03,80000166,batchB,0,Male,0.121497190161337,0.16168781142897026
cell_80000166_04,80000166,batchB,0,Male,0.121497190161337,0.16168781142897026
cell_80000166_05,80000166,batchB,0,Male,0.121497190161337,0.16168781142897026
cell_80000166_06,80000166,batchB,0,Male,0.121497190161337,0.16168781142897026
cell_80000166_07,80000166,batchB,0,Male,0.121497190161337,0.16168781142897026
cell_80000166_08,80000166,batchB,0,Male,0.121497190161337,0.16168781142897026
cell_80000166_09,80000166,batchB,0,Male,0.121497190161337,0.16168781142897026
cell_80000166_10,80000166,batchB,0,Male,0.121497190161337,0.16168781142897026
cell_80000166_11,80000166,batchB,0,Male,0.121497190161337,0.16168781142897026
cell_80000030_00,80000030,batchB,0,Female,0.19643761350593356,0.10903656460071802
cell_80000030_01,80000030,batchB,0,Female,0.19643761350593356,0.10903656460071802
cell_80000030_02,80000030,batchB,0,Female,0.19643761350593356,0.10903656460071802
cell_80000030_03,80000030,batchB,0,Female,0.19643761350593356,0.10903656460071802
cell_80000030_04,80000030,batchB,0,Female,0.19643761350593356,0.10903656460071802
cell_80000030_05,80000030,batchB,0,Female,0.19643761350593356,0.10903656460071802
cell_80000030_06,80000030,batchB,0,Female,0.19643761350593356,0.10903656460071802
cell_80000030_07,80000030,batchB,0,Female,0.19643761350593356,0.10903656460071802
cell_80000030_08,80000030,batchB,0,Female,0.19643761350593356,0.10903656460071802
cell_80000030_09,80000030,batchB,0,Female,0.19643761350593356,0.10903656460071802
cell_80000030_10,80000030,batchB,0,Female,0.19643761350593356,0.10903656460071802
cell_80000030_11,80000030,batchB,0,Female,0.19643761350593356,0.10903656460071802
cell_80000212_00,80000212,batchB,0,Male,0.11984899386589778,0.5070289508113069
cell_80000212_01,80000212,batchB,0,Male,0.11984899386589778,0.5070289508113069
cell_80000212_02,80000212,batchB,0,Male,0.11984899386589778,0.5070289508113069
cell_80000212_03,80000212,batchB,0,Male,0.11984899386589778,0.5070289508113069
cell_80000212_04,80000212,batchB,0,Male,0.11984899386589778,0.5070289508113069
cell_80000212_05,80000212,batchB,0,Male,0.11984899386589778,0.5070289508113069
cell_80000212_06,80000212,batchB,0,Male,0.11984899386589778,0.5070289508113069
cell_80000212_07,80000212,batchB,0,Male,0.11984899386589778,0.5070289508113069
cell_80000212_08,80000212,batchB,0,Male,0.11984899386589778,0.5070289508113069
cell_80000212_09,80000212,batchB,0,Male,0.11984899386589778,0.5070289508113069
cell_80000212_10,80000212,batchB,0,Male,0.11984899386589778,0.5070289508113069
cell_80000212_11,80000212,batchB,0,Male,0.11984899386589778,0.5070289508113069
cell_80000224_00,80000224,batchB,0,Male,0.23693545303239608,0.0565988681328049
cell_80000224_01,80000224,batchB,0,Male,0.23693545303239608,0.0565988681328049
cell_80000224_02,80000224,batchB,0,Male,0.23693545303239608,0.0565988681328049
cell_80000224_03,80000224,batchB,0,Male,0.23693545303239608,0.0565988681328049
cell_80000224_04,80000224,batchB,0,Male,0.23693545303239608,0.0565988681328049
cell_80000224_05,80000224,batchB,0,Male,0.23693545303239608,0.0565988681328049
cell_80000224_06,80000224,batchB,0,Male,0.23693545303239608,0.0565988681328049
cell_80000224_07,80000224,batchB,0,Male,0.23693545303239608,0.0565988681328049
cell_80000224_08,80000224,batchB,0,Male,0.23693545303239608,0.0565988681328049
cell_80000224_09,80000224,batchB,0,Male,0.23693545303239608,0.0565988681328049
cell_80000224_10,80000224,batchB,0,Male,0.23693545303239608,0.0565988681328049
cell_80000224_11,80000224,batchB,0,Male,0.23693545303239608,0.0565988681328049
cell_80000262_00,80000262,batchB,0,Female,0.16237196249513494,0.8504625459607879
cell_80000262_01,80000262,batchB,0,Female,0.16237196249513494,0.8504625459607879
cell_80000262_02,80000262,batchB,0,Female,0.16237196249513494,0.8504625459607879
cell_80000262_03,80000262,batchB,0,Female,0.16237196249513494,0.8504625459607879
cell_80000262_04,80000262,batchB,0,Female,0.16237196249513494,0.8504625459607879
cell_80000262_05,80000262,batchB,0,Female,0.16237196249513494,0.8504625459607879
cell_80000262_06,80000262,batchB,0,Female,0.16237196249513494,0.8504625459607879
cell_80000262_07,80000262,batchB,0,Female,0.16237196249513494,0.8504625459607879
cell_80000262_08,80000262,batchB,0,Female,0.16237196249513494,0.8504625459607879
cell_80000262_09,80000262,batchB,0,Female,0.16237196249513494,0.8504625459607879
cell_80000262_10,80000262,batchB,0,Female,0.16237196249513494,0.8504625459607879
cell_80000262_11,80000262,batchB,0,Female,0.16237196249513494,0.8504625459607879
cell_80000308_00,80000308,batchB,0,Female,0.32936052580283137,0.8245014470103136
cell_80000308_01,80000308,batchB,0,Female,0.32936052580283137,0.8245014470103136
cell_80000308_02,80000308,batchB,0,Female,0.32936052580283137,0.8245014470103136
cell_80000308_03,80000308,batchB,0,Female,0.32936052580283137,0.8245014470103136
cell_80000308_04,80000308,batchB,0,Female,0.32936052580283137,0.8245014470103136
cell_80000308_05,80000308,batchB,0,Female,0.32936052580283137,0.8245014470103136
cell_80000308_06,80000308,batchB,0,Female,0.32936052580283137,0.8245014470103136
cell_80000308_07,80000308,batchB,0,Female,0.32936052580283137,0.8245014470103136
cell_80000308_08,80000308,batchB,0,Female,0.32936052580283137,0.8245014470103136
cell_80000308_09,80000308,batchB,0,Female,0.32936052580283137,0.8245014470103136
cell_80000308_10,80000308,batchB,0,Female,0.32936052580283137,0.8245014470103136
cell_80000308_11,80000308,batchB,0,Female,0.32936052580283137,0.8245014470103136
cell_80000170_00,80000170,batchB,0,Female,0.26997722654276585,0.87677859571413
cell_80000170_01,80000170,batchB,0,Female,0.26997722654276585,0.87677859571413
cell_80000170_02,80000170,batchB,0,Female,0.26997722654276585,0.87677859571413
cell_80000170_03,80000170,batchB,0,Female,0.26997722654276585,0.87677859571413
cell_80000170_04,80000170,batchB,0,Female,0.26997722654276585,0.87677859571413
cell_80000170_05,80000170,batchB,0,Female,0.26997722654276585,0.87677859571413
cell_80000170_06,80000170,batchB,0,Female,0.26997722654276585,0.87677859571413
cell_80000170_07,80000170,batchB,0,Female,0.26997722654276585,0.87677859571413
cell_80000170_08,80000170,batchB,0,Female,0.26997722654276585,0.87677859571413
cell_80000170_09,80000170,batchB,0,Female,0.26997722654276585,0.87677859571413
cell_80000170_10,80000170,batchB,0,Female,0.26997722654276585,0.87677859571413
cell_80000170_11,80000170,batchB,0,Female,0.26997722654276585,0.87677859571413
cell_80000076_00,80000076,batchB,0,Female,0.02103812489643955,0.47400751584021683
cell_80000076_01,80000076,batchB,0,Female,0.02103812489643955,0.47400751584021683
cell_80000076_02,80000076,batchB,0,Female,0.02103812489643955,0.47400751584021683
cell_80000076_03,80000076,batchB,0,Female,0.02103812489643955,0.47400751584021683
cell_80000076_04,80000076,batchB,0,Female,0.02103812489643955,0.47400751584021683
cell_80000076_05,80000076,batchB,0,Female,0.02103812489643955,0.47400751584021683
cell_80000076_06,80000076,batchB,0,Female,0.02103812489643955,0.47400751584021683
cell_80000076_07,80000076,batchB,0,Female,0.02103812489643955,0.47400751584021683
cell_80000076_08,80000076,batchB,0,Female,0.02103812489643955,0.47400751584021683
cell_80000076_09,80000076,batchB,0,Female,0.02103812489643955,0.47400751584021683
cell_80000076_10,80000076,batchB,0,Female,0.02103812489643955,0.47400751584021683
cell_80000076_11,80000076,batchB,0,Female,0.02103812489643955,0.47400751584021683
cell_80000356_00,80000356,batchB,0,Female,0.26732866753232615,0.10410028116581352
cell_80000356_01,80000356,batchB,0,Female,0.26732866753232615,0.10410028116581352
cell_80000356_02,80000356,batchB,0,Female,0.26732866753232615,0.10410028116581352
cell_80000356_03,80000356,batchB,0,Female,0.26732866753232615,0.10410028116581352
cell_80000356_04,80000356,batchB,0,Female,0.26732866753232615,0.10410028116581352
cell_80000356_05,80000356,batchB,0,Female,0.26732866753232615,0.10410028116581352
cell_80000356_06,80000356,batchB,0,Female,0.26732866753232615,0.10410028116581352
cell_80000356_07,80000356,batchB,0,Female,0.26732866753232615,0.10410028116581352
cell_80000356_08,80000356,batchB,0,Female,0.26732866753232615,0.10410028116581352
cell_80000356_09,80000356,batchB,0,Female,0.26732866753232615,0.10410028116581352
cell_80000356_10,80000356,batchB,0,Female,0.26732866753232615,0.10410028116581352
cell_80000356_11,80000356,batchB,0,Female,0.26732866753232615,0.10410028116581352
cell_80000052_00,80000052,batchB,0,Female,0.14470581143702468,0.8843380694571872
cell_80000052_01,80000052,batchB,0,Female,0.14470581143702468,0.8843380694571872
cell_80000052_02,80000052,batchB,0,Female,0.14470581143702468,0.8843380694571872
cell_80000052_03,80000052,batchB,0,Female,0.14470581143702468,0.8843380694571872
cell_80000052_04,80000052,batchB,0,Female,0.14470581143702468,0.8843380694571872
cell_80000052_05,80000052,batchB,0,Female,0.14470581143702468,0.8843380694571872
cell_80000052_06,80000052,batchB,0,Female,0.14470581143702468,0.8843380694571872
cell_80000052_07,80000052,batchB,0,Female,0.14470581143702468,0.8843380694571872
cell_80000052_08,80000052,batchB,0,Female,0.14470581143702468,0.8843380694571872
cell_80000052_09,80000052,batchB,0,Female,0.14470581143702468,0.8843380694571872
cell_80000052_10,80000052,batchB,0,Female,0.14470581143702468,0.8843380694571872
cell_80000052_11,80000052,batchB,0,Female,0.14470581143702468,0.8843380694571872
cell_80000034_00,80000034,batchB,0,Male,0.23093489419321894,0.16647790357722067
cell_80000034_01,80000034,batchB,0,Male,0.23093489419321894,0.16647790357722067
cell_80000034_02,80000034,batchB,0,Male,0.23093489419321894,0.16647790357722067
cell_80000034_03,80000034,batchB,0,Male,0.23093489419321894,0.16647790357722067
cell_80000034_04,80000034,batchB,0,Male,0.23093489419321894,0.16647790357722067
cell_80000034_05,80000034,batchB,0,Male,0.23093489419321894,0.16647790357722067
cell_80000034_06,80000034,batchB,0,Male,0.23093489419321894,0.16647790357722067
cell_80000034_07,80000034,batchB,0,Male,0.23093489419321894,0.16647790357722067
cell_80000034_08,80000034,batchB,0,Male,0.23093489419321894,0.16647790357722067
cell_80000034_09,80000034,batchB,0,Male,0.23093489419321894,0.16647790357722067
cell_80000034_10,80000034,batchB,0,Male,0.23093489419321894,0.16647790357722067
cell_80000034_11,80000034,batchB,0,Male,0.23093489419321894,0.16647790357722067
cell_80000430_00,80000430,batchB,0,Male,0.2400237038235727,0.843873492922798
cell_80000430_01,80000430,batchB,0,Male,0.2400237038235727,0.843873492922798
cell_80000430_02,80000430,batchB,0,Male,0.2400237038235727,0.843873492922798
cell_80000430_03,80000430,batchB,0,Male,0.2400237038235727,0.843873492922798
cell_80000430_04,80000430,batchB,0,Male,0.2400237038235727,0.843873492922798
cell_80000430_05,80000430,batchB,0,Male,0.2400237038235727,0.843873492922798
cell_80000430_06,80000430,batchB,0,Male,0.2400237038235727,0.843873492922798
cell_80000430_07,80000430,batchB,0,Male,0.2400237038235727,0.843873492922798
cell_80000430_08,80000430,batchB,0,Male,0.2400237038235727,0.843873492922798
cell_80000430_09,80000430,batchB,0,Male,0.2400237038235727,0.843873492922798
cell_80000430_10,80000430,batchB,0,Male,0.2400237038235727,0.843873492922798
cell_80000430_11,80000430,batchB,0,Male,0.2400237038235727,0.843873492922798
cell_80000176_00,80000176,batchB,0,Female,0.12228854258045971,0.18182560480837065
cell_80000176_01,80000176,batchB,0,Female,0.12228854258045971,0.18182560480837065
cell_80000176_02,80000176,batchB,0,Female,0.12228854258045971,0.18182560480837065
cell_80000176_03,80000176,batchB,0,Female,0.12228854258045971,0.18182560480837065
cell_80000176_04,80000176,batchB,0,Female,0.12228854258045971,0.18182560480837065
cell_80000176_05,80000176,batchB,0,Female,0.12228854258045971,0.18182560480837065
cell_80000176_06,80000176,batchB,0,Female,0.12228854258045971,0.18182560480837065
cell_80000176_07,80000176,batchB,0,Female,0.12228854258045971,0.18182560480837065
cell_80000176_08,80000176,batchB,0,Female,0.12228854258045971,0.18182560480837065
cell_80000176_09,80000176,batchB,0,Female,0.12228854258045971,0.18182560480837065
cell_80000176_10,80000176,batchB,0,Female,0.12228854258045971,0.18182560480837065
cell_80000176_11,80000176,batchB,0,Female,0.12228854258045971,0.18182560480837065
cell_80000150_00,80000150,batchB,0,Male,0.25947049960952656,0.0679808523306328
cell_80000150_01,80000150,batchB,0,Male,0.25947049960952656,0.0679808523306328
cell_80000150_02,80000150,batchB,0,Male,0.25947049960952656,0.0679808523306328
cell_80000150_03,80000150,batchB,0,Male,0.25947049960952656,0.0679808523306328
cell_80000150_04,80000150,batchB,0,Male,0.25947049960952656,0.0679808523306328
cell_80000150_05,80000150,batchB,0,Male,0.25947049960952656,0.0679808523306328
cell_80000150_06,80000150,batchB,0,Male,0.25947049960952656,0.0679808523306328
cell_80000150_07,80000150,batchB,0,Male,0.25947049960952656,0.0679808523306328
cell_80000150_08,80000150,batchB,0,Male,0.25947049960952656,0.0679808523306328
cell_80000150_09,80000150,batchB,0,Male,0.25947049960952656,0.0679808523306328
cell_80000150_10,80000150,batchB,0,Male,0.25947049960952656,0.0679808523306328
cell_80000150_11,80000150,batchB,0,Male,0.25947049960952656,0.0679808523306328
cell_80000368_00,80000368,batchB,0,Female,0.12735463560297486,0.12431095948318868
cell_80000368_01,80000368,batchB,0,Female,0.12735463560297486,0.12431095948318868
cell_80000368_02,80000368,batchB,0,Female,0.12735463560297486,0.12431095948318868
cell_80000368_03,80000368,batchB,0,Female,0.12735463560297486,0.12431095948318868
cell_80000368_04,80000368,batchB,0,Female,0.12735463560297486,0.12431095948318868
cell_80000368_05,80000368,batchB,0,Female,0.12735463560297486,0.12431095948318868
cell_80000368_06,80000368,batchB,0,Female,0.12735463560297486,0.12431095948318868
cell_80000368_07,80000368,batchB,0,Female,0.12735463560297486,0.12431095948318868
cell_80000368_08,80000368,batchB,0,Female,0.12735463560297486,0.12431095948318868
cell_80000368_09,80000368,batchB,0,Female,0.12735463560297486,0.12431095948318868
cell_80000368_10,80000368,batchB,0,Female,0.12735463560297486,0.12431095948318868
cell_80000368_11,80000368,batchB,0,Female,0.12735463560297486,0.12431095948318868
cell_80000256_00,80000256,batchB,1,Female,0.025475014984255213,0.5655759129925287
cell_80000256_01,80000256,batchB,1,Female,0.025475014984255213,0.5655759129925287
cell_80000256_02,80000256,batchB,1,Female,0.025475014984255213,0.5655759129925287
cell_80000256_03,80000256,batchB,1,Female,0.025475014984255213,0.5655759129925287
cell_80000256_04,80000256,batchB,1,Female,0.025475014984255213,0.5655759129925287
cell_80000256_05,80000256,batchB,1,Female,0.025475014984255213,0.5655759129925287
cell_80000256_06,80000256,batchB,1,Female,0.025475014984255213,0.5655759129925287
cell_80000256_07,80000256,batchB,1,Female,0.025475014984255213,0.5655759129925287
cell_80000256_08,80000256,batchB,1,Female,0.025475014984255213,0.5655759129925287
cell_80000256_09,80000256,batchB,1,Female,0.025475014984255213,0.5655759129925287
cell_80000256_10,80000256,batchB,1,Female,0.025475014984255213,0.5655759129925287
cell_80000256_11,80000256,batchB,1,Female,0.025475014984255213,0.5655759129925287
cell_80000058_00,80000058,batchB,1,Female,0.09896127143263751,0.5387505939697602
cell_80000058_01,80000058,batchB,1,Female,0.09896127143263751,0.5387505939697602
cell_80000058_02,80000058,batchB,1,Female,0.09896127143263751,0.5387505939697602
cell_80000058_03,80000058,batchB,1,Female,0.09896127143263751,0.5387505939697602
cell_80000058_04,80000058,batchB,1,Female,0.09896127143263751,0.5387505939697602
cell_80000058_05,80000058,batchB,1,Female,0.09896127143263751,0.5387505939697602
cell_80000058_06,80000058,batchB,1,Female,0.09896127143263751,0.5387505939697602
cell_80000058_07,80000058,batchB,1,Female,0.09896127143263751,0.5387505939697602
cell_80000058_08,80000058,batchB,1,Female,0.09896127143263751,0.5387505939697602
cell_80000058_09,80000058,batchB,1,Female,0.09896127143263751,0.5387505939697602
cell_80000058_10,80000058,batchB,1,Female,0.09896127143263751,0.5387505939697602
cell_80000058_11,80000058,batchB,1,Female,0.09896127143263751,0.5387505939697602
cell_80000266_00,80000266,batchB,1,Male,0.08148920590005189,0.5083186859363255
cell_80000266_01,80000266,batchB,1,Male,0.08148920590005189,0.5083186859363255
cell_80000266_02,80000266,batchB,1,Male,0.08148920590005189,0.5083186859363255
cell_80000266_03,80000266,batchB,1,Male,0.08148920590005189,0.5083186859363255
cell_80000266_04,80000266,batchB,1,Male,0.08148920590005189,0.5083186859363255
cell_80000266_05,80000266,batchB,1,Male,0.08148920590005189,0.5083186859363255
cell_80000266_06,80000266,batchB,1,Male,0.08148920590005189,0.5083186859363255
cell_80000266_07,80000266,batchB,1,Male,0.08148920590005189,0.5083186859363255
cell_80000266_08,80000266,batchB,1,Male,0.08148920590005189,0.5083186859363255
cell_80000266_09,80000266,batchB,1,Male,0.08148920590005189,0.5083186859363255
cell_80000266_10,80000266,batchB,1,Male,0.08148920590005189,0.5083186859363255
cell_80000266_11,80000266,batchB,1,Male,0.08148920590005189,0.5083186859363255
cell_80000358_00,80000358,batchB,1,Female,0.2835895060279892,0.10028612768664243
cell_80000358_01,80000358,batchB,1,Female,0.2835895060279892,0.10028612768664243
cell_80000358_02,80000358,batchB,1,Female,0.2835895060279892,0.10028612768664243
cell_80000358_03,80000358,batchB,1,Female,0.2835895060279892,0.10028612768664243
cell_80000358_04,80000358,batchB,1,Female,0.2835895060279892,0.10028612768664243
cell_80000358_05,80000358,batchB,1,Female,0.2835895060279892,0.10028612768664243
cell_80000358_06,80000358,batchB,1,Female,0.2835895060279892,0.10028612768664243
cell_80000358_07,80000358,batchB,1,Female,0.2835895060279892,0.10028612768664243
cell_80000358_08,80000358,batchB,1,Female,0.2835895060279892,0.10028612768664243
cell_80000358_09,80000358,batchB,1,Female,0.2835895060279892,0.10028612768664243
cell_80000358_10,80000358,batchB,1,Female,0.2835895060279892,0.10028612768664243
cell_80000358_11,80000358,batchB,1,Female,0.2835895060279892,0.10028612768664243
cell_80000178_00,80000178,batchB,1,Male,0.30547020174023665,0.8806681127459386
cell_80000178_01,80000178,batchB,1,Male,0.30547020174023665,0.8806681127459386
cell_80000178_02,80000178,batchB,1,Male,0.30547020174023665,0.8806681127459386
cell_80000178_03,80000178,batchB,1,Male,0.30547020174023665,0.8806681127459386
cell_80000178_04,80000178,batchB,1,Male,0.30547020174023665,0.8806681127459386
cell_80000178_05,80000178,batchB,1,Male,0.30547020174023665,0.8806681127459386
cell_80000178_06,80000178,batchB,1,Male,0.30547020174023665,0.8806681127459386
cell_80000178_07,80000178,batchB,1,Male,0.30547020174023665,0.8806681127459386
cell_80000178_08,80000178,batchB,1,Male,0.30547020174023665,0.8806681127459386
cell_80000178_09,80000178,batchB,1,Male,0.30547020174023665,0.8806681127459386
cell_80000178_10,80000178,batchB,1,Male,0.30547020174023665,0.8806681127459386
cell_80000178_11,80000178,batchB,1,Male,0.30547020174023665,0.8806681127459386
cell_80000164_00,80000164,batchB,1,Female,0.22302409301256537,0.9493754498479072
cell_80000164_01,80000164,batchB,1,Female,0.22302409301256537,0.9493754498479072
cell_80000164_02,80000164,batchB,1,Female,0.22302409301256537,0.9493754498479072
cell_80000164_03,80000164,batchB,1,Female,0.22302409301256537,0.9493754498479072
cell_80000164_04,80000164,batchB,1,Female,0.22302409301256537,0.9493754498479072
cell_80000164_05,80000164,batchB,1,Female,0.22302409301256537,0.9493754498479072
cell_80000164_06,80000164,batchB,1,Female,0.22302409301256537,0.9493754498479072
cell_80000164_07,80000164,batchB,1,Female,0.22302409301256537,0.9493754498479072
cell_80000164_08,80000164,batchB,1,Female,0.22302409301256537,0.9493754498479072
cell_80000164_09,80000164,batchB,1,Female,0.22302409301256537,0.9493754498479072
cell_80000164_10,80000164,batchB,1,Female,0.22302409301256537,0.9493754498479072
cell_80000164_11,80000164,batchB,1,Female,0.22302409301256537,0.9493754498479072
cell_80000118_00,80000118,batchB,1,Female,0.22900089725178593,0.1762103760597582
cell_80000118_01,80000118,batchB,1,Female,0.22900089725178593,0.1762103760597582
cell_80000118_02,80000118,batchB,1,Female,0.22900089725178593,0.1762103760597582
cell_80000118_03,80000118,batchB,1,Female,0.22900089725178593,0.1762103760597582
cell_80000118_04,80000118,batchB,1,Female,0.22900089725178593,0.1762103760597582
cell_80000118_05,80000118,batchB,1,Female,0.22900089725178593,0.1762103760597582
cell_80000118_06,80000118,batchB,1,Female,0.22900089725178593,0.1762103760597582
cell_80000118_07,80000118,batchB,1,Female,0.22900089725178593,0.1762103760597582
cell_80000118_08,80000118,batchB,1,Female,0.22900089725178593,0.1762103760597582
cell_80000118_09,80000118,batchB,1,Female,0.22900089725178593,0.1762103760597582
cell_80000118_10,80000118,batchB,1,Female,0.22900089725178593,0.1762103760597582
cell_80000118_11,80000118,batchB,1,Female,0.22900089725178593,0.1762103760597582
cell_80000186_00,80000186,batchB,1,Male,0.044790116577187816,0.4761786937490344
cell_80000186_01,80000186,batchB,1,Male,0.044790116577187816,0.4761786937490344
cell_80000186_02,80000186,batchB,1,Male,0.044790116577187816,0.4761786937490344
cell_80000186_03,80000186,batchB,1,Male,0.044790116577187816,0.4761786937490344
cell_80000186_04,80000186,batchB,1,Male,0.044790116577187816,0.4761786937490344
cell_80000186_05,80000186,batchB,1,Male,0.044790116577187816,0.4761786937490344
cell_80000186_06,80000186,batchB,1,Male,0.044790116577187816,0.4761786937490344
cell_80000186_07,80000186,batchB,1,Male,0.044790116577187816,0.4761786937490344
cell_80000186_08,80000186,batchB,1,Male,0.044790116577187816,0.4761786937490344
cell_80000186_09,80000186,batchB,1,Male,0.044790116577187816,0.4761786937490344
cell_80000186_10,80000186,batchB,1,Male,0.044790116577187816,0.4761786937490344
cell_80000186_11,80000186,batchB,1,Male,0.044790116577187816,0.4761786937490344
cell_80000326_00,80000326,batchB,1,Male,0.26336959903087526,0.168519897013804
cell_80000326_01,80000326,batchB,1,Male,0.26336959903087526,0.168519897013804
cell_80000326_02,80000326,batchB,1,Male,0.26336959903087526,0.168519897013804
cell_80000326_03,80000326,batchB,1,Male,0.26336959903087526,0.168519897013804
cell_80000326_04,80000326,batchB,1,Male,0.26336959903087526,0.168519897013804
cell_80000326_05,80000326,batchB,1,Male,0.26336959903087526,0.168519897013804
cell_80000326_06,80000326,batchB,1,Male,0.26336959903087526,0.168519897013804
cell_80000326_07,80000326,batchB,1,Male,0.26336959903087526,0.168519897013804
cell_80000326_08,80000326,batchB,1,Male,0.26336959903087526,0.168519897013804
cell_80000326_09,80000326,batchB,1,Male,0.26336959903087526,0.168519897013804
cell_80000326_10,80000326,batchB,1,Male,0.26336959903087526,0.168519897013804
cell_80000326_11,80000326,batchB,1,Male,0.26336959903087526,0.168519897013804
cell_80000290_00,80000290,batchB,1,Female,0.08693498736376461,0.5474848834032
cell_80000290_01,80000290,batchB,1,Female,0.08693498736376461,0.5474848834032
cell_80000290_02,80000290,batchB,1,Female,0.08693498736376461,0.5474848834032
cell_80000290_03,80000290,batchB,1,Female,0.08693498736376461,0.5474848834032
cell_80000290_04,80000290,batchB,1,Female,0.08693498736376461,0.5474848834032
cell_80000290_05,80000290,batchB,1,Female,0.08693498736376461,0.5474848834032
cell_80000290_06,80000290,batchB,1,Female,0.08693498736376461,0.5474848834032
cell_80000290_07,80000290,batchB,1,Female,0.08693498736376461,0.5474848834032
cell_80000290_08,80000290,batchB,1,Female,0.08693498736376461,0.5474848834032
cell_80000290_09,80000290,batchB,1,Female,0.08693498736376461,0.5474848834032
cell_80000290_10,80000290,batchB,1,Female,0.08693498736376461,0.5474848834032
cell_80000290_11,80000290,batchB,1,Female,0.08693498736376461,0.5474848834032
cell_80000202_00,80000202,batchB,1,Female,0.32606482954803,0.8933810218947623
cell_80000202_01,80000202,batchB,1,Female,0.32606482954803,0.8933810218947623
cell_80000202_02,80000202,batchB,1,Female,0.32606482954803,0.8933810218947623
cell_80000202_03,80000202,batchB,1,Female,0.32606482954803,0.8933810218947623
cell_80000202_04,80000202,batchB,1,Female,0.32606482954803,0.8933810218947623
cell_80000202_05,80000202,batchB,1,Female,0.32606482954803,0.8933810218947623
cell_80000202_06,80000202,batchB,1,Female,0.32606482954803,0.8933810218947623
cell_80000202_07,80000202,batchB,1,Female,0.32606482954803,0.8933810218947623
cell_80000202_08,80000202,batchB,1,Female,0.32606482954803,0.8933810218947623
cell_80000202_09,80000202,batchB,1,Female,0.32606482954803,0.8933810218947623
cell_80000202_10,80000202,batchB,1,Female,0.32606482954803,0.8933810218947623
cell_80000202_11,80000202,batchB,1,Female,0.32606482954803,0.8933810218947623
cell_80000322_00,80000322,batchB,1,Male,0.014623775816655324,0.47292480480670124
cell_80000322_01,80000322,batchB,1,Male,0.014623775816655324,0.47292480480670124
cell_80000322_02,80000322,batchB,1,Male,0.014623775816655324,0.47292480480670124
cell_80000322_03,80000322,batchB,1,Male,0.014623775816655324,0.47292480480670124
cell_80000322_04,80000322,batchB,1,Male,0.014623775816655324,0.47292480480670124
cell_80000322_05,80000322,batchB,1,Male,0.014623775816655324,0.47292480480670124
cell_80000322_06,80000322,batchB,1,Male,0.014623775816655324,0.47292480480670124
cell_80000322_07,80000322,batchB,1,Male,0.014623775816655324,0.47292480480670124
cell_80000322_08,80000322,batchB,1,Male,0.014623775816655324,0.47292480480670124
cell_80000322_09,80000322,batchB,1,Male,0.014623775816655324,0.47292480480670124
cell_80000322_10,80000322,batchB,1,Male,0.014623775816655324,0.47292480480670124
cell_80000322_11,80000322,batchB,1,Male,0.014623775816655324,0.47292480480670124
cell_80000144_00,80000144,batchB,1,Female,0.10589240151734924,0.5027803833808702
cell_80000144_01,80000144,batchB,1,Female,0.10589240151734924,0.5027803833808702
cell_80000144_02,80000144,batchB,1,Female,0.10589240151734924,0.5027803833808702
cell_80000144_03,80000144,batchB,1,Female,0.10589240151734924,0.5027803833808702
cell_80000144_04,80000144,batchB,1,Female,0.10589240151734924,0.5027803833808702
cell_80000144_05,80000144,batchB,1,Female,0.10589240151734924,0.5027803833808702
cell_80000144_06,80000144,batchB,1,Female,0.10589240151734924,0.5027803833808702
cell_80000144_07,80000144,batchB,1,Female,0.10589240151734924,0.5027803833808702
cell_80000144_08,80000144,batchB,1,Female,0.10589240151734924,0.5027803833808702
cell_80000144_09,80000144,batchB,1,Female,0.10589240151734924,0.5027803833808702
cell_80000144_10,80000144,batchB,1,Female,0.10589240151734924,0.5027803833808702
cell_80000144_11,80000144,batchB,1,Female,0.10589240151734924,0.5027803833808702
cell_80000078_00,80000078,batchB,1,Female,0.2974174409221682,0.9354475663422432
cell_80000078_01,80000078,batchB,1,Female,0.2974174409221682,0.9354475663422432
cell_80000078_02,80000078,batchB,1,Female,0.2974174409221682,0.9354475663422432
cell_80000078_03,80000078,batchB,1,Female,0.2974174409221682,0.9354475663422432
cell_80000078_04,80000078,batchB,1,Female,0.2974174409221682,0.9354475663422432
cell_80000078_05,80000078,batchB,1,Female,0.2974174409221682,0.9354475663422432
cell_80000078_06,80000078,batchB,1,Female,0.2974174409221682,0.9354475663422432
cell_80000078_07,80000078,batchB,1,Female,0.2974174409221682,0.9354475663422432
cell_80000078_08,80000078,batchB,1,Female,0.2974174409221682,0.9354475663422432
cell_80000078_09,80000078,batchB,1,Female,0.2974174409221682,0.9354475663422432
cell_80000078_10,80000078,batchB,1,Female,0.2974174409221682,0.9354475663422432
cell_80000078_11,80000078,batchB,1,Female,0.2974174409221682,0.9354475663422432
cell_80000028_00,80000028,batchB,1,Female,0.330100340536878,0.11188980160715185
cell_80000028_01,80000028,batchB,1,Female,0.330100340536878,0.11188980160715185
cell_80000028_02,80000028,batchB,1,Female,0.330100340536878,0.11188980160715185
cell_80000028_03,80000028,batchB,1,Female,0.330100340536878,0.11188980160715185
cell_80000028_04,80000028,batchB,1,Female,0.330100340536878,0.11188980160715185
cell_80000028_05,80000028,batchB,1,Female,0.330100340536878,0.11188980160715185
cell_80000028_06,80000028,batchB,1,Female,0.330100340536878,0.11188980160715185
cell_80000028_07,80000028,batchB,1,Female,0.330100340536878,0.11188980160715185
cell_80000028_08,80000028,batchB,1,Female,0.330100340536878,0.11188980160715185
cell_80000028_09,80000028,batchB,1,Female,0.330100340536878,0.11188980160715185
cell_80000028_10,80000028,batchB,1,Female,0.330100340536878,0.11188980160715185
cell_80000028_11,80000028,batchB,1,Female,0.330100340536878,0.11188980160715185
cell_80000348_00,80000348,batchB,1,Female,0.24504316623471237,0.8239586388298019
cell_80000348_01,80000348,batchB,1,Female,0.24504316623471237,0.8239586388298019
cell_80000348_02,80000348,batchB,1,Female,0.24504316623471237,0.8239586388298019
cell_80000348_03,80000348,batchB,1,Female,0.24504316623471237,0.8239586388298019
cell_80000348_04,80000348,batchB,1,Female,0.24504316623471237,0.8239586388298019
cell_80000348_05,80000348,batchB,1,Female,0.24504316623471237,0.8239586388298019
cell_80000348_06,80000348,batchB,1,Female,0.24504316623471237,0.8239586388298019
cell_80000348_07,80000348,batchB,1,Female,0.24504316623471237,0.8239586388298019
cell_80000348_08,80000348,batchB,1,Female,0.24504316623471237,0.8239586388298019
cell_80000348_09,80000348,batchB,1,Female,0.24504316623471237,0.8239586388298019
cell_80000348_10,80000348,batchB,1,Female,0.24504316623471237,0.8239586388298019
cell_80000348_11,80000348,batchB,1,Female,0.24504316623471237,0.8239586388298019
cell_80000364_00,80000364,batchB,1,Female,0.030334005611584385,0.5368812715295032
cell_80000364_01,80000364,batchB,1,Female,0.030334005611584385,0.5368812715295032
cell_80000364_02,80000364,batchB,1,Female,0.030334005611584385,0.5368812715295032
cell_80000364_03,80000364,batchB,1,Female,0.030334005611584385,0.5368812715295032
cell_80000364_04,80000364,batchB,1,Female,0.030334005611584385,0.5368812715295032
cell_80000364_05,80000364,batchB,1,Female,0.030334005611584385,0.5368812715295032
cell_80000364_06,80000364,batchB,1,Female,0.030334005611584385,0.5368812715295032
cell_80000364_07,80000364,batchB,1,Female,0.030334005611584385,0.5368812715295032
cell_80000364_08,80000364,batchB,1,Female,0.030334005611584385,0.5368812715295032
cell_80000364_09,80000364,batchB,1,Female,0.030334005611584385,0.5368812715295032
cell_80000364_10,80000364,batchB,1,Female,0.030334005611584385,0.5368812715295032
cell_80000364_11,80000364,batchB,1,Female,0.030334005611584385,0.5368812715295032
cell_80000182_00,80000182,batchB,1,Male,0.0504146838525719,0.5025798044224288
cell_80000182_01,80000182,batchB,1,Male,0.0504146838525719,0.5025798044224288
cell_80000182_02,80000182,batchB,1,Male,0.0504146838525719,0.5025798044224288
cell_80000182_03,80000182,batchB,1,Male,0.0504146838525719,0.5025798044224288
cell_80000182_04,80000182,batchB,1,Male,0.0504146838525719,0.5025798044224288
cell_80000182_05,80000182,batchB,1,Male,0.0504146838525719,0.5025798044224288
cell_80000182_06,80000182,batchB,1,Male,0.0504146838525719,0.5025798044224288
cell_80000182_07,80000182,batchB,1,Male,0.0504146838525719,0.5025798044224288
cell_80000182_08,80000182,batchB,1,Male,0.0504146838525719,0.5025798044224288
cell_80000182_09,80000182,batchB,1,Male,0.0504146838525719,0.5025798044224288
cell_80000182_10,80000182,batchB,1,Male,0.0504146838525719,0.5025798044224288
cell_80000182_11,80000182,batchB,1,Male,0.0504146838525719,0.5025798044224288
cell_80000272_00,80000272,batchB,1,Female,0.20979563600478074,0.2309196730391756
cell_80000272_01,80000272,batchB,1,Female,0.20979563600478074,0.2309196730391756
cell_80000272_02,80000272,batchB,1,Female,0.20979563600478074,0.2309196730391756
cell_80000272_03,80000272,batchB,1,Female,0.20979563600478074,0.2309196730391756
cell_80000272_04,80000272,batchB,1,Female,0.20979563600478074,0.2309196730391756
cell_80000272_05,80000272,batchB,1,Female,0.20979563600478074,0.2309196730391756
cell_80000272_06,80000272,batchB,1,Female,0.20979563600478074,0.2309196730391756
cell_80000272_07,80000272,batchB,1,Female,0.20979563600478074,0.2309196730391756
cell_80000272_08,80000272,batchB,1,Female,0.20979563600478074,0.2309196730391756
cell_80000272_09,80000272,batchB,1,Female,0.20979563600478074,0.2309196730391756
cell_80000272_10,80000272,batchB,1,Female,0.20979563600478074,0.2309196730391756
cell_80000272_11,80000272,batchB,1,Female,0.20979563600478074,0.2309196730391756
cell_80000276_00,80000276,batchB,1,Female,0.16675277791335694,0.8801777859064988
cell_80000276_01,80000276,batchB,1,Female,0.16675277791335694,0.8801777859064988
cell_80000276_02,80000276,batchB,1,Female,0.16675277791335694,0.8801777859064988
cell_80000276_03,80000276,batchB,1,Female,0.16675277791335694,0.8801777859064988
cell_80000276_04,80000276,batchB,1,Female,0.16675277791335694,0.8801777859064988
cell_80000276_05,80000276,batchB,1,Female,0.16675277791335694,0.8801777859064988
cell_80000276_06,80000276,batchB,1,Female,0.16675277791335694,0.8801777859064988
cell_80000276_07,80000276,batchB,1,Female,0.16675277791335694,0.8801777859064988
cell_80000276_08,80000276,batchB,1,Female,0.16675277791335694,0.8801777859064988
cell_80000276_09,80000276,batchB,1,Female,0.16675277791335694,0.8801777859064988
cell_80000276_10,80000276,batchB,1,Female,0.16675277791335694,0.8801777859064988
cell_80000276_11,80000276,batchB,1,Female,0.16675277791335694,0.8801777859064988
cell_80000084_00,80000084,batchB,1,Female,0.24777949430607027,0.8605342236617469
cell_80000084_01,80000084,batchB,1,Female,0.24777949430607027,0.8605342236617469
cell_80000084_02,80000084,batchB,1,Female,0.24777949430607027,0.8605342236617469
cell_80000084_03,80000084,batchB,1,Female,0.24777949430607027,0.8605342236617469
cell_80000084_04,80000084,batchB,1,Female,0.24777949430607027,0.8605342236617469
cell_80000084_05,80000084,batchB,1,Female,0.24777949430607027,0.8605342236617469
cell_80000084_06,80000084,batchB,1,Female,0.24777949430607027,0.8605342236617469
cell_80000084_07,80000084,batchB,1,Female,0.24777949430607027,0.8605342236617469
cell_80000084_08,80000084,batchB,1,Female,0.24777949430607027,0.8605342236617469
cell_80000084_09,80000084,batchB,1,Female,0.24777949430607027,0.8605342236617469
cell_80000084_10,80000084,batchB,1,Female,0.24777949430607027,0.8605342236617469
cell_80000084_11,80000084,batchB,1,Female,0.24777949430607027,0.8605342236617469
cell_80000142_00,80000142,batchB,1,Female,0.32826277011204097,0.9116411622073655
cell_80000142_01,80000142,batchB,1,Female,0.32826277011204097,0.9116411622073655
cell_80000142_02,80000142,batchB,1,Female,0.32826277011204097,0.9116411622073655
cell_80000142_03,80000142,batchB,1,Female,0.32826277011204097,0.9116411622073655
cell_80000142_04,80000142,batchB,1,Female,0.32826277011204097,0.9116411622073655
cell_80000142_05,80000142,batchB,1,Female,0.32826277011204097,0.9116411622073655
cell_80000142_06,80000142,batchB,1,Female,0.32826277011204097,0.9116411622073655
cell_80000142_07,80000142,batchB,1,Female,0.32826277011204097,0.9116411622073655
cell_80000142_08,80000142,batchB,1,Female,0.32826277011204097,0.9116411622073655
cell_80000142_09,80000142,batchB,1,Female,0.32826277011204097,0.9116411622073655
cell_80000142_10,80000142,batchB,1,Female,0.32826277011204097,0.9116411622073655
cell_80000142_11,80000142,batchB,1,Female,0.32826277011204097,0.9116411622073655
cell_80000114_00,80000114,batchB,1,Male,0.1686953528262409,0.20086801810947835
cell_80000114_01,80000114,batchB,1,Male,0.1686953528262409,0.20086801810947835
cell_80000114_02,80000114,batchB,1,Male,0.1686953528262409,0.20086801810947835
cell_80000114_03,80000114,batchB,1,Male,0.1686953528262409,0.20086801810947835
cell_80000114_04,80000114,batchB,1,Male,0.1686953528262409,0.20086801810947835
cell_80000114_05,80000114,batchB,1,Male,0.1686953528262409,0.20086801810947835
cell_80000114_06,80000114,batchB,1,Male,0.1686953528262409,0.20086801810947835
cell_80000114_07,80000114,batchB,1,Male,0.1686953528262409,0.20086801810947835
cell_80000114_08,80000114,batchB,1,Male,0.1686953528262409,0.20086801810947835
cell_80000114_09,80000114,batchB,1,Male,0.1686953528262409,0.20086801810947835
cell_80000114_10,80000114,batchB,1,Male,0.1686953528262409,0.20086801810947835
cell_80000114_11,80000114,batchB,1,Male,0.1686953528262409,0.20086801810947835
cell_80000234_00,80000234,batchB,1,Female,0.10082628082588166,0.517378459139628
cell_80000234_01,80000234,batchB,1,Female,0.10082628082588166,0.517378459139628
cell_80000234_02,80000234,batchB,1,Female,0.10082628082588166,0.517378459139628
cell_80000234_03,80000234,batchB,1,Female,0.10082628082588166,0.517378459139628
cell_80000234_04,80000234,batchB,1,Female,0.10082628082588166,0.517378459139628
cell_80000234_05,80000234,batchB,1,Female,0.10082628082588166,0.517378459139628
cell_80000234_06,80000234,batchB,1,Female,0.10082628082588166,0.517378459139628
cell_80000234_07,80000234,batchB,1,Female,0.10082628082588166,0.517378459139628
cell_80000234_08,80000234,batchB,1,Female,0.10082628082588166,0.517378459139628
cell_80000234_09,80000234,batchB,1,Female,0.10082628082588166,0.517378459139628
cell_80000234_10,80000234,batchB,1,Female,0.10082628082588166,0.517378459139628
cell_80000234_11,80000234,batchB,1,Female,0.10082628082588166,0.517378459139628
cell_80000092_00,80000092,batchB,1,Female,0.08118428026564589,0.5004169462799753
cell_80000092_01,80000092,batchB,1,Female,0.08118428026564589,0.5004169462799753
cell_80000092_02,80000092,batchB,1,Female,0.08118428026564589,0.5004169462799753
cell_80000092_03,80000092,batchB,1,Female,0.08118428026564589,0.5004169462799753
cell_80000092_04,80000092,batchB,1,Female,0.08118428026564589,0.5004169462799753
cell_80000092_05,80000092,batchB,1,Female,0.08118428026564589,0.5004169462799753
cell_80000092_06,80000092,batchB,1,Female,0.08118428026564589,0.5004169462799753
cell_80000092_07,80000092,batchB,1,Female,0.08118428026564589,0.5004169462799753
cell_80000092_08,80000092,batchB,1,Female,0.08118428026564589,0.5004169462799753
cell_80000092_09,80000092,batchB,1,Female,0.08118428026564589,0.5004169462799753
cell_80000092_10,80000092,batchB,1,Female,0.08118428026564589,0.5004169462799753
cell_80000092_11,80000092,batchB,1,Female,0.08118428026564589,0.5004169462799753
cell_80000200_00,80000200,batchB,1,Male,0.031838963540337356,0.46701024962466975
cell_80000200_01,80000200,batchB,1,Male,0.031838963540337356,0.46701024962466975
cell_80000200_02,80000200,batchB,1,Male,0.031838963540337356,0.46701024962466975
cell_80000200_03,80000200,batchB,1,Male,0.031838963540337356,0.46701024962466975
cell_80000200_04,80000200,batchB,1,Male,0.031838963540337356,0.46701024962466975
cell_80000200_05,80000200,batchB,1,Male,0.031838963540337356,0.46701024962466975
cell_80000200_06,80000200,batchB,1,Male,0.031838963540337356,0.46701024962466975
cell_80000200_07,80000200,batchB,1,Male,0.031838963540337356,0.46701024962466975
cell_80000200_08,80000200,batchB,1,Male,0.031838963540337356,0.46701024962466975
cell_80000200_09,80000200,batchB,1,Male,0.031838963540337356,0.46701024962466975
cell_80000200_10,80000200,batchB,1,Male,0.031838963540337356,0.46701024962466975
cell_80000200_11,80000200,batchB,1,Male,0.031838963540337356,0.46701024962466975
cell_80000136_00,80000136,batchB,1,Female,0.06988250141738662,0.4554331399030679
cell_80000136_01,80000136,batchB,1,Female,0.06988250141738662,0.4554331399030679
cell_80000136_02,80000136,batchB,1,Female,0.06988250141738662,0.4554331399030679
cell_80000136_03,80000136,batchB,1,Female,0.06988250141738662,0.4554331399030679
cell_80000136_04,80000136,batchB,1,Female,0.06988250141738662,0.4554331399030679
cell_80000136_05,80000136,batchB,1,Female,0.06988250141738662,0.4554331399030679
cell_80000136_06,80000136,batchB,1,Female,0.06988250141738662,0.4554331399030679
cell_80000136_07,80000136,batchB,1,Female,0.06988250141738662,0.4554331399030679
cell_80000136_08,80000136,batchB,1,Female,0.06988250141738662,0.4554331399030679
cell_80000136_09,80000136,batchB,1,Female,0.06988250141738662,0.4554331399030679
cell_80000136_10,80000136,batchB,1,Female,0.06988250141738662,0.4554331399030679
cell_80000136_11,80000136,batchB,1,Female,0.06988250141738662,0.4554331399030679
cell_80000258_00,80000258,batchB,1,Male,0.1995115954033789,0.8444884817780284
cell_80000258_01,80000258,batchB,1,Male,0.1995115954033789,0.8444884817780284
cell_80000258_02,80000258,batchB,1,Male,0.1995115954033789,0.8444884817780284
cell_80000258_03,80000258,batchB,1,Male,0.1995115954033789,0.8444884817780284
cell_80000258_04,80000258,batchB,1,Male,0.1995115954033789,0.8444884817780284
cell_80000258_05,80000258,batchB,1,Male,0.1995115954033789,0.8444884817780284
cell_80000258_06,80000258,batchB,1,Male,0.1995115954033789,0.8444884817780284
cell_80000258_07,80000258,batchB,1,Male,0.1995115954033789,0.8444884817780284
cell_80000258_08,80000258,batchB,1,Male,0.1995115954033789,0.8444884817780284
cell_80000258_09,80000258,batchB,1,Male,0.1995115954033789,0.8444884817780284
cell_80000258_10,80000258,batchB,1,Male,0.1995115954033789,0.8444884817780284
cell_80000258_11,80000258,batchB,1,Male,0.1995115954033789,0.8444884817780284
cell_80000102_00,80000102,batchB,1,Male,0.2727351962399177,0.7967864272861785
cell_80000102_01,80000102,batchB,1,Male,0.2727351962399177,0.7967864272861785
cell_80000102_02,80000102,batchB,1,Male,0.2727351962399177,0.7967864272861785
cell_80000102_03,80000102,batchB,1,Male,0.2727351962399177,0.7967864272861785
cell_80000102_04,80000102,batchB,1,Male,0.2727351962399177,0.7967864272861785
cell_80000102_05,80000102,batchB,1,Male,0.2727351962399177,0.7967864272861785
cell_80000102_06,80000102,batchB,1,Male,0.2727351962399177,0.7967864272861785
cell_80000102_07,80000102,batchB,1,Male,0.2727351962399177,0.7967864272861785
cell_80000102_08,80000102,batchB,1,Male,0.2727351962399177,0.7967864272861785
cell_80000102_09,80000102,batchB,1,Male,0.2727351962399177,0.7967864272861785
cell_80000102_10,80000102,batchB,1,Male,0.2727351962399177,0.7967864272861785
cell_80000102_11,80000102,batchB,1,Male,0.2727351962399177,0.7967864272861785
cell_80000054_00,80000054,batchB,1,Male,0.306666116202983,0.21266107984560423
cell_80000054_01,80000054,batchB,1,Male,0.306666116202983,0.21266107984560423
cell_80000054_02,80000054,batchB,1,Male,0.306666116202983,0.21266107984560423
cell_80000054_03,80000054,batchB,1,Male,0.306666116202983,0.21266107984560423
cell_80000054_04,80000054,batchB,1,Male,0.306666116202983,0.21266107984560423
cell_80000054_05,80000054,batchB,1,Male,0.306666116202983,0.21266107984560423
cell_80000054_06,80000054,batchB,1,Male,0.306666116202983,0.21266107984560423
cell_80000054_07,80000054,batchB,1,Male,0.306666116202983,0.21266107984560423
cell_80000054_08,80000054,batchB,1,Male,0.306666116202983,0.21266107984560423
cell_80000054_09,80000054,batchB,1,Male,0.306666116202983,0.21266107984560423
cell_80000054_10,80000054,batchB,1,Male,0.306666116202983,0.21266107984560423
cell_80000054_11,80000054,batchB,1,Male,0.306666116202983,0.21266107984560423
cell_80000008_00,80000008,batchB,1,Female,0.2523495618744966,0.8578118225260292
cell_80000008_01,80000008,batchB,1,Female,0.2523495618744966,0.8578118225260292
cell_80000008_02,80000008,batchB,1,Female,0.2523495618744966,0.8578118225260292
cell_80000008_03,80000008,batchB,1,Female,0.2523495618744966,0.8578118225260292
cell_80000008_04,80000008,batchB,1,Female,0.2523495618744966,0.8578118225260292
cell_80000008_05,80000008,batchB,1,Female,0.2523495618744966,0.8578118225260292
cell_80000008_06,80000008,batchB,1,Female,0.2523495618744966,0.8578118225260292
cell_80000008_07,80000008,batchB,1,Female,0.2523495618744966,0.8578118225260292
cell_80000008_08,80000008,batchB,1,Female,0.2523495618744966,0.8578118225260292
cell_80000008_09,80000008,batchB,1,Female,0.2523495618744966,0.8578118225260292
cell_80000008_10,80000008,batchB,1,Female,0.2523495618744966,0.8578118225260292
cell_80000008_11,80000008,batchB,1,Female,0.2523495618744966,0.8578118225260292
cell_80000088_00,80000088,batchB,0,Male,0.34409911374801194,0.8783423654484868
cell_80000088_01,80000088,batchB,0,Male,0.34409911374801194,0.8783423654484868
cell_80000088_02,80000088,batchB,0,Male,0.34409911374801194,0.8783423654484868
cell_80000088_03,80000088,batchB,0,Male,0.34409911374801194,0.8783423654484868
cell_80000088_04,80000088,batchB,0,Male,0.34409911374801194,0.8783423654484868
cell_80000088_05,80000088,batchB,0,Male,0.34409911374801194,0.8783423654484868
cell_80000088_06,80000088,batchB,0,Male,0.34409911374801194,0.8783423654484868
cell_80000088_07,80000088,batchB,0,Male,0.34409911374801194,0.8783423654484868
cell_80000088_08,80000088,batchB,0,Male,0.34409911374801194,0.8783423654484868
cell_80000088_09,80000088,batchB,0,Male,0.34409911374801194,0.8783423654484868
cell_80000088_10,80000088,batchB,0,Male,0.34409911374801194,0.8783423654484868
cell_80000088_11,80000088,batchB,0,Male,0.34409911374801194,0.8783423654484868
cell_80000350_00,80000350,batchB,1,Male,0.6461236952078345,0.1481882674408212
cell_80000350_01,80000350,batchB,1,Male,0.6461236952078345,0.1481882674408212
cell_80000350_02,80000350,batchB,1,Male,0.6461236952078345,0.1481882674408212
cell_80000350_03,80000350,batchB,1,Male,0.6461236952078345,0.1481882674408212
cell_80000350_04,80000350,batchB,1,Male,0.6461236952078345,0.1481882674408212
cell_80000350_05,80000350,batchB,1,Male,0.6461236952078345,0.1481882674408212
cell_80000350_06,80000350,batchB,1,Male,0.6461236952078345,0.1481882674408212
cell_80000350_07,80000350,batchB,1,Male,0.6461236952078345,0.1481882674408212
cell_80000350_08,80000350,batchB,1,Male,0.6461236952078345,0.1481882674408212
cell_80000350_09,80000350,batchB,1,Male,0.6461236952078345,0.1481882674408212
cell_80000350_10,80000350,batchB,1,Male,0.6461236952078345,0.1481882674408212
cell_80000350_11,80000350,batchB,1,Male,0.6461236952078345,0.1481882674408212
cell_80000129_00,80000129,batchA,0,Male,0.3572877836167726,0.8402711261797635
cell_80000129_01,80000129,batchA,0,Male,0.3572877836167726,0.8402711261797635
cell_80000129_02,80000129,batchA,0,Male,0.3572877836167726,0.8402711261797635
cell_80000129_03,80000129,batchA,0,Male,0.3572877836167726,0.8402711261797635
cell_80000129_04,80000129,batchA,0,Male,0.3572877836167726,0.8402711261797635
cell_80000129_05,80000129,batchA,0,Male,0.3572877836167726,0.8402711261797635
cell_80000129_06,80000129,batchA,0,Male,0.3572877836167726,0.8402711261797635
cell_80000129_07,80000129,batchA,0,Male,0.3572877836167726,0.8402711261797635
cell_80000129_08,80000129,batchA,0,Male,0.3572877836167726,0.8402711261797635
cell_80000129_09,80000129,batchA,0,Male,0.3572877836167726,0.8402711261797635
cell_80000129_10,80000129,batchA,0,Male,0.3572877836167726,0.8402711261797635
cell_80000129_11,80000129,batchA,0,Male,0.3572877836167726,0.8402711261797635
cell_80000075_00,80000075,batchA,1,Male,0.3746573429969941,0.8088764654915278
cell_80000075_01,80000075,batchA,1,Male,0.3746573429969941,0.8088764654915278
cell_80000075_02,80000075,batchA,1,Male,0.3746573429969941,0.8088764654915278
cell_80000075_03,80000075,batchA,1,Male,0.3746573429969941,0.8088764654915278
cell_80000075_04,80000075,batchA,1,Male,0.3746573429969941,0.8088764654915278
cell_80000075_05,80000075,batchA,1,Male,0.3746573429969941,0.8088764654915278
cell_80000075_06,80000075,batchA,1,Male,0.3746573429969941,0.8088764654915278
cell_80000075_07,80000075,batchA,1,Male,0.3746573429969941,0.8088764654915278
cell_80000075_08,80000075,batchA,1,Male,0.3746573429969941,0.8088764654915278
cell_80000075_09,80000075,batchA,1,Male,0.3746573429969941,0.8088764654915278
cell_80000075_10,80000075,batchA,1,Male,0.3746573429969941,0.8088764654915278
cell_80000075_11,80000075,batchA,1,Male,0.3746573429969941,0.8088764654915278
cell_80000278_00,80000278,batchB,1,Female,0.610033209322704,0.8617052409775099
cell_80000278_01,80000278,batchB,1,Female,0.610033209322704,0.8617052409775099
cell_80000278_02,80000278,batchB,1,Female,0.610033209322704,0.8617052409775099
cell_80000278_03,80000278,batchB,1,Female,0.610033209322704,0.8617052409775099
cell_80000278_04,80000278,batchB,1,Female,0.610033209322704,0.8617052409775099
cell_80000278_05,80000278,batchB,1,Female,0.610033209322704,0.8617052409775099
cell_80000278_06,80000278,batchB,1,Female,0.610033209322704,0.8617052409775099
cell_80000278_07,80000278,batchB,1,Female,0.610033209322704,0.8617052409775099
cell_80000278_08,80000278,batchB,1,Female,0.610033209322704,0.8617052409775099
cell_80000278_09,80000278,batchB,1,Female,0.610033209322704,0.8617052409775099
cell_80000278_10,80000278,batchB,1,Female,0.610033209322704,0.8617052409775099
cell_80000278_11,80000278,batchB,1,Female,0.610033209322704,0.8617052409775099
cell_80000019_00,80000019,batchA,1,Male,0.6410588444936484,0.08962347733175469
cell_80000019_01,80000019,batchA,1,Male,0.6410588444936484,0.08962347733175469
cell_80000019_02,80000019,batchA,1,Male,0.6410588444936484,0.08962347733175469
cell_80000019_03,80000019,batchA,1,Male,0.6410588444936484,0.08962347733175469
cell_80000019_04,80000019,batchA,1,Male,0.6410588444936484,0.08962347733175469
cell_80000019_05,80000019,batchA,1,Male,0.6410588444936484,0.08962347733175469
cell_80000019_06,80000019,batchA,1,Male,0.6410588444936484,0.08962347733175469
cell_80000019_07,80000019,batchA,1,Male,0.6410588444936484,0.08962347733175469
cell_80000019_08,80000019,batchA,1,Male,0.6410588444936484,0.08962347733175469
cell_80000019_09,80000019,batchA,1,Male,0.6410588444936484,0.08962347733175469
cell_80000019_10,80000019,batchA,1,Male,0.6410588444936484,0.08962347733175469
cell_80000019_11,80000019,batchA,1,Male,0.6410588444936484,0.08962347733175469
cell_80000251_00,80000251,batchA,1,Male,0.35790641750646457,0.18534274811502502
cell_80000251_01,80000251,batchA,1,Male,0.35790641750646457,0.18534274811502502
cell_80000251_02,80000251,batchA,1,Male,0.35790641750646457,0.18534274811502502
cell_80000251_03,80000251,batchA,1,Male,0.35790641750646457,0.18534274811502502
cell_80000251_04,80000251,batchA,1,Male,0.35790641750646457,0.18534274811502502
cell_80000251_05,80000251,batchA,1,Male,0.35790641750646457,0.18534274811502502
cell_80000251_06,80000251,batchA,1,Male,0.35790641750646457,0.18534274811502502
cell_80000251_07,80000251,batchA,1,Male,0.35790641750646457,0.18534274811502502
cell_80000251_08,80000251,batchA,1,Male,0.35790641750646457,0.18534274811502502
cell_80000251_09,80000251,batchA,1,Male,0.35790641750646457,0.18534274811502502
cell_80000251_10,80000251,batchA,1,Male,0.35790641750646457,0.18534274811502502
cell_80000251_11,80000251,batchA,1,Male,0.35790641750646457,0.18534274811502502
cell_80000355_00,80000355,batchA,1,Female,0.7653140626235746,0.9142705262985585
cell_80000355_01,80000355,batchA,1,Female,0.7653140626235746,0.9142705262985585
cell_80000355_02,80000355,batchA,1,Female,0.7653140626235746,0.9142705262985585
cell_80000355_03,80000355,batchA,1,Female,0.7653140626235746,0.9142705262985585
cell_80000355_04,80000355,batchA,1,Female,0.7653140626235746,0.9142705262985585
cell_80000355_05,80000355,batchA,1,Female,0.7653140626235746,0.9142705262985585
cell_80000355_06,80000355,batchA,1,Female,0.7653140626235746,0.9142705262985585
cell_80000355_07,80000355,batchA,1,Female,0.7653140626235746,0.9142705262985585
cell_80000355_08,80000355,batchA,1,Female,0.7653140626235746,0.9142705262985585
cell_80000355_09,80000355,batchA,1,Female,0.7653140626235746,0.9142705262985585
cell_80000355_10,80000355,batchA,1,Female,0.7653140626235746,0.9142705262985585
cell_80000355_11,80000355,batchA,1,Female,0.7653140626235746,0.9142705262985585
cell_80000116_00,80000116,batchB,1,Male,0.5041998367433186,0.8299999305500595
cell_80000116_01,80000116,batchB,1,Male,0.5041998367433186,0.8299999305500595
cell_80000116_02,80000116,batchB,1,Male,0.5041998367433186,0.8299999305500595
cell_80000116_03,80000116,batchB,1,Male,0.5041998367433186,0.8299999305500595
cell_80000116_04,80000116,batchB,1,Male,0.5041998367433186,0.8299999305500595
cell_80000116_05,80000116,batchB,1,Male,0.5041998367433186,0.8299999305500595
cell_80000116_06,80000116,batchB,1,Male,0.5041998367433186,0.8299999305500595
cell_80000116_07,80000116,batchB,1,Male,0.5041998367433186,0.8299999305500595
cell_80000116_08,80000116,batchB,1,Male,0.5041998367433186,0.8299999305500595
cell_80000116_09,80000116,batchB,1,Male,0.5041998367433186,0.8299999305500595
cell_80000116_10,80000116,batchB,1,Male,0.5041998367433186,0.8299999305500595
cell_80000116_11,80000116,batchB,1,Male,0.5041998367433186,0.8299999305500595
cell_80000135_00,80000135,batchA,0,Male,0.9796070704033465,0.14494960057645562
cell_80000135_01,80000135,batchA,0,Male,0.9796070704033465,0.14494960057645562
cell_80000135_02,80000135,batchA,0,Male,0.9796070704033465,0.14494960057645562
cell_80000135_03,80000135,batchA,0,Male,0.9796070704033465,0.14494960057645562
cell_80000135_04,80000135,batchA,0,Male,0.9796070704033465,0.14494960057645562
cell_80000135_05,80000135,batchA,0,Male,0.9796070704033465,0.14494960057645562
cell_80000135_06,80000135,batchA,0,Male,0.9796070704033465,0.14494960057645562
cell_80000135_07,80000135,batchA,0,Male,0.9796070704033465,0.14494960057645562
cell_80000135_08,80000135,batchA,0,Male,0.9796070704033465,0.14494960057645562
cell_80000135_09,80000135,batchA,0,Male,0.9796070704033465,0.14494960057645562
cell_80000135_10,80000135,batchA,0,Male,0.9796070704033465,0.14494960057645562
cell_80000135_11,80000135,batchA,0,Male,0.9796070704033465,0.14494960057645562
cell_80000039_00,80000039,batchA,0,Female,0.6571720838842845,0.8791044291902708
cell_80000039_01,80000039,batchA,0,Female,0.6571720838842845,0.8791044291902708
cell_80000039_02,80000039,batchA,0,Female,0.6571720838842845,0.8791044291902708
cell_80000039_03,80000039,batchA,0,Female,0.6571720838842845,0.8791044291902708
cell_80000039_04,80000039,batchA,0,Female,0.6571720838842845,0.8791044291902708
cell_80000039_05,80000039,batchA,0,Female,0.6571720838842845,0.8791044291902708
cell_80000039_06,80000039,batchA,0,Female,0.6571720838842845,0.8791044291902708
cell_80000039_07,80000039,batchA,0,Female,0.6571720838842845,0.8791044291902708
cell_80000039_08,80000039,batchA,0,Female,0.6571720838842845,0.8791044291902708
cell_80000039_09,80000039,batchA,0,Female,0.6571720838842845,0.8791044291902708
cell_80000039_10,80000039,batchA,0,Female,0.6571720838842845,0.8791044291902708
cell_80000039_11,80000039,batchA,0,Female,0.6571720838842845,0.8791044291902708
cell_80000221_00,80000221,batchA,0,Male,0.49331967640552976,0.9200811700737253
cell_80000221_01,80000221,batchA,0,Male,0.49331967640552976,0.9200811700737253
cell_80000221_02,80000221,batchA,0,Male,0.49331967640552976,0.9200811700737253
cell_80000221_03,80000221,batchA,0,Male,0.49331967640552976,0.9200811700737253
cell_80000221_04,80000221,batchA,0,Male,0.49331967640552976,0.9200811700737253
cell_80000221_05,80000221,batchA,0,Male,0.49331967640552976,0.9200811700737253
cell_80000221_06,80000221,batchA,0,Male,0.49331967640552976,0.9200811700737253
cell_80000221_07,80000221,batchA,0,Male,0.49331967640552976,0.9200811700737253
cell_80000221_08,80000221,batchA,0,Male,0.49331967640552976,0.9200811700737253
cell_80000221_09,80000221,batchA,0,Male,0.49331967640552976,0.9200811700737253
cell_80000221_10,80000221,batchA,0,Male,0.49331967640552976,0.9200811700737253
cell_80000221_11,80000221,batchA,0,Male,0.49331967640552976,0.9200811700737253
cell_80000254_00,80000254,batchB,0,Female,0.5975721432449334,0.10233849591080796
cell_80000254_01,80000254,batchB,0,Female,0.5975721432449334,0.10233849591080796
cell_80000254_02,80000254,batchB,0,Female,0.5975721432449334,0.10233849591080796
cell_80000254_03,80000254,batchB,0,Female,0.5975721432449334,0.10233849591080796
cell_80000254_04,80000254,batchB,0,Female,0.5975721432449334,0.10233849591080796
cell_80000254_05,80000254,batchB,0,Female,0.5975721432449334,0.10233849591080796
cell_80000254_06,80000254,batchB,0,Female,0.5975721432449334,0.10233849591080796
cell_80000254_07,80000254,batchB,0,Female,0.5975721432449334,0.10233849591080796
cell_80000254_08,80000254,batchB,0,Female,0.5975721432449334,0.10233849591080796
cell_80000254_09,80000254,batchB,0,Female,0.5975721432449334,0.10233849591080796
cell_80000254_10,80000254,batchB,0,Female,0.5975721432449334,0.10233849591080796
cell_80000254_11,80000254,batchB,0,Female,0.5975721432449334,0.10233849591080796
cell_80000007_00,80000007,batchA,1,Female,0.5250959853394211,0.11581605535281839
cell_80000007_01,80000007,batchA,1,Female,0.5250959853394211,0.11581605535281839
cell_80000007_02,80000007,batchA,1,Female,0.5250959853394211,0.11581605535281839
cell_80000007_03,80000007,batchA,1,Female,0.5250959853394211,0.11581605535281839
cell_80000007_04,80000007,batchA,1,Female,0.5250959853394211,0.11581605535281839
cell_80000007_05,80000007,batchA,1,Female,0.5250959853394211,0.11581605535281839
cell_80000007_06,80000007,batchA,1,Female,0.5250959853394211,0.11581605535281839
cell_80000007_07,80000007,batchA,1,Female,0.5250959853394211,0.11581605535281839
cell_80000007_08,80000007,batchA,1,Female,0.5250959853394211,0.11581605535281839
cell_80000007_09,80000007,batchA,1,Female,0.5250959853394211,0.11581605535281839
cell_80000007_10,80000007,batchA,1,Female,0.5250959853394211,0.11581605535281839
cell_80000007_11,80000007,batchA,1,Female,0.5250959853394211,0.11581605535281839
cell_80000153_00,80000153,batchA,0,Male,0.9533061621256931,0.1672957003925117
cell_80000153_01,80000153,batchA,0,Male,0.9533061621256931,0.1672957003925117
cell_80000153_02,80000153,batchA,0,Male,0.9533061621256931,0.1672957003925117
cell_80000153_03,80000153,batchA,0,Male,0.9533061621256931,0.1672957003925117
cell_80000153_04,80000153,batchA,0,Male,0.9533061621256931,0.1672957003925117
cell_80000153_05,80000153,batchA,0,Male,0.9533061621256931,0.1672957003925117
cell_80000153_06,80000153,batchA,0,Male,0.9533061621256931,0.1672957003925117
cell_80000153_07,80000153,batchA,0,Male,0.9533061621256931,0.1672957003925117
cell_80000153_08,80000153,batchA,0,Male,0.9533061621256931,0.1672957003925117
cell_80000153_09,80000153,batchA,0,Male,0.9533061621256931,0.1672957003925117
cell_80000153_10,80000153,batchA,0,Male,0.9533061621256931,0.1672957003925117
cell_80000153_11,80000153,batchA,0,Male,0.9533061621256931,0.1672957003925117
cell_80000160_00,80000160,batchB,0,Male,0.4682912761340567,0.8484685816749072
cell_80000160_01,80000160,batchB,0,Male,0.4682912761340567,0.8484685816749072
cell_80000160_02,80000160,batchB,0,Male,0.4682912761340567,0.8484685816749072
cell_80000160_03,80000160,batchB,0,Male,0.4682912761340567,0.8484685816749072
cell_80000160_04,80000160,batchB,0,Male,0.4682912761340567,0.8484685816749072
cell_80000160_05,80000160,batchB,0,Male,0.4682912761340567,0.8484685816749072
cell_80000160_06,80000160,batchB,0,Male,0.4682912761340567,0.8484685816749072
cell_80000160_07,80000160,batchB,0,Male,0.4682912761340567,0.8484685816749072
cell_80000160_08,80000160,batchB,0,Male,0.4682912761340567,0.8484685816749072
cell_80000160_09,80000160,batchB,0,Male,0.4682912761340567,0.8484685816749072
cell_80000160_10,80000160,batchB,0,Male,0.4682912761340567,0.8484685816749072
cell_80000160_11,80000160,batchB,0,Male,0.4682912761340567,0.8484685816749072
cell_80000292_00,80000292,batchB,0,Female,0.7337672615190912,0.10035574737650599
cell_80000292_01,80000292,batchB,0,Female,0.7337672615190912,0.10035574737650599
cell_80000292_02,80000292,batchB,0,Female,0.7337672615190912,0.10035574737650599
cell_80000292_03,80000292,batchB,0,Female,0.7337672615190912,0.10035574737650599
cell_80000292_04,80000292,batchB,0,Female,0.7337672615190912,0.10035574737650599
cell_80000292_05,80000292,batchB,0,Female,0.7337672615190912,0.10035574737650599
cell_80000292_06,80000292,batchB,0,Female,0.7337672615190912,0.10035574737650599
cell_80000292_07,80000292,batchB,0,Female,0.7337672615190912,0.10035574737650599
cell_80000292_08,80000292,batchB,0,Female,0.7337672615190912,0.10035574737650599
cell_80000292_09,80000292,batchB,0,Female,0.7337672615190912,0.10035574737650599
cell_80000292_10,80000292,batchB,0,Female,0.7337672615190912,0.10035574737650599
cell_80000292_11,80000292,batchB,0,Female,0.7337672615190912,0.10035574737650599
cell_80000147_00,80000147,batchA,1,Female,0.8864856086615733,0.21129175170818848
cell_80000147_01,80000147,batchA,1,Female,0.8864856086615733,0.21129175170818848
cell_80000147_02,80000147,batchA,1,Female,0.8864856086615733,0.21129175170818848
cell_80000147_03,80000147,batchA,1,Female,0.8864856086615733,0.21129175170818848
cell_80000147_04,80000147,batchA,1,Female,0.8864856086615733,0.21129175170818848
cell_80000147_05,80000147,batchA,1,Female,0.8864856086615733,0.21129175170818848
cell_80000147_06,80000147,batchA,1,Female,0.8864856086615733,0.21129175170818848
cell_80000147_07,80000147,batchA,1,Female,0.8864856086615733,0.21129175170818848
cell_80000147_08,80000147,batchA,1,Female,0.8864856086615733,0.21129175170818848
cell_80000147_09,80000147,batchA,1,Female,0.8864856086615733,0.21129175170818848
cell_80000147_10,80000147,batchA,1,Female,0.8864856086615733,0.21129175170818848
cell_80000147_11,80000147,batchA,1,Female,0.8864856086615733,0.21129175170818848
cell_80000068_00,80000068,batchB,0,Male,0.6998060175361263,0.885250989204863
cell_80000068_01,80000068,batchB,0,Male,0.6998060175361263,0.885250989204863
cell_80000068_02,80000068,batchB,0,Male,0.6998060175361263,0.885250989204863
cell_80000068_03,80000068,batchB,0,Male,0.6998060175361263,0.885250989204863
cell_80000068_04,80000068,batchB,0,Male,0.6998060175361263,0.885250989204863
cell_80000068_05,80000068,batchB,0,Male,0.6998060175361263,0.885250989204863
cell_80000068_06,80000068,batchB,0,Male,0.6998060175361263,0.885250989204863
cell_80000068_07,80000068,batchB,0,Male,0.6998060175361263,0.885250989204863
cell_80000068_08,80000068,batchB,0,Male,0.6998060175361263,0.885250989204863
cell_80000068_09,80000068,batchB,0,Male,0.6998060175361263,0.885250989204863
cell_80000068_10,80000068,batchB,0,Male,0.6998060175361263,0.885250989204863
cell_80000068_11,80000068,batchB,0,Male,0.6998060175361263,0.885250989204863
cell_80000261_00,80000261,batchA,1,Male,0.6305516079915104,0.8159735494306256
cell_80000261_01,80000261,batchA,1,Male,0.6305516079915104,0.8159735494306256
cell_80000261_02,80000261,batchA,1,Male,0.6305516079915104,0.8159735494306256
cell_80000261_03,80000261,batchA,1,Male,0.6305516079915104,0.8159735494306256
cell_80000261_04,80000261,batchA,1,Male,0.6305516079915104,0.8159735494306256
cell_80000261_05,80000261,batchA,1,Male,0.6305516079915104,0.8159735494306256
cell_80000261_06,80000261,batchA,1,Male,0.6305516079915104,0.8159735494306256
cell_80000261_07,80000261,batchA,1,Male,0.6305516079915104,0.8159735494306256
cell_80000261_08,80000261,batchA,1,Male,0.6305516079915104,0.8159735494306256
cell_80000261_09,80000261,batchA,1,Male,0.6305516079915104,0.8159735494306256
cell_80000261_10,80000261,batchA,1,Male,0.6305516079915104,0.8159735494306256
cell_80000261_11,80000261,batchA,1,Male,0.6305516079915104,0.8159735494306256
cell_80000103_00,80000103,batchA,0,Male,0.9289774562241765,0.8778664606111561
cell_80000103_01,80000103,batchA,0,Male,0.9289774562241765,0.8778664606111561
cell_80000103_02,80000103,batchA,0,Male,0.9289774562241765,0.8778664606111561
cell_80000103_03,80000103,batchA,0,Male,0.9289774562241765,0.8778664606111561
cell_80000103_04,80000103,batchA,0,Male,0.9289774562241765,0.8778664606111561
cell_80000103_05,80000103,batchA,0,Male,0.9289774562241765,0.8778664606111561
cell_80000103_06,80000103,batchA,0,Male,0.9289774562241765,0.8778664606111561
cell_80000103_07,80000103,batchA,0,Male,0.9289774562241765,0.8778664606111561
cell_80000103_08,80000103,batchA,0,Male,0.9289774562241765,0.8778664606111561
cell_80000103_09,80000103,batchA,0,Male,0.9289774562241765,0.8778664606111561
cell_80000103_10,80000103,batchA,0,Male,0.9289774562241765,0.8778664606111561
cell_80000103_11,80000103,batchA,0,Male,0.9289774562241765,0.8778664606111561
cell_80000149_00,80000149,batchA,1,Male,0.8615801779782196,0.8930562923957303
cell_80000149_01,80000149,batchA,1,Male,0.8615801779782196,0.8930562923957303
cell_80000149_02,80000149,batchA,1,Male,0.8615801779782196,0.8930562923957303
cell_80000149_03,80000149,batchA,1,Male,0.8615801779782196,0.8930562923957303
cell_80000149_04,80000149,batchA,1,Male,0.8615801779782196,0.8930562923957303
cell_80000149_05,80000149,batchA,1,Male,0.8615801779782196,0.8930562923957303
cell_80000149_06,80000149,batchA,1,Male,0.8615801779782196,0.8930562923957303
cell_80000149_07,80000149,batchA,1,Male,0.8615801779782196,0.8930562923957303
cell_80000149_08,80000149,batchA,1,Male,0.8615801779782196,0.8930562923957303
cell_80000149_09,80000149,batchA,1,Male,0.8615801779782196,0.8930562923957303
cell_80000149_10,80000149,batchA,1,Male,0.8615801779782196,0.8930562923957303
cell_80000149_11,80000149,batchA,1,Male,0.8615801779782196,0.8930562923957303
cell_80000190_00,80000190,batchB,0,Female,0.918567287311671,0.15630913478472158
cell_80000190_01,80000190,batchB,0,Female,0.918567287311671,0.15630913478472158
cell_80000190_02,80000190,batchB,0,Female,0.918567287311671,0.15630913478472158
cell_80000190_03,80000190,batchB,0,Female,0.918567287311671,0.15630913478472158
cell_80000190_04,80000190,batchB,0,Female,0.918567287311671,0.15630913478472158
cell_80000190_05,80000190,batchB,0,Female,0.918567287311671,0.15630913478472158
cell_80000190_06,80000190,batchB,0,Female,0.918567287311671,0.15630913478472158
cell_80000190_07,80000190,batchB,0,Female,0.918567287311671,0.15630913478472158
cell_80000190_08,80000190,batchB,0,Female,0.918567287311671,0.15630913478472158
cell_80000190_09,80000190,batchB,0,Female,0.918567287311671,0.15630913478472158
cell_80000190_10,80000190,batchB,0,Female,0.918567287311671,0.15630913478472158
cell_80000190_11,80000190,batchB,0,Female,0.918567287311671,0.15630913478472158
cell_80000204_00,80000204,batchB,1,Male,0.39228587493095624,0.8937574756621343
cell_80000204_01,80000204,batchB,1,Male,0.39228587493095624,0.8937574756621343
cell_80000204_02,80000204,batchB,1,Male,0.39228587493095624,0.8937574756621343
cell_80000204_03,80000204,batchB,1,Male,0.39228587493095624,0.8937574756621343
cell_80000204_04,80000204,batchB,1,Male,0.39228587493095624,0.8937574756621343
cell_80000204_05,80000204,batchB,1,Male,0.39228587493095624,0.8937574756621343
cell_80000204_06,80000204,batchB,1,Male,0.39228587493095624,0.8937574756621343
cell_80000204_07,80000204,batchB,1,Male,0.39228587493095624,0.8937574756621343
cell_80000204_08,80000204,batchB,1,Male,0.39228587493095624,0.8937574756621343
cell_80000204_09,80000204,batchB,1,Male,0.39228587493095624,0.8937574756621343
cell_80000204_10,80000204,batchB,1,Male,0.39228587493095624,0.8937574756621343
cell_80000204_11,80000204,batchB,1,Male,0.39228587493095624,0.8937574756621343
cell_80000337_00,80000337,batchA,0,Female,0.43054589722652387,0.8712469266257392
cell_80000337_01,80000337,batchA,0,Female,0.43054589722652387,0.8712469266257392
cell_80000337_02,80000337,batchA,0,Female,0.43054589722652387,0.8712469266257392
cell_80000337_03,80000337,batchA,0,Female,0.43054589722652387,0.8712469266257392
cell_80000337_04,80000337,batchA,0,Female,0.43054589722652387,0.8712469266257392
cell_80000337_05,80000337,batchA,0,Female,0.43054589722652387,0.8712469266257392
cell_80000337_06,80000337,batchA,0,Female,0.43054589722652387,0.8712469266257392
cell_80000337_07,80000337,batchA,0,Female,0.43054589722652387,0.8712469266257392
cell_80000337_08,80000337,batchA,0,Female,0.43054589722652387,0.8712469266257392
cell_80000337_09,80000337,batchA,0,Female,0.43054589722652387,0.8712469266257392
cell_80000337_10,80000337,batchA,0,Female,0.43054589722652387,0.8712469266257392
cell_80000337_11,80000337,batchA,0,Female,0.43054589722652387,0.8712469266257392
cell_80000035_00,80000035,batchA,1,Male,0.9796068925648335,0.14064517661104017
cell_80000035_01,80000035,batchA,1,Male,0.9796068925648335,0.14064517661104017
cell_80000035_02,80000035,batchA,1,Male,0.9796068925648335,0.14064517661104017
cell_80000035_03,80000035,batchA,1,Male,0.9796068925648335,0.14064517661104017
cell_80000035_04,80000035,batchA,1,Male,0.9796068925648335,0.14064517661104017
cell_80000035_05,80000035,batchA,1,Male,0.9796068925648335,0.14064517661104017
cell_80000035_06,80000035,batchA,1,Male,0.9796068925648335,0.14064517661104017
cell_80000035_07,80000035,batchA,1,Male,0.9796068925648335,0.14064517661104017
cell_80000035_08,80000035,batchA,1,Male,0.9796068925648335,0.14064517661104017
cell_80000035_09,80000035,batchA,1,Male,0.9796068925648335,0.14064517661104017
cell_80000035_10,80000035,batchA,1,Male,0.9796068925648335,0.14064517661104017
cell_80000035_11,80000035,batchA,1,Male,0.9796068925648335,0.14064517661104017
cell_80000025_00,80000025,batchA,1,Female,0.49398674823542593,0.8820369752357416
cell_80000025_01,80000025,batchA,1,Female,0.49398674823542593,0.8820369752357416
cell_80000025_02,80000025,batchA,1,Female,0.49398674823542593,0.8820369752357416
cell_80000025_03,80000025,batchA,1,Female,0.49398674823542593,0.8820369752357416
cell_80000025_04,80000025,batchA,1,Female,0.49398674823542593,0.8820369752357416
cell_80000025_05,80000025,batchA,1,Female,0.49398674823542593,0.8820369752357416
cell_80000025_06,80000025,batchA,1,Female,0.49398674823542593,0.8820369752357416
cell_80000025_07,80000025,batchA,1,Female,0.49398674823542593,0.8820369752357416
cell_80000025_08,80000025,batchA,1,Female,0.49398674823542593,0.8820369752357416
cell_80000025_09,80000025,batchA,1,Female,0.49398674823542593,0.8820369752357416
cell_80000025_10,80000025,batchA,1,Female,0.49398674823542593,0.8820369752357416
cell_80000025_11,80000025,batchA,1,Female,0.49398674823542593,0.8820369752357416
cell_80000304_00,80000304,batchB,0,Male,0.5912255200978789,0.7815661760612187
cell_80000304_01,80000304,batchB,0,Male,0.5912255200978789,0.7815661760612187
cell_80000304_02,80000304,batchB,0,Male,0.5912255200978789,0.7815661760612187
cell_80000304_03,80000304,batchB,0,Male,0.5912255200978789,0.7815661760612187
cell_80000304_04,80000304,batchB,0,Male,0.5912255200978789,0.7815661760612187
cell_80000304_05,80000304,batchB,0,Male,0.5912255200978789,0.7815661760612187
cell_80000304_06,80000304,batchB,0,Male,0.5912255200978789,0.7815661760612187
cell_80000304_07,80000304,batchB,0,Male,0.5912255200978789,0.7815661760612187
cell_80000304_08,80000304,batchB,0,Male,0.5912255200978789,0.7815661760612187
cell_80000304_09,80000304,batchB,0,Male,0.5912255200978789,0.7815661760612187
cell_80000304_10,80000304,batchB,0,Male,0.5912255200978789,0.7815661760612187
cell_80000304_11,80000304,batchB,0,Male,0.5912255200978789,0.7815661760612187
cell_80000066_00,80000066,batchB,0,Female,0.3877618308487109,0.8766547259255582
cell_80000066_01,80000066,batchB,0,Female,0.3877618308487109,0.8766547259255582
cell_80000066_02,80000066,batchB,0,Female,0.3877618308487109,0.8766547259255582
cell_80000066_03,80000066,batchB,0,Female,0.3877618308487109,0.8766547259255582
cell_80000066_04,80000066,batchB,0,Female,0.3877618308487109,0.8766547259255582
cell_80000066_05,80000066,batchB,0,Female,0.3877618308487109,0.8766547259255582
cell_80000066_06,80000066,batchB,0,Female,0.3877618308487109,0.8766547259255582
cell_80000066_07,80000066,batchB,0,Female,0.3877618308487109,0.8766547259255582
cell_80000066_08,80000066,batchB,0,Female,0.3877618308487109,0.8766547259255582
cell_80000066_09,80000066,batchB,0,Female,0.3877618308487109,0.8766547259255582
cell_80000066_10,80000066,batchB,0,Female,0.3877618308487109,0.8766547259255582
cell_80000066_11,80000066,batchB,0,Female,0.3877618308487109,0.8766547259255582
cell_80000213_00,80000213,batchA,0,Female,0.40015718168774067,0.8924694283998601
cell_80000213_01,80000213,batchA,0,Female,0.40015718168774067,0.8924694283998601
cell_80000213_02,80000213,batchA,0,Female,0.40015718168774067,0.8924694283998601
cell_80000213_03,80000213,batchA,0,Female,0.40015718168774067,0.8924694283998601
cell_80000213_04,80000213,batchA,0,Female,0.40015718168774067,0.8924694283998601
cell_80000213_05,80000213,batchA,0,Female,0.40015718168774067,0.8924694283998601
cell_80000213_06,80000213,batchA,0,Female,0.40015718168774067,0.8924694283998601
cell_80000213_07,80000213,batchA,0,Female,0.40015718168774067,0.8924694283998601
cell_80000213_08,80000213,batchA,0,Female,0.40015718168774067,0.8924694283998601
cell_80000213_09,80000213,batchA,0,Female,0.40015718168774067,0.8924694283998601
cell_80000213_10,80000213,batchA,0,Female,0.40015718168774067,0.8924694283998601
cell_80000213_11,80000213,batchA,0,Female,0.40015718168774067,0.8924694283998601
cell_80000158_00,80000158,batchB,0,Male,0.6899919688072043,0.137199485647488
cell_80000158_01,80000158,batchB,0,Male,0.6899919688072043,0.137199485647488
cell_80000158_02,80000158,batchB,0,Male,0.6899919688072043,0.137199485647488
cell_80000158_03,80000158,batchB,0,Male,0.6899919688072043,0.137199485647488
cell_80000158_04,80000158,batchB,0,Male,0.6899919688072043,0.137199485647488
cell_80000158_05,80000158,batchB,0,Male,0.6899919688072043,0.137199485647488
cell_80000158_06,80000158,batchB,0,Male,0.6899919688072043,0.137199485647488
cell_80000158_07,80000158,batchB,0,Male,0.6899919688072043,0.137199485647488
cell_80000158_08,80000158,batchB,0,Male,0.6899919688072043,0.137199485647488
cell_80000158_09,80000158,batchB,0,Male,0.6899919688072043,0.137199485647488
cell_80000158_10,80000158,batchB,0,Male,0.6899919688072043,0.137199485647488
cell_80000158_11,80000158,batchB,0,Male,0.6899919688072043,0.137199485647488
cell_80000104_00,80000104,batchB,0,Male,0.6140174046401575,0.9056592307241287
cell_80000104_01,80000104,batchB,0,Male,0.6140174046401575,0.9056592307241287
cell_80000104_02,80000104,batchB,0,Male,0.6140174046401575,0.9056592307241287
cell_80000104_03,80000104,batchB,0,Male,0.6140174046401575,0.9056592307241287
cell_80000104_04,80000104,batchB,0,Male,0.6140174046401575,0.9056592307241287
cell_80000104_05,80000104,batchB,0,Male,0.6140174046401575,0.9056592307241287
cell_80000104_06,80000104,batchB,0,Male,0.6140174046401575,0.9056592307241287
cell_80000104_07,80000104,batchB,0,Male,0.6140174046401575,0.9056592307241287
cell_80000104_08,80000104,batchB,0,Male,0.6140174046401575,0.9056592307241287
cell_80000104_09,80000104,batchB,0,Male,0.6140174046401575,0.9056592307241287
cell_80000104_10,80000104,batchB,0,Male,0.6140174046401575,0.9056592307241287
cell_80000104_11,80000104,batchB,0,Male,0.6140174046401575,0.9056592307241287
cell_80000252_00,80000252,batchB,0,Female,0.8984701873045786,0.9612761871096871
cell_80000252_01,80000252,batchB,0,Female,0.8984701873045786,0.9612761871096871
cell_80000252_02,80000252,batchB,0,Female,0.8984701873045786,0.9612761871096871
cell_80000252_03,80000252,batchB,0,Female,0.8984701873045786,0.9612761871096871
cell_80000252_04,80000252,batchB,0,Female,0.8984701873045786,0.9612761871096871
cell_80000252_05,80000252,batchB,0,Female,0.8984701873045786,0.9612761871096871
cell_80000252_06,80000252,batchB,0,Female,0.8984701873045786,0.9612761871096871
cell_80000252_07,80000252,batchB,0,Female,0.8984701873045786,0.9612761871096871
cell_80000252_08,80000252,batchB,0,Female,0.8984701873045786,0.9612761871096871
cell_80000252_09,80000252,batchB,0,Female,0.8984701873045786,0.9612761871096871
cell_80000252_10,80000252,batchB,0,Female,0.8984701873045786,0.9612761871096871
cell_80000252_11,80000252,batchB,0,Female,0.8984701873045786,0.9612761871096871
cell_80000209_00,80000209,batchA,0,Female,0.3722758051198735,0.12752434750978403
cell_80000209_01,80000209,batchA,0,Female,0.3722758051198735,0.12752434750978403
cell_80000209_02,80000209,batchA,0,Female,0.3722758051198735,0.12752434750978403
cell_80000209_03,80000209,batchA,0,Female,0.3722758051198735,0.12752434750978403
cell_80000209_04,80000209,batchA,0,Female,0.3722758051198735,0.12752434750978403
cell_80000209_05,80000209,batchA,0,Female,0.3722758051198735,0.12752434750978403
cell_80000209_06,80000209,batchA,0,Female,0.3722758051198735,0.12752434750978403
cell_80000209_07,80000209,batchA,0,Female,0.3722758051198735,0.12752434750978403
cell_80000209_08,80000209,batchA,0,Female,0.3722758051198735,0.12752434750978403
cell_80000209_09,80000209,batchA,0,Female,0.3722758051198735,0.12752434750978403
cell_80000209_10,80000209,batchA,0,Female,0.3722758051198735,0.12752434750978403
cell_80000209_11,80000209,batchA,0,Female,0.3722758051198735,0.12752434750978403
cell_80000032_00,80000032,batchB,0,Female,0.42789347190724303,0.12237968556608028
cell_80000032_01,80000032,batchB,0,Female,0.42789347190724303,0.12237968556608028
cell_80000032_02,80000032,batchB,0,Female,0.42789347190724303,0.12237968556608028
cell_80000032_03,80000032,batchB,0,Female,0.42789347190724303,0.12237968556608028
cell_80000032_04,80000032,batchB,0,Female,0.42789347190724303,0.12237968556608028
cell_80000032_05,80000032,batchB,0,Female,0.42789347190724303,0.12237968556608028
cell_80000032_06,80000032,batchB,0,Female,0.42789347190724303,0.12237968556608028
cell_80000032_07,80000032,batchB,0,Female,0.42789347190724303,0.12237968556608028
cell_80000032_08,80000032,batchB,0,Female,0.42789347190724303,0.12237968556608028
cell_80000032_09,80000032,batchB,0,Female,0.42789347190724303,0.12237968556608028
cell_80000032_10,80000032,batchB,0,Female,0.42789347190724303,0.12237968556608028
cell_80000032_11,80000032,batchB,0,Female,0.42789347190724303,0.12237968556608028
cell_80000101_00,80000101,batchA,0,Male,0.6439280422286737,0.8988402534383675
cell_80000101_01,80000101,batchA,0,Male,0.6439280422286737,0.8988402534383675
cell_80000101_02,80000101,batchA,0,Male,0.6439280422286737,0.8988402534383675
cell_80000101_03,80000101,batchA,0,Male,0.6439280422286737,0.8988402534383675
cell_80000101_04,80000101,batchA,0,Male,0.6439280422286737,0.8988402534383675
cell_80000101_05,80000101,batchA,0,Male,0.6439280422286737,0.8988402534383675
cell_80000101_06,80000101,batchA,0,Male,0.6439280422286737,0.8988402534383675
cell_80000101_07,80000101,batchA,0,Male,0.6439280422286737,0.8988402534383675
cell_80000101_08,80000101,batchA,0,Male,0.6439280422286737,0.8988402534383675
cell_80000101_09,80000101,batchA,0,Male,0.6439280422286737,0.8988402534383675
cell_80000101_10,80000101,batchA,0,Male,0.6439280422286737,0.8988402534383675
cell_80000101_11,80000101,batchA,0,Male,0.6439280422286737,0.8988402534383675
cell_80000119_00,80000119,batchA,0,Male,0.6474570512297759,0.8477552380616018
cell_80000119_01,80000119,batchA,0,Male,0.6474570512297759,0.8477552380616018
cell_80000119_02,80000119,batchA,0,Male,0.6474570512297759,0.8477552380616018
cell_80000119_03,80000119,batchA,0,Male,0.6474570512297759,0.8477552380616018
cell_80000119_04,80000119,batchA,0,Male,0.6474570512297759,0.8477552380616018
cell_80000119_05,80000119,batchA,0,Male,0.6474570512297759,0.8477552380616018
cell_80000119_06,80000119,batchA,0,Male,0.6474570512297759,0.8477552380616018
cell_80000119_07,80000119,batchA,0,Male,0.6474570512297759,0.8477552380616018
cell_80000119_08,80000119,batchA,0,Male,0.6474570512297759,0.8477552380616018
cell_80000119_09,80000119,batchA,0,Male,0.6474570512297759,0.8477552380616018
cell_80000119_10,80000119,batchA,0,Male,0.6474570512297759,0.8477552380616018
cell_80000119_11,80000119,batchA,0,Male,0.6474570512297759,0.8477552380616018
cell_80000148_00,80000148,batchB,0,Male,0.8487620684485279,0.13144812552600177
cell_80000148_01,80000148,batchB,0,Male,0.8487620684485279,0.13144812552600177
cell_80000148_02,80000148,batchB,0,Male,0.8487620684485279,0.13144812552600177
cell_80000148_03,80000148,batchB,0,Male,0.8487620684485279,0.13144812552600177
cell_80000148_04,80000148,batchB,0,Male,0.8487620684485279,0.13144812552600177
cell_80000148_05,80000148,batchB,0,Male,0.8487620684485279,0.13144812552600177
cell_80000148_06,80000148,batchB,0,Male,0.8487620684485279,0.13144812552600177
cell_80000148_07,80000148,batchB,0,Male,0.8487620684485279,0.13144812552600177
cell_80000148_08,80000148,batchB,0,Male,0.8487620684485279,0.13144812552600177
cell_80000148_09,80000148,batchB,0,Male,0.8487620684485279,0.13144812552600177
cell_80000148_10,80000148,batchB,0,Male,0.8487620684485279,0.13144812552600177
cell_80000148_11,80000148,batchB,0,Male,0.8487620684485279,0.13144812552600177
cell_80000246_00,80000246,batchB,1,Male,0.8959836748577648,0.15435825762605887
cell_80000246_01,80000246,batchB,1,Male,0.8959836748577648,0.15435825762605887
cell_80000246_02,80000246,batchB,1,Male,0.8959836748577648,0.15435825762605887
cell_80000246_03,80000246,batchB,1,Male,0.8959836748577648,0.15435825762605887
cell_80000246_04,80000246,batchB,1,Male,0.8959836748577648,0.15435825762605887
cell_80000246_05,80000246,batchB,1,Male,0.8959836748577648,0.15435825762605887
cell_80000246_06,80000246,batchB,1,Male,0.8959836748577648,0.15435825762605887
cell_80000246_07,80000246,batchB,1,Male,0.8959836748577648,0.15435825762605887
cell_80000246_08,80000246,batchB,1,Male,0.8959836748577648,0.15435825762605887
cell_80000246_09,80000246,batchB,1,Male,0.8959836748577648,0.15435825762605887
cell_80000246_10,80000246,batchB,1,Male,0.8959836748577648,0.15435825762605887
cell_80000246_11,80000246,batchB,1,Male,0.8959836748577648,0.15435825762605887
cell_80000179_00,80000179,batchA,0,Male,0.7696736955821243,0.10538628671592665
cell_80000179_01,80000179,batchA,0,Male,0.7696736955821243,0.10538628671592665
cell_80000179_02,80000179,batchA,0,Male,0.7696736955821243,0.10538628671592665
cell_80000179_03,80000179,batchA,0,Male,0.7696736955821243,0.10538628671592665
cell_80000179_04,80000179,batchA,0,Male,0.7696736955821243,0.10538628671592665
cell_80000179_05,80000179,batchA,0,Male,0.7696736955821243,0.10538628671592665
cell_80000179_06,80000179,batchA,0,Male,0.7696736955821243,0.10538628671592665
cell_80000179_07,80000179,batchA,0,Male,0.7696736955821243,0.10538628671592665
cell_80000179_08,80000179,batchA,0,Male,0.7696736955821243,0.10538628671592665
cell_80000179_09,80000179,batchA,0,Male,0.7696736955821243,0.10538628671592665
cell_80000179_10,80000179,batchA,0,Male,0.7696736955821243,0.10538628671592665
cell_80000179_11,80000179,batchA,0,Male,0.7696736955821243,0.10538628671592665
cell_80000198_00,80000198,batchB,0,Male,0.7911489263677352,0.9706974356812904
cell_80000198_01,80000198,batchB,0,Male,0.7911489263677352,0.9706974356812904
cell_80000198_02,80000198,batchB,0,Male,0.7911489263677352,0.9706974356812904
cell_80000198_03,80000198,batchB,0,Male,0.7911489263677352,0.9706974356812904
cell_80000198_04,80000198,batchB,0,Male,0.7911489263677352,0.9706974356812904
cell_80000198_05,80000198,batchB,0,Male,0.7911489263677352,0.9706974356812904
cell_80000198_06,80000198,batchB,0,Male,0.7911489263677352,0.9706974356812904
cell_80000198_07,80000198,batchB,0,Male,0.7911489263677352,0.9706974356812904
cell_80000198_08,80000198,batchB,0,Male,0.7911489263677352,0.9706974356812904
cell_80000198_09,80000198,batchB,0,Male,0.7911489263677352,0.9706974356812904
cell_80000198_10,80000198,batchB,0,Male,0.7911489263677352,0.9706974356812904
cell_80000198_11,80000198,batchB,0,Male,0.7911489263677352,0.9706974356812904
cell_80000194_00,80000194,batchB,1,Female,0.7489104211711293,0.8586558624017543
cell_80000194_01,80000194,batchB,1,Female,0.7489104211711293,0.8586558624017543
cell_80000194_02,80000194,batchB,1,Female,0.7489104211711293,0.8586558624017543
cell_80000194_03,80000194,batchB,1,Female,0.7489104211711293,0.8586558624017543
cell_80000194_04,80000194,batchB,1,Female,0.7489104211711293,0.8586558624017543
cell_80000194_05,80000194,batchB,1,Female,0.7489104211711293,0.8586558624017543
cell_80000194_06,80000194,batchB,1,Female,0.7489104211711293,0.8586558624017543
cell_80000194_07,80000194,batchB,1,Female,0.7489104211711293,0.8586558624017543
cell_80000194_08,80000194,batchB,1,Female,0.7489104211711293,0.8586558624017543
cell_80000194_09,80000194,batchB,1,Female,0.7489104211711293,0.8586558624017543
cell_80000194_10,80000194,batchB,1,Female,0.7489104211711293,0.8586558624017543
cell_80000194_11,80000194,batchB,1,Female,0.7489104211711293,0.8586558624017543
cell_80000110_00,80000110,batchB,0,Male,0.7947101639180513,0.9629006974787891
cell_80000110_01,80000110,batchB,0,Male,0.7947101639180513,0.9629006974787891
cell_80000110_02,80000110,batchB,0,Male,0.7947101639180513,0.9629006974787891
cell_80000110_03,80000110,batchB,0,Male,0.7947101639180513,0.9629006974787891
cell_80000110_04,80000110,batchB,0,Male,0.7947101639180513,0.9629006974787891
cell_80000110_05,80000110,batchB,0,Male,0.7947101639180513,0.9629006974787891
cell_80000110_06,80000110,batchB,0,Male,0.7947101639180513,0.9629006974787891
cell_80000110_07,80000110,batchB,0,Male,0.7947101639180513,0.9629006974787891
cell_80000110_08,80000110,batchB,0,Male,0.7947101639180513,0.9629006974787891
cell_80000110_09,80000110,batchB,0,Male,0.7947101639180513,0.9629006974787891
cell_80000110_10,80000110,batchB,0,Male,0.7947101639180513,0.9629006974787891
cell_80000110_11,80000110,batchB,0,Male,0.7947101639180513,0.9629006974787891
cell_80000091_00,80000091,batchA,1,Female,0.37840034032638925,0.8745203699085806
cell_80000091_01,80000091,batchA,1,Female,0.37840034032638925,0.8745203699085806
cell_80000091_02,80000091,batchA,1,Female,0.37840034032638925,0.8745203699085806
cell_80000091_03,80000091,batchA,1,Female,0.37840034032638925,0.8745203699085806
cell_80000091_04,80000091,batchA,1,Female,0.37840034032638925,0.8745203699085806
cell_80000091_05,80000091,batchA,1,Female,0.37840034032638925,0.8745203699085806
cell_80000091_06,80000091,batchA,1,Female,0.37840034032638925,0.8745203699085806
cell_80000091_07,80000091,batchA,1,Female,0.37840034032638925,0.8745203699085806
cell_80000091_08,80000091,batchA,1,Female,0.37840034032638925,0.8745203699085806
cell_80000091_09,80000091,batchA,1,Female,0.37840034032638925,0.8745203699085806
cell_80000091_10,80000091,batchA,1,Female,0.37840034032638925,0.8745203699085806
cell_80000091_11,80000091,batchA,1,Female,0.37840034032638925,0.8745203699085806
cell_80000324_00,80000324,batchB,0,Female,0.4129873169944225,0.15879299692819868
cell_80000324_01,80000324,batchB,0,Female,0.4129873169944225,0.15879299692819868
cell_80000324_02,80000324,batchB,0,Female,0.4129873169944225,0.15879299692819868
cell_80000324_03,80000324,batchB,0,Female,0.4129873169944225,0.15879299692819868
cell_80000324_04,80000324,batchB,0,Female,0.4129873169944225,0.15879299692819868
cell_80000324_05,80000324,batchB,0,Female,0.4129873169944225,0.15879299692819868
cell_80000324_06,80000324,batchB,0,Female,0.4129873169944225,0.15879299692819868
cell_80000324_07,80000324,batchB,0,Female,0.4129873169944225,0.15879299692819868
cell_80000324_08,80000324,batchB,0,Female,0.4129873169944225,0.15879299692819868
cell_80000324_09,80000324,batchB,0,Female,0.4129873169944225,0.15879299692819868
cell_80000324_10,80000324,batchB,0,Female,0.4129873169944225,0.15879299692819868
cell_80000324_11,80000324,batchB,0,Female,0.4129873169944225,0.15879299692819868
cell_80000152_00,80000152,batchB,0,Female,0.8485907186532874,0.21572195541690176
cell_80000152_01,80000152,batchB,0,Female,0.8485907186532874,0.21572195541690176
cell_80000152_02,80000152,batchB,0,Female,0.8485907186532874,0.21572195541690176
cell_80000152_03,80000152,batchB,0,Female,0.8485907186532874,0.21572195541690176
cell_80000152_04,80000152,batchB,0,Female,0.8485907186532874,0.21572195541690176
cell_80000152_05,80000152,batchB,0,Female,0.8485907186532874,0.21572195541690176
cell_80000152_06,80000152,batchB,0,Female,0.8485907186532874,0.21572195541690176
cell_80000152_07,80000152,batchB,0,Female,0.8485907186532874,0.21572195541690176
cell_80000152_08,80000152,batchB,0,Female,0.8485907186532874,0.21572195541690176
cell_80000152_09,80000152,batchB,0,Female,0.8485907186532874,0.21572195541690176
cell_80000152_10,80000152,batchB,0,Female,0.8485907186532874,0.21572195541690176
cell_80000152_11,80000152,batchB,0,Female,0.8485907186532874,0.21572195541690176
cell_80000344_00,80000344,batchB,0,Female,0.4392066846150448,0.7651121788774594
cell_80000344_01,80000344,batchB,0,Female,0.4392066846150448,0.7651121788774594
cell_80000344_02,80000344,batchB,0,Female,0.4392066846150448,0.7651121788774594
cell_80000344_03,80000344,batchB,0,Female,0.4392066846150448,0.7651121788774594
cell_80000344_04,80000344,batchB,0,Female,0.4392066846150448,0.7651121788774594
cell_80000344_05,80000344,batchB,0,Female,0.4392066846150448,0.7651121788774594
cell_80000344_06,80000344,batchB,0,Female,0.4392066846150448,0.7651121788774594
cell_80000344_07,80000344,batchB,0,Female,0.4392066846150448,0.7651121788774594
cell_80000344_08,80000344,batchB,0,Female,0.4392066846150448,0.7651121788774594
cell_80000344_09,80000344,batchB,0,Female,0.4392066846150448,0.7651121788774594
cell_80000344_10,80000344,batchB,0,Female,0.4392066846150448,0.7651121788774594
cell_80000344_11,80000344,batchB,0,Female,0.4392066846150448,0.7651121788774594
cell_80000282_00,80000282,batchB,1,Male,0.5157725204063681,0.8916136232713882
cell_80000282_01,80000282,batchB,1,Male,0.5157725204063681,0.8916136232713882
cell_80000282_02,80000282,batchB,1,Male,0.5157725204063681,0.8916136232713882
cell_80000282_03,80000282,batchB,1,Male,0.5157725204063681,0.8916136232713882
cell_80000282_04,80000282,batchB,1,Male,0.5157725204063681,0.8916136232713882
cell_80000282_05,80000282,batchB,1,Male,0.5157725204063681,0.8916136232713882
cell_80000282_06,80000282,batchB,1,Male,0.5157725204063681,0.8916136232713882
cell_80000282_07,80000282,batchB,1,Male,0.5157725204063681,0.8916136232713882
cell_80000282_08,80000282,batchB,1,Male,0.5157725204063681,0.8916136232713882
cell_80000282_09,80000282,batchB,1,Male,0.5157725204063681,0.8916136232713882
cell_80000282_10,80000282,batchB,1,Male,0.5157725204063681,0.8916136232713882
cell_80000282_11,80000282,batchB,1,Male,0.5157725204063681,0.8916136232713882
cell_80000201_00,80000201,batchA,1,Male,0.8597711860720901,0.1381776749298184
cell_80000201_01,80000201,batchA,1,Male,0.8597711860720901,0.1381776749298184
cell_80000201_02,80000201,batchA,1,Male,0.8597711860720901,0.1381776749298184
cell_80000201_03,80000201,batchA,1,Male,0.8597711860720901,0.1381776749298184
cell_80000201_04,80000201,batchA,1,Male,0.8597711860720901,0.1381776749298184
cell_80000201_05,80000201,batchA,1,Male,0.8597711860720901,0.1381776749298184
cell_80000201_06,80000201,batchA,1,Male,0.8597711860720901,0.1381776749298184
cell_80000201_07,80000201,batchA,1,Male,0.8597711860720901,0.1381776749298184
cell_80000201_08,80000201,batchA,1,Male,0.8597711860720901,0.1381776749298184
cell_80000201_09,80000201,batchA,1,Male,0.8597711860720901,0.1381776749298184
cell_80000201_10,80000201,batchA,1,Male,0.8597711860720901,0.1381776749298184
cell_80000201_11,80000201,batchA,1,Male,0.8597711860720901,0.1381776749298184
cell_80000171_00,80000171,batchA,1,Female,0.41381209428905164,0.9103111580347777
cell_80000171_01,80000171,batchA,1,Female,0.41381209428905164,0.9103111580347777
cell_80000171_02,80000171,batchA,1,Female,0.41381209428905164,0.9103111580347777
cell_80000171_03,80000171,batchA,1,Female,0.41381209428905164,0.9103111580347777
cell_80000171_04,80000171,batchA,1,Female,0.41381209428905164,0.9103111580347777
cell_80000171_05,80000171,batchA,1,Female,0.41381209428905164,0.9103111580347777
cell_80000171_06,80000171,batchA,1,Female,0.41381209428905164,0.9103111580347777
cell_80000171_07,80000171,batchA,1,Female,0.41381209428905164,0.9103111580347777
cell_80000171_08,80000171,batchA,1,Female,0.41381209428905164,0.9103111580347777
cell_80000171_09,80000171,batchA,1,Female,0.41381209428905164,0.9103111580347777
cell_80000171_10,80000171,batchA,1,Female,0.41381209428905164,0.9103111580347777
cell_80000171_11,80000171,batchA,1,Female,0.41381209428905164,0.9103111580347777
cell_80000157_00,80000157,batchA,0,Male,0.4563707217057959,0.8746533173460017
cell_80000157_01,80000157,batchA,0,Male,0.4563707217057959,0.8746533173460017
cell_80000157_02,80000157,batchA,0,Male,0.4563707217057959,0.8746533173460017
cell_80000157_03,80000157,batchA,0,Male,0.4563707217057959,0.8746533173460017
cell_80000157_04,80000157,batchA,0,Male,0.4563707217057959,0.8746533173460017
cell_80000157_05,80000157,batchA,0,Male,0.4563707217057959,0.8746533173460017
cell_80000157_06,80000157,batchA,0,Male,0.4563707217057959,0.8746533173460017
cell_80000157_07,80000157,batchA,0,Male,0.4563707217057959,0.8746533173460017
cell_80000157_08,80000157,batchA,0,Male,0.4563707217057959,0.8746533173460017
cell_80000157_09,80000157,batchA,0,Male,0.4563707217057959,0.8746533173460017
cell_80000157_10,80000157,batchA,0,Male,0.4563707217057959,0.8746533173460017
cell_80000157_11,80000157,batchA,0,Male,0.4563707217057959,0.8746533173460017
