,Oli.11,Mic.12,Oli.7,Ast.10,Mic.13,Ast.7,Oli.3,Oli.4,Ast.4,Inh.6,Exc.1,Exc.3,Inh.15,OPC.1,Inh.16,Inh.5,Exc.8,End.3,Inh.12,Oli.5,Mic.1,Exc.12,Inh.7,Ast.6,End.1,Ast.2,OPC.2,Mic.14,Ast.1,Oli.9,SynExc01,SynInh01,SynAst01,SynOli01,SynOpc01,SynMic01,SynEnd01,SynPer01,SynFib01,SynExc02,SynInh02,SynAst02,SynOli02,SynOpc02,SynMic02,SynEnd02,SynPer02,SynFib02,SynExc03,SynInh03,SynAst03,SynOli03,SynOpc03,SynMic03,SynEnd03,SynPer03,SynFib03,SynExc04
80000001,0.008336940258542506,0.017566342029160603,0.01005867625342433,0.002822096858834284,0.0,0.0,0.00996432006445693,0.004890254737076047,0.010436028875106638,0.016175792721817784,0.0,0.011765707226783393,0.01317258437739437,0.00688214158627479,0.016491236312370695,0.007575561571243905,0.009249813019875548,0.002250695473205511,0.012418126754203215,0.017526708304137644,0.0,0.024031464048449382,0.0,0.0,0.006043645011068078,0.0,0.00669498333668195,0.0,0.0,0.01940402954310659,0.04581864573572605,0.016014576617779035,0.022123960690296814,0.009156637267730316,0.03903389664697018,0.012329538896611219,0.018531619645426378,0.02975867013952839,0.023026499771903294,0.04894340691595853,0.03287547914769682,0.018931636099242453,0.028172156835760617,0.010067095224198139,0.016233532084517093,0.008593946663928391,0.0,0.033456807936650866,0.0437550825472579,0.028185977120193512,0.027226317071994535,0.04645550876764077,0.017954418318276204,0.013749983386889476,0.011442072378137429,0.027282730929495458,0.0003238585200281809,0.01299554880194667
80000002,0.01271376054251764,0.007715101189133124,0.04196130133665322,0.029272998462442787,0.02013562240365567,0.03275993183303934,0.03861019342175013,0.004052370355102162,0.004697540653267538,0.04886826195941067,0.020773300970433107,0.021443188187261337,0.014625301032519855,0.0059462383225560005,0.021076111296906317,0.01220007625802936,0.029994248449394058,0.015519804592061034,0.027628820297172417,0.03228175366890576,0.020837098537161924,0.009982498641787619,0.03199954538448893,0.02895927117607715,0.019230492379466935,0.014751181195447839,0.032834282772443185,0.021100882045594755,0.018470714825852632,0.0060016696755112574,0.0,0.0,0.008788382466103044,0.016999660032601095,0.0,0.015599799315884332,0.019148940041401306,0.02508230058658011,0.002649531406820059,0.0,0.0030410475029861743,0.014248826076193741,0.015808123460317097,0.024003655607984734,0.015717242360541048,0.005733417184844679,0.010594408052356476,0.0,0.007607997128688231,0.01363720959246985,0.011452895522705777,0.012291757077840889,0.02547154439607889,0.002539689401665391,0.004088747515638049,0.0,0.0,0.0019149816936716974
80000003,0.018675175272312907,0.0,0.004790425626120893,0.01719159313278318,0.004447314949045538,0.001736656523532845,0.02402222607336095,0.018237187945736585,0.007404029537005958,0.012537547753825581,0.0,0.006453285533324062,0.0,0.0158321495834759,0.003039624050814327,0.006950229870721614,0.01235909738933868,0.033489960796643056,0.001161120492806492,0.005553545872252522,0.0,0.020303262252372674,0.015442920458958693,0.0,0.0,0.0017919184451071293,0.010676394953892596,0.0004980096650531369,4.0941997541410504e-05,0.026982948798000162,0.04229053924201922,0.042013333785160166,0.02859673992111624,0.003856918561339663,0.017133757249403903,0.030293752425495896,0.022363518678917123,0.011061490755929588,0.015980432196593876,0.0030825503590175196,0.018681709405999135,0.0145460741459129,0.021594450650689455,0.01942566492864343,0.025655069875708925,0.01740709007422718,0.02705433091442479,0.01982308645735054,0.029792693611601105,0.010529616547279519,0.019614569273840293,0.030545623789792687,0.021100667207678028,0.009913994435475235,0.024177888220550323,0.018561766726143403,0.026825405122507355,0.020704879057650026
80000004,0.0011547256332293332,0.010047976114127274,0.0062148293635955355,0.03296879748764641,0.002375775135476157,0.002626378273118763,0.0,0.02143771359155725,0.021574961967946008,0.0,0.0,0.0054851691572300465,0.00496549067417695,0.0,0.018224820976609598,0.016674853455788848,0.0,0.01881039753299959,0.013301248551819104,0.004910127086569602,0.0026542715245969272,0.010654012961649167,0.012938006624878953,0.03872428444164194,0.0,0.005008816891606217,0.0,0.0,0.0,0.015045012756582375,0.017291648624820445,0.021766738599999447,0.015403060602063435,0.012889276363720342,0.03233143502859148,0.056286984702698765,0.028448873336192126,0.009469583016332602,0.0027627493767355057,0.017142435296965963,0.027704126542712038,0.004461861188697546,0.021710037215442186,0.026725905971887946,0.02515410376355444,0.029347431515660022,0.022945126495770546,0.0037472680183729882,0.02262248477553467,0.0,0.030293160852748892,0.028213786813819395,0.021037825821015325,0.015281802800949876,0.03644857903532255,0.014506659973527666,0.043408772592818445,0.025714642960823122
80000005,0.020216227156868893,0.01674997391744722,0.0,0.017945376271557793,0.01630132527515532,0.025300370112728204,0.007596610937616937,0.0,0.005239883024954788,0.02179890176512352,0.0,0.022518181044620177,0.0,0.007900668402143997,0.012188746174803068,0.015933431410194543,0.005865322092750684,0.01660745534228005,0.006838562647249258,0.012191054324543807,0.0,0.0,0.015155548951653827,0.014060870066390363,0.0,0.028562571491904373,0.010533412860246503,0.0,0.023215304797557994,0.0,0.03543147774927345,0.020679220221133356,0.01704260823650572,0.015288056110068154,0.00695167897829398,0.022428866472560042,0.034474120181532314,0.009889749386251267,0.019642057881341057,0.016026621900765765,0.030969224670700218,0.01409593936527287,0.011330252868649962,0.026582733110634055,0.0147763420605937,0.024922619165943273,0.013295021542563196,0.01882888977773637,0.033356495226560166,0.007538455521230119,0.021812267252331007,0.01847461385767356,0.025814224839795754,0.0075244316202742,0.04695073040902521,0.032622245978283164,0.016460659966750883,0.018134925807211884
80000006,0.015266623152238343,0.017666348273907066,0.02085402613681143,0.012579917096779232,0.028047666900962314,0.033123498383127385,0.036360672026433845,0.03130834867760702,0.02350775296241374,0.019019950991482626,0.01746290487398177,0.03462003471312608,0.021718391404213222,0.007393833132298124,0.03220595428025413,0.024745844537311407,0.018669786235215757,0.009309994608250445,0.019808859308653518,0.011838460550629672,0.0,0.007668932791139691,0.03388195737392875,0.028555041753770494,0.024009134610177178,0.010574187576125507,0.027522485244551045,0.006666493661743179,0.021093113674074168,0.0055067808402324584,0.0023522435315808444,0.015930434125175377,0.0022525076259565357,0.010559951407284456,0.009678325369964989,0.019505524393451885,0.0,0.0,0.013796724771387655,0.022475521622532618,0.01152128786558433,0.021677956574493732,0.0,0.0,0.015994446418282307,0.0,0.0,0.010954179488970664,0.0010668537604177851,0.018359987382662826,0.0005110081602892884,0.015841437653451328,0.01941768133803192,0.005447656047026729,0.003264895968463616,0.0,0.02029337676504099,0.0032540104311339023
80000007,0.011162824875009794,0.020712346965271366,0.007407861196213239,0.0084970301213067,0.011177895126613912,0.009094229296873552,0.0,0.01090436333214216,0.012786703042562256,0.00131629955652399,0.007826607922461256,0.037203923290579796,0.0,0.0,0.0,0.027653892241854022,0.007811095296661082,0.0036275169554019233,0.002712816468978228,0.005313624777983426,0.0006649371908628309,0.013789327017729504,0.0030514714663980734,0.02616966038867275,0.0,0.00020308098689781213,0.008982853412009446,0.012809546687890186,0.0011156916830027854,0.021269469561479352,0.011772718567946311,0.014197182344682672,0.027290207154735992,0.022857119558818476,0.013931734451906921,0.031203799661058837,0.02282544036848681,0.0028795262968172135,0.05639650409919217,0.03584651922649515,0.01928297182941464,0.022755393812520588,0.008105446343408429,0.02458882481218781,0.007435713457203664,0.010345539308899993,0.032896672668671446,0.023377973103961832,0.01535478852324669,0.00987198617062672,0.039999039450346635,0.010734240029113303,0.01159943566887261,0.039438781131667114,0.004066890481092539,0.02913771773672422,0.01120815308534391,0.04195284254862893
80000008,0.004591214199130507,0.005453740328802487,0.021549091834292263,0.029514691047410682,0.019210563396227585,0.028715795517000448,0.04717801481599102,0.03174821439457126,0.0459175394757813,0.018647826023696752,0.03674622085302627,0.015849399927121418,0.018501522699393605,0.0145639668519415,0.012680395732998315,0.020428081297527795,0.03725387679505702,0.0,0.022578718342652265,0.022446371595583894,0.02637110201060206,0.021857435928594307,0.018880098950621517,0.013127506415651732,0.007288853620080919,0.008944703237079753,0.016427065915354463,0.013338932150770417,0.021831851643299725,0.016610412850710625,0.011859900744123115,0.015429807559276771,0.008041916621530773,0.020373635310487574,0.0024730715824584255,0.007828941378008835,0.007550289608830724,0.0,0.003424857508892583,0.012018775547804275,0.0,8.203046922856154e-05,0.0017736665008509817,0.009388155646520483,0.0,0.01354244776148219,0.002006039753278552,0.019376715903656534,0.019672564684453078,0.0,0.0,0.01879184547793129,0.0,0.008994646565346718,0.021457198198390492,0.013977683228343354,0.0,0.025078101953414735
80000009,0.0,0.010542518170904437,0.0,0.004536893884097543,0.00108083864254181,0.0,0.009398118829069135,0.0,0.01930048654040376,0.004424817235588223,0.0023832603519120953,0.0,0.011765009703438595,0.005038050354571338,0.006979801678258272,0.0021887217279588124,0.0006993001065899317,0.01029316422259181,0.011925803912291555,0.0,0.015820476392503467,0.010998810947136029,0.019371656691916452,0.016316912448631697,0.012763373010494402,0.008170933181739002,0.0,0.015691604690794957,0.011641067182676644,0.015051575717724345,0.016607337841775524,0.0366197238786808,0.028711002535767135,0.02876703037383188,0.01890551773987507,0.02515350220313978,0.007595928517057488,0.020376716807109077,0.014467061959406176,0.022219289966537225,0.017866771534158284,0.02584513149698883,0.022825757142363862,0.013489816526271453,0.008090656380283417,0.029325037154443394,0.02165810228394278,0.017076936601328547,0.03508326483538571,0.019616886725034925,0.023804384701410337,0.02532386271013041,0.045937733953732914,0.018304693819519727,0.02466314216341732,0.020158652268867837,0.028862927139260988,0.016797792985998105
80000010,0.029753184463165792,0.02797801103561966,0.03171034759462541,0.038198995500142836,0.014419763158187795,0.02955510624154507,0.013597845691989272,0.029098545864627786,0.01808178340239716,0.021569565760559028,0.02761177015498671,0.024441574775963894,0.02473339287772341,0.029919815187311967,0.0005866161521217057,0.01236892962465403,0.02792890628354641,0.010618523606395617,0.03822228715861602,0.02405120500396732,0.03294161931656698,0.019716276247876446,0.026472252097494903,0.018959318399756654,0.01787657703691253,0.013464550577635254,0.026475932569876782,0.010847875710066061,0.01254520296421793,0.015673959202960983,0.009317611209437407,0.0,0.002612670019460885,0.013584870277919733,0.0,0.018346033178473532,0.00536423138169652,0.008933860393345204,0.0030927563369043225,0.0,0.0,0.0051388858079470055,0.01609086567893103,0.022053403349892815,0.015081269684857191,0.01747742633524001,0.016929886099212952,0.007048185030135129,0.01014483133414449,0.0019453581862865668,0.009771571713742174,0.019736877210464687,0.00042958112979345296,0.0031426558853578086,0.0116785956608411,0.011510733926471775,0.01565402717112161,0.0
80000011,0.02807946374904425,0.01752695690665353,0.011910773530955628,0.028614892852620134,0.026998857277944703,0.011074967616656665,0.017989422092294656,0.025906891122285017,0.02438569995498976,0.03217857526395365,0.037997804088649154,0.01758122176568612,0.018555739286923483,0.04752834585206131,0.00782004377386151,0.005930713833882572,0.03152617994820496,0.03149421911180629,0.03025371595448361,0.010208542863678099,0.029320373946777306,0.021763152271952777,0.03281393374547836,0.019258074896647985,0.05154756209753885,0.008875201975542132,0.03419779705195881,0.013077286199371737,0.018715760391475406,0.0,0.016579929854524084,0.0,0.010211067742112303,0.0005167610432546619,0.0004290699160567055,0.0,0.0,0.002024528031748661,0.006101937421751687,0.004564779747024192,0.009181905877310286,0.0,0.0,0.0,0.01552560050526043,0.01654374057854429,0.0,0.01892885598454162,0.016685310632930817,0.0,0.014323778890532773,0.017811298183033276,0.016249509210824045,0.008699565344917233,0.0,0.009207913062714883,0.0,0.011673559026542588
80000012,0.006198581674035144,0.011892219867737896,0.0,0.0112786480844846,0.017534947675851432,0.0,0.012543861140065414,0.0056474197352485685,0.01090156795482668,0.0,0.0,0.006047335199989509,0.0023273884748519122,0.0,0.0071774611172691185,0.0,0.004142970399860137,0.004607283972546081,0.006383782187409702,0.0,0.0,0.011235950332746226,0.0,0.014889507538999,0.002157522025447706,0.023800482896994136,0.02049992309657363,0.0,0.0,0.016347826642429945,0.04432183673084915,0.03128148814724231,0.034926020325242224,0.018178110344990374,0.020284219563826315,0.03469264952518803,0.01804517757969325,0.0040023323301502794,0.030986814386050752,0.03107123214692479,0.030483242356876872,0.028987318592909705,0.011833751098469281,0.025718273915992376,0.01652361608682654,0.010416855048387179,0.022548864960649416,0.02767671191051702,0.015976775606229243,0.02095801498440581,0.029813494039125202,0.0034930923299112205,0.013564067385367274,0.06333522443747516,0.02535458894748536,0.01639322271850902,0.02797986112985047,0.011156232771453512
80000013,0.031765079756156195,0.029535832480715837,0.009392277303002773,0.020198958486854275,0.025143052835566036,0.04100332817545763,0.02276889695188226,0.04340525586262941,0.008749533325130539,0.02559597652363976,0.027884663948014803,0.010434055164405324,0.012534882901139927,0.02252640984952804,0.017808727225818447,0.030030712787680793,0.026431934252524034,0.018977045733144463,0.013554813297535941,0.014765517302821548,0.027285924329611844,0.031939789524103965,0.026694132591609923,0.02262519650455267,0.024022646665603855,0.03016397198072366,0.036586454690751676,0.0016556194519716147,0.016364099567456578,0.0,0.016062871381215406,0.008744276176939712,0.003108779745099321,0.006127638284058728,0.0,0.01977408308376547,0.0159955919720519,0.0,0.010741153613636877,0.00767463116440399,0.008414206061669177,0.015337997632056285,0.007840571241963249,0.02568200405104846,0.0,0.0031547610409316178,0.010180518093764258,0.019291773042807638,0.0,0.0077161676619775105,0.013081355607734328,0.006721244482467335,0.0,0.007924340501390525,0.0,0.0033150247906143997,0.004970433738264189,0.001138045255329202
80000014,0.0014818714537937667,0.026592468859007547,0.021626235592817074,0.015182868589563924,0.014248901270208605,0.011981857712784512,0.00479295422970332,0.01226725921783076,0.030911641435075063,0.022087977988666404,0.03354785628735171,0.04766309703917765,0.03269521542388684,0.02209634869160704,0.029888750749893785,0.01896432596060738,0.04563223435943759,0.015955017079451395,0.009739312348935263,0.036194385563021576,0.020902037916590017,0.019549981916194222,0.02953708147568646,0.05376427049188305,0.01974389032643767,0.0062744366503832884,0.00782267502089393,0.034144203637555604,0.0,0.022980807905431402,0.003974319828671165,0.009226362579026799,0.006887681293964496,0.010668757638873283,0.010350759363647079,0.000680955736054544,0.007496490892653927,0.01141374655217737,0.0,0.007406197042792238,0.0,0.02211462723157193,0.0,0.0145803878823915,0.009867081281469774,0.014877062075031477,0.0,0.0,0.0016720595505532497,0.0,0.0,0.009906834896973781,0.024987012490776738,0.0,0.0,0.021747999167517955,0.0,0.0126434673635595
80000015,0.022780749313620494,0.009657692256242849,0.025190945434043217,0.02519622990714307,0.009121693282602008,0.039040681700666546,0.022353139465300088,0.03596198576699258,0.018992130814769463,0.011436636803565827,0.020662815156636927,0.022656804138012302,0.009684052196810863,0.0,0.01395253913697492,0.023005396017893694,0.006952006036645565,0.036212985585419466,0.019214104533268685,0.02702999984852035,0.02578475650386487,0.007569915090259155,0.02011184319867657,0.023060284351756624,0.03437005682768577,0.026228559627922934,0.029832596015868316,0.0261784201288184,0.02004935229492965,0.00595656620949017,0.0,0.015585078657008858,0.0006367038910217751,0.015772513512411376,0.017478517675772343,0.008850031766508013,0.0041704499637043695,0.007015645903943681,0.008918055992775354,0.027389555144925744,0.009701919386998954,0.014151011815921637,0.00478800471007762,0.019926710649282513,0.0,0.0,0.011934148218045277,0.008964605805226398,0.019692833072857675,0.003862378414546278,0.0,0.002088117996160979,0.009007659454755795,0.0038053491501394026,0.0,0.004289846148018635,0.011817202281036934,0.0
80000016,0.0014181437455784713,0.022990901455034653,0.02027879999279073,0.02376607072723652,0.019589071135476394,0.018708878080864192,0.02502498785907961,0.022956639846301738,0.02105161091408754,0.02161142412645772,0.03800505385204813,0.03779567738111802,0.0076327209117511615,0.026196467446691164,0.024104161972762047,0.023904414381202298,0.020777570628890536,0.025178901790166387,0.0,0.029659635878436168,0.034181320926959975,0.006403895198105253,0.007873662919888176,0.020306582354297397,0.027753235177101748,0.01215449630680441,0.014854960153384224,0.03336613627875951,0.02712190047411981,0.010000767046081724,0.0,0.014753849272001003,0.014949553662271294,0.0007808343916352438,0.015959823549624188,0.007418819130895806,0.0,0.003289602425712349,0.002233650288867833,0.0021795323528648043,0.023281832015348145,0.015137204440727891,0.0,0.003555588027201906,0.019437817651432564,0.0034205717083523796,0.0,0.004149835476032292,0.018581522944234465,0.018070048781875375,0.0,0.016449633874462778,0.013501688396017744,0.013918952134148581,0.03469580092459808,0.00029800997624702215,0.0005435920532847637,0.0076611565116214315
80000017,0.016969335835906235,0.003084645314059467,0.012489788085892824,0.012407676987412809,0.019974034610652038,0.014018560218942003,0.013323100341183886,0.018786765580341768,0.026660273877112547,0.020394764001702387,0.020087509425299733,0.02539233229561631,0.0,0.01075560238144775,0.010271196652298833,0.023560383075665266,0.01279406455385177,0.03972354091479006,0.027882972513458327,0.02728784080014144,0.030361051450161578,0.03007213059600846,0.0,0.01190850800080152,0.02525531879872595,0.03142377499720406,0.012650203770140775,0.023013578247928674,0.024924314139066938,0.00950483474960243,0.008406964691522457,0.0,0.0,0.022828700002229734,0.010307080729173431,0.004445791122600819,0.015006923835069304,0.004329234370337932,0.011161662598763774,0.023492855593511174,0.019071758914838623,0.0,0.02343757344119373,0.004495756147445733,0.0075686440002207265,0.0025136654152563237,0.0,0.017163066750848624,0.0027388322611117876,0.00513326475066504,0.008671969238312557,0.0163670921811717,0.0,0.0054523373640155155,0.036149261860891985,0.010670087912137943,0.00785227448504099,0.02733361909127155
80000018,0.022233931253568585,0.019457838533349023,0.01935747544486538,0.02126564907592424,0.019546923016275135,0.0309202291105271,0.0013896181825116143,0.03594479014432367,0.03888540686130351,0.028620588679987645,0.021527598608670394,0.025880781918018226,0.02934195350984946,0.010015857755913082,0.04154074765139988,0.010953455164867636,0.017869521862871492,0.015153725840955376,0.016647078596966423,0.021784897414327792,0.0,0.007755588815738869,0.019679524210936494,0.004338308316065498,0.022462229975386876,0.02292293003952929,0.030106601793844306,0.039882532004514505,0.014884364190604998,0.01734350211661888,0.0,0.0,0.0,0.023881256956797943,0.013551664884078224,0.006769134045400247,0.011721984885903324,0.007807155950063944,0.011313733127527783,0.012289730818683476,0.017801355900540394,0.01151506958382158,0.0026554074478882033,0.006722092885336678,0.0,0.008469323287411979,0.0,0.0003948266201507947,0.012501797453123898,0.011418022005911212,0.009584207860818109,0.00605028836532069,0.004059171891451831,0.0,0.00827349193817142,0.0,0.010201643593074239,0.004507791143080588
80000019,0.014337417464261277,0.012987381868526604,0.0,0.0009642687432040816,0.0057312406711426955,0.012089578495830328,0.008551162296480114,0.008363383283139634,0.0030016461881101977,0.004653277370623531,0.00815535998873853,0.024280187458113337,0.02003555060726188,0.004028975103322729,0.014639063542993937,0.02302201289951037,0.0030642488619533697,0.0030728377518121235,0.006287426518500613,0.00027549234993778785,0.014423656343828,0.02226096703587373,0.027247651330280075,0.01293825788865287,0.012438471359850406,0.004207575473162821,0.020681488707322043,0.012017204145281962,0.018303254241278804,0.012946606920692286,0.016398394013419873,0.024067663564098046,0.011635058447744952,0.017625934181654822,0.035387587461165965,0.015180006392466692,0.023415516459266268,0.013385275118031024,0.03454098129321616,0.008510383677755492,0.0,0.017896867940964938,0.0013845485718866936,0.023148595196944663,0.015214499355552503,0.03470052077435311,0.022432982782806896,0.0,0.023307465399883837,0.0,0.02876327264002287,0.01669802309674272,0.039898744838363996,0.03430125278450611,0.01444862560076925,0.025488163699143532,0.020960496187160046,0.031438794579490476
80000020,0.0010256019491005634,0.0,0.014412215284103183,0.0,0.009213541915549196,0.009514476910878339,0.012226250061347943,0.0,0.015704705942076628,0.010128911247594198,0.0,0.025326201043233354,0.0073709681177045235,0.015719288286024896,0.016708754436354726,0.017712264672798857,0.025171366137889218,0.0041894825658430335,0.018296653952753008,0.009403207547709434,0.011833811248148038,0.0,0.013810267778272028,0.004603253122761129,0.0,0.007617997003118062,0.012764565618906985,0.0025673751603551283,0.011544089583784113,0.0082348464009658,0.003053594850380199,0.013225074197165919,0.0,0.026922929316954714,0.03609570577181479,0.02694650040976393,0.028645794963410545,0.02951698397756205,0.009667300224303692,0.012820765587297644,0.021901751527360937,0.024129732538098185,0.04315487721027667,0.0216429404881352,0.017273670935849243,0.022879477925353286,0.01620314087758707,0.010901367437651513,0.008897861212022455,0.03697638179502702,0.0176831682581299,0.019361999478480853,0.013864553165957935,0.017330542563661264,0.02252367448817187,0.007542134366219979,0.017902204389666894,0.021146314694077697
80000021,0.015141485810461765,0.010017675752417758,0.018371059331092055,0.026178998237907907,0.02091207874403178,0.021755740491084224,0.017094453130424597,0.0036565267867524984,0.03124611020027719,0.01601295521742747,0.01151235482875315,0.04795362301188851,0.028326306230884824,0.008346535085954223,0.03247833572885506,0.038412596316842705,0.023721354830460024,0.028553137284658664,0.019238689865103624,0.004454210175491361,0.029074140648733638,0.020512886911378547,0.02164161372711757,0.018945991721913767,0.032013052740709064,0.026399208561102665,0.011133137289563779,0.02554227910935912,0.03032787510247952,0.005932656971766722,0.0,0.010877633259300213,0.00727629225309007,0.0055095551557273505,0.007633331497844048,0.025623648186810878,0.0,0.016691263265163504,0.0,0.00510152536687086,0.014864340194835863,0.008800144583638448,0.0,0.008262549718044649,0.006091261189385399,0.0065451227040653715,0.010599391231649866,0.013922597909639615,0.0,0.0,0.0013949127190721058,0.01855294056906506,0.011483928680413478,0.009916588659755787,0.016906142917785836,0.010611638370720362,0.0,0.009805049110020947
80000022,0.016563780034348004,0.0,0.003817756629659278,0.0,0.022731871411859624,0.0034880433821668365,0.0,0.0053484873979125274,0.0,0.020491763344002187,0.008506865282077732,0.009944725751810407,0.022522509100197544,0.013667251827663728,0.0005965373659763164,0.0,0.016293090537103497,0.002845011551741668,0.0,0.012535932820007372,0.0,0.011354709832062942,0.0224774644511787,0.009586635932969378,0.001264511439768288,0.008930042309451791,0.0,0.019953604703398003,0.0,0.0055621822477749435,0.02285363367558373,0.03699081991296852,0.02615158171548597,0.012733875702069752,0.008336756486443938,0.04991706791736345,0.020387135805379458,0.02155441796984802,0.02149819942483751,0.025516339981303666,0.011774813162165729,0.008243390541468236,0.03624625073164351,0.008103425029390073,0.02473540171177891,0.013226726036895292,0.035538656626144464,0.023623427392796357,0.02160326484532401,0.022038690203353983,0.03930130615511032,0.040639840846967916,0.031370868331601895,0.0016990113745167115,0.003200141408635627,0.015807380383504814,0.0026763244014851905,0.03380527986507288
80000023,0.015337713811520647,0.033236976516940575,0.00886517463393182,0.024430360154287248,0.021197033879200845,0.027549417320871728,0.016772560665320135,0.02138395039492103,0.015231639446985261,0.0,0.03175731633487867,0.009166111195919091,0.011205443267508814,0.0248911371989317,0.011924039721835818,0.01578794343557994,0.023745175578411347,0.018684239155487885,0.012791959637413605,0.01711471351500354,0.01664786518337293,0.018161839313886992,0.026048348684987777,0.026943054433528547,0.01332768749172614,0.03071760819080496,0.02795602893602995,0.02399488543422869,0.00737531973212418,0.00960172857873564,0.005087878898846824,0.004239259026404197,0.0,0.020599347255273823,0.0,0.020142438139182362,0.008360607491967372,0.0034559595325701574,0.02453836754821297,0.018349076612356383,0.017541613543272185,0.0,0.006846718728841697,0.0,0.021538855304852812,0.011482352818443925,0.012111544604782885,0.0,0.013042563820236231,0.02069375187831835,0.00824341363536828,0.004282451447692224,0.011688896943556789,0.03367074879554509,0.03490960501217611,0.025290845401230413,0.0011315299473980567,0.0
80000024,0.0,0.00027047896487730804,0.013364344528283148,0.008732216542029731,0.0059017391366059,0.022446308911671112,0.013635279508004085,0.01755461528705641,0.009532407986253601,0.01934348929906936,0.009874689220749624,0.02096713156647633,0.016427913485621243,0.005349623402797043,0.0018319432198122946,0.009610047227320458,0.007511814077371723,0.027599263182642834,0.019216287980413256,0.0046828915079546035,0.0068863312768718404,0.029315968442169785,0.021202867746993398,0.023411156763481118,0.023586472210781625,0.012963721243283387,0.0164019822617977,0.0,0.0,0.009361793783773106,0.0,0.00232097533864372,0.001148473455442607,0.0016991627393274549,0.006114269892508396,0.0,0.060985317742847836,0.012748967559827138,0.010426733966022015,0.02743917975555692,0.036689828477126346,0.01234231712777477,0.02010500029715296,0.01558880298129168,0.012365848793049404,0.013014127345358383,0.016764367385999887,0.02339301891614056,0.0037461818157598263,0.011967420522686229,0.013168700622172565,0.01730100345232826,0.0,0.05026006393399622,0.0,0.0026770090995945506,0.02806419841067832,0.007134006619569137
80000025,0.005658195728954059,0.014121845935000803,0.009835954563505295,0.03687122214387631,0.027878358175899526,0.019032218141349585,0.03832475364437203,0.023735605775620366,0.029182554408834313,0.010276701695588471,0.02579972686830477,0.01503300948178773,0.017290610519883585,0.018013152527831672,0.04181354128218092,0.009276524262791526,0.0,0.03425110158562226,0.003927434318789299,0.011544916252432058,0.0015734896504765916,0.03188677608988732,0.0,0.0072891660570357526,0.020915899203322666,0.015509645686554722,0.004840175067971036,0.010167916268864844,0.02227538670793612,0.0021960899702084032,0.010613709416021423,0.0,0.016884303235788115,0.01375932401158583,0.007165574476372344,0.010072764667115508,0.0024297402537270555,0.004809674481236146,0.023356539111672795,0.013786588926475244,0.0003001350015429325,0.023484684631043005,0.03164405938505749,0.01731989948346023,0.008986445227424486,0.0023208535810165846,0.014064884844998763,0.003666756466430364,0.02409926868494105,0.0,0.0,0.0012196969658650647,0.003251426055756096,0.020824243970499298,0.0,0.006388162336547815,0.0205816185131527,0.016509281615570283
80000026,0.013657388578501517,0.0,0.0,0.0018552601585968902,0.0,0.005461080825531908,0.020657119975200425,0.02193162031809726,0.009728964628084575,0.017078394010343428,0.0,0.002934680129424387,0.017320021250997488,0.013891430118969726,0.0,0.0016134102713141081,0.008153729259307024,0.0,0.006014160665196225,0.02316886802833927,0.017781239331784812,0.007233872951820346,0.01427410562853488,0.007421807025532527,0.010550722359775616,0.003239963627056293,0.0,0.0,0.007684554989211217,0.02090737307343061,0.03432792896907559,0.035410632516199844,0.03582570467476863,0.020641032407551378,0.0,0.0,0.014637145170513333,0.02791718994882642,0.024495921242400333,0.002854967486513067,0.00796880157067857,0.0203562010509932,0.02863956038983391,0.03301803139273899,0.030819007538528707,0.04415901307277761,0.007397417992931787,0.019936669280384317,0.015415506545929356,0.015662393034528137,0.022051189106991404,0.023255988395950097,0.02795273307716194,0.030146865606374373,0.009257125621514341,0.027569251292111813,0.013435885711286363,0.0254473959037968
80000027,0.013039819639221323,0.015810274988026708,0.020750102012515835,0.0017216780894363179,0.004635776882617304,0.01368595861625374,0.03019573375090214,0.02719686473971933,0.030744053717063187,0.015495725126804088,0.03026245325547019,0.019842544434725745,0.013038709376814958,0.017645862616077236,0.00041190438357729264,0.013739565999312644,0.01959225616184254,0.02106583497007683,0.017688333740334853,0.0,0.039162824261024014,0.014572064096666023,0.036076732680432225,0.024797441459105046,0.02622296424839763,0.036613286554988425,0.02681662147821452,0.0011155891841169632,0.024986549931282655,0.0022663145757071154,0.0,0.014112552004593635,0.022895656605642647,0.013841275806941406,0.018099997758117475,0.011912389371963332,0.010162195946314475,0.01229470821591384,0.016530542724709184,0.0073995599965763605,0.007788936150061865,0.005399272417884859,0.013586357356501771,0.007442869110963623,0.004925255588686108,0.003720123203371257,0.01185913482155067,0.0013053904808723784,0.006258152632885526,0.008290361219577871,0.01244907271188204,0.016260106447078076,0.0,0.000714107814808956,0.019334357623767208,0.001527191498743191,0.03927815095829499,0.006096887920761239
80000028,0.013134679830742756,0.0,0.005319871949245701,0.014163031727434163,0.019041261285117458,0.007113874546864324,0.024042492095194157,0.0,0.0,0.012542566793816164,0.018900316300332332,0.023521993632704,0.015203827468791904,0.008452346200237394,0.006160397106069043,0.004008540298358037,0.0028543502714299986,0.007195866197411104,0.013217890097564876,0.0,0.0,0.0,0.0019931380553593328,0.016731767478118272,0.0016978434240305224,0.011478909726234766,0.0004753649715754273,0.005034787781831726,0.022192217285706656,0.021338045384524516,0.016275757023350334,0.0,0.011083276840064417,0.020227951799713855,0.02054156531052193,0.03832219350897559,0.010966096441995265,0.030373409108634973,0.01472936142457013,0.016198246795955135,0.009429549488900252,0.05881362279372071,0.012901384975032366,0.014806673574525465,0.01195362780535697,0.04977240651309529,0.018179044587947443,0.02008595424918768,0.0061666946737197765,0.02132857356908566,0.021800292484819645,0.028844424205885486,0.002983613890668876,0.027839148427798038,0.034651494973233124,0.014178211840584494,0.02387500829261882,0.02522683548558887
80000029,0.004458539507534154,0.013382458053793544,0.014393962056431397,0.012419153502264179,0.0024188367321900154,0.014721271135985254,0.021159066332803116,0.003912214353882112,0.013900631110695833,0.019786226316897748,0.0408035180753938,0.017116486874214652,0.019431937168757497,0.02642563278924446,0.02513551734095049,0.0,0.014426854282604767,0.036756466091840884,0.02002389122448938,0.014091292298973572,0.013028251671042615,0.010171645176790737,0.015663501606013226,0.03202853791371436,0.017481331494088828,0.01078955343297411,0.018751729062152653,0.03849941113610677,0.012632792067404279,0.02218513037633285,0.016116756563469357,0.009148158556163443,0.00968648757974964,0.00834256824866114,0.00876520871268603,0.012763154364044927,0.03617641549182867,0.006129914036949689,0.0,0.012839009129276723,0.016881729740193377,0.0019361462567500955,0.01283021778540845,0.0,0.0,0.03350038974216689,0.007039105616515051,0.02901853331358683,0.0,0.01440108035153148,0.012045892403081761,0.00048182953511783814,0.007017491661199772,0.0031849740500880025,0.0,0.007620671803535801,0.016097925312648035,0.011817619209508213
80000030,0.001824849023877888,0.0038808663955397426,0.026684658102557563,0.004805260333512916,0.004850044408181521,0.0,0.026041418336625315,0.021510253445406684,0.0,0.008527354716916907,0.0,0.0,0.009899908408151609,0.000915642238226511,0.0013359564084513772,0.0,0.0017530867951740818,0.010491846661962088,0.0,0.010109458245064283,0.012412297780644963,0.009052849608266389,0.009324030198648463,0.014432777149811199,0.0031357353977459427,0.013326275346214818,0.007541193190835917,0.0,0.0,0.029369359178700368,0.020346477002359784,0.0019260224957266309,0.03021940728666993,0.021546050608750034,0.04273177716357446,0.016683980315624007,0.03196948956872453,0.05819459828060723,0.020632026590204036,0.005219998925571823,0.033588898210827174,0.011459029398426177,0.016432763069625843,0.0302614304133599,0.021069995459931285,0.021694311631209284,0.0096318309490062,0.0072949400449720345,0.04655842296082136,0.035565876017240074,0.004532335606179517,0.026133482869767185,0.03142655141034583,0.0,0.005319941369172349,0.012621590043580929,0.011571049056322703,0.03867710778757215
80000031,0.013923165541413308,0.0413435191784516,0.02848837302240444,0.023528785426788334,0.0062270311513883,0.02650902204050092,0.018072489330833302,0.007676837616076274,0.01875561336841257,0.0,0.033768008807179214,0.0358029605791856,0.017973565506609904,0.029365379327418856,0.007104461106305628,0.030064525567597943,0.02817331768166798,0.027362382118088394,0.030464750503958478,0.03171631506756947,0.006645344445848854,0.033673752798489845,0.041129883792752536,0.011086830220321501,0.015928631223862802,0.019550726134628535,0.028049263058233756,0.02830920626924288,0.0065382825642343245,0.008869103044950753,0.005731812805279281,0.007472998514642088,0.01464288031039327,0.011724429045882775,0.0030092369445970627,0.012348544156036976,0.02605983514904045,0.002514890040170326,0.011852736971710139,0.003799533809040888,0.01394719035172278,0.0016705636292756948,0.005993573116423632,0.01678302487312361,0.00895479290816251,0.001986180826479525,0.008675232820564963,0.0,0.011829053865845771,0.0,0.013603790315892228,0.013222177203001765,0.010085175891592418,0.0019904679649233193,0.00851396395444509,0.009441976689642088,0.00547297294661419,0.00766903211256017
80000032,0.0,0.014096406369819993,0.004596640846427032,0.004279607672307504,0.007989783863480752,0.002930139516123504,0.0,0.004046095665648207,0.004744858498726018,0.0,0.016919328486497933,0.01686261481980884,0.01383879576781651,0.0,0.021560255122274927,0.0,0.008310969216817512,0.0,0.003999908938291595,0.03266868936305419,0.0064214375927570885,0.0,0.017381843850895733,0.011421910679154136,0.005089109383923334,0.011484260691367872,0.0,0.0023399627330508307,0.012682268219526935,0.03935317141230258,0.003935620895272445,0.0,0.022241002866343087,0.018524271244243544,0.010811063975696391,0.02260914561636297,0.014514285283216731,0.02006190100807655,0.03371704073879747,0.012359615541711695,0.021904144210377032,0.018631232775367025,0.023225870297901748,0.020067703577107885,0.03354603551608349,0.019812797976070808,0.02208469840307638,0.010580980248094335,0.02050515488356639,0.012960299828616217,0.03113243108412906,0.03474346061220087,0.04310020121038559,0.006265345020808976,0.009677103481082912,0.0,0.02486389843973695,0.022306639931763364
80000033,0.021692714216482823,0.01526280237265381,0.0,0.020559600920535572,0.027351780210088154,0.0,0.00040755490753886054,0.017551092890116606,0.0311555192272299,0.0,0.01529803637126778,0.00041296325473197024,0.0,0.020921965336315136,0.005208922116269084,0.02073431466056611,0.0018557789520078185,0.025235357973064403,0.0,0.0,0.02086706210055992,0.0066037977887749375,0.0,0.0021568854045125123,0.0,0.014139529220788741,0.0035403587522882074,0.0031459539549347905,0.011539682765438928,0.02575406821951851,0.013775969154185616,0.019051106676906328,0.01758717766441924,0.024248737001817577,0.023296447032013005,0.008543424875151875,0.02705763299786078,0.02164265556566116,0.011690331919646683,0.013792918932595549,0.020607308966970495,0.020387547351858572,0.02631238733906524,0.02084038610590061,0.034282057053581796,0.03825288040114711,0.01369209252974547,0.025494782743089528,0.030769645011535552,0.0012118372736475622,0.03868959032071264,0.01664860466416538,0.0214881457698362,0.01856761646987055,0.010647323348585277,0.02202725767638776,0.03364128988299954,0.024710487951615616
80000034,0.011372116620015416,0.037448549184447844,0.0024934081331887473,0.0,0.005718532483048675,0.012867789304051462,0.015114649496415807,0.0,0.006864522057954797,0.0,0.036965391816880945,0.006581454298733722,0.005061032947941459,0.0,0.005781881296418195,0.03467144369247959,0.006509945913929506,0.014971931405338892,0.0,0.02583565188321479,0.02410893174972475,0.024821067483871202,0.0217100230976728,0.017119584856042657,0.0011742172052777136,0.0,0.0,0.015910652406471236,0.0,0.04350990518072373,0.03811818672904325,0.0,0.0034325726595389127,0.0,0.00926435365808285,0.02715901603298099,0.035635547543415746,0.01018742754486933,0.010653362950412132,0.009310824745191088,0.015601688120337067,0.03916968139052172,0.024912030346867925,0.022279051143016076,0.02672807934764864,0.016577619659224597,0.019517399028821682,0.02642618521629831,0.023152035262605137,0.017169373166801394,0.003823871083100746,0.010745691781705658,0.008471785943483296,0.017278858343978062,0.02389499805994142,0.02013290805241896,0.010964510028770236,0.0
80000035,0.006659634232474665,0.0015425699706899222,0.018615208385141975,0.009788990276155205,0.0016110348394043248,0.017196304150543927,0.019746380406791737,0.014801305077439082,0.003863732503577326,0.019807471740474314,0.010420769149756369,0.0011367489257984912,0.011530684994758752,0.009014438804502513,0.0,0.0,0.006350250667772858,0.000687135089319105,0.0058854079567393055,0.00750009907845647,0.011784286673512025,0.0,0.0,0.007115434074546051,0.03317493414937948,0.015603747508154454,0.008743413875055256,1.7904791493082016e-05,0.0,0.02019865303237255,0.02928300899399593,0.004573049115811682,0.03563643995734789,0.03421915851293243,0.005923275057567152,0.029386612032819642,0.012158284147711992,0.043331488147551944,0.01803240141507684,0.03025054484228609,0.011149708266898668,0.032529197063832165,0.037525914788900536,0.013055527808615153,0.02349160644338184,0.017750636975947837,0.034926898978184254,0.01718635601730061,0.016224087298238456,0.021686552251258963,0.02193113533617953,0.013510026241383692,0.017778409591522583,0.02592031163429384,0.015444772791049683,0.008652607281324115,0.01888963169974812,0.009106919861443796
80000036,0.0020492777853822093,0.0,0.024844476986316817,0.022477747670602094,0.0,0.005887519678663347,0.0,0.0,0.0,0.0065117208509476495,0.01981995486918097,0.005935111002146324,0.014324735308309067,0.008065053973489443,0.016580684882493344,0.0041444242421086255,0.0,0.004716391074837385,0.0,0.02206620825377361,0.008983685106330824,0.0030624098896339888,0.009444628880065298,0.011888547935129633,0.01101814270873903,0.011565735966584393,0.0,0.01330636647783945,0.0034786587505009903,0.02960864838958939,0.022086581601348635,0.034930937111005304,0.02145520491660411,0.0272343353509092,0.013546238246008192,0.012668404643926053,0.009799427209902553,0.012116117043644695,0.0354880776970266,0.019300946955348078,0.014021545947120347,0.017238157611294207,0.017569040530041997,0.02406168526299885,0.00730284280052343,0.026220688942719027,0.02291088698320118,0.020423292173406923,0.029965538764365262,0.035062321489376595,0.025072923095296795,0.025829968698631467,0.04874769700399233,0.0,0.01831562626497447,0.017430270847338416,0.02352461974139846,0.020013428599486745
80000037,0.03092750043268671,0.01789930294909877,0.028038518610215165,0.02716456452523951,0.004170176025433591,0.01727955657973901,0.01536127935817049,0.011562268697428942,0.02303923092924187,0.026935275339771417,0.0034742731039744596,0.0227762736319241,0.02159237271551434,0.008112937237053558,0.012571128740273248,0.022837523036214304,0.021519717982256364,0.04073212942341798,0.021555254474265904,0.01270107467902323,0.01292442383071866,0.026437224731913508,0.03031957214211942,0.010989330951692487,0.006589052787994186,0.03065611845768606,0.032611298387646065,0.017992657153470714,0.019719437420718567,0.01487219279542053,0.013160753649897354,0.013023400740311867,0.00502447578058022,0.02126611031097521,0.005283978602163308,0.0,0.00541389080560139,0.008652982059173978,0.0113185776026107,0.010480046990575498,0.0,0.002549254687237091,0.02604490213113927,0.020969708872210436,0.009577543955433738,0.0,0.022647520926130586,0.00364109085691906,0.010609101558990877,0.0114642649861522,0.015144007411819854,0.017747580280644288,0.009767490784028218,0.00841011804769416,0.0,0.0029582378466810237,0.012370778952782638,0.0037984378058227085
80000038,0.007364489415809964,0.038429344187863125,0.03356444168592703,0.017024154576027108,0.02468221206588209,0.007665970071981478,0.005435109748565584,0.034402186987912864,0.03248342911594288,0.03394420912095545,0.03776360085200845,0.022440035390296088,0.013354567761714438,0.0,0.013382826612259825,0.02535390437427319,0.030066865458258242,0.019938495139741226,0.014632241617319759,0.010462559024250459,0.006035307398625039,0.0,0.025475172764670692,0.0,0.01399754266453932,0.009046213116663367,0.0012676849061822079,0.011728030202495186,0.01687134822541668,0.018648955490657693,0.008918722621859032,0.0015090065390195276,0.019513062007423976,0.0,0.003408433510452977,0.007389840813590723,0.030667245778326673,0.012602565724487768,0.0,0.0017613153926406644,0.020143146551011102,0.011761739343013068,0.005734957861098433,0.019109053127895077,0.013547346780752105,0.002397763611795828,0.002444807614102345,0.018509156523588966,0.009433635168003947,0.018209895601969023,0.027413227357872008,0.0,0.007295005255671114,0.006381434421982465,0.01161864280260298,0.00032800563445050724,0.016770465647417243,0.014865404198044666
80000039,0.01985386835558336,0.02790466749478168,0.02273303496734492,0.0277985732716371,0.021107717795431396,0.03838946189130001,0.0347387843911888,0.02168559089634884,0.020215780016326537,0.02346697702194325,0.010029472500047239,0.015202894559209063,0.042667720561491006,0.019353248445208974,0.0023972974915201415,0.022213497661865433,0.02680242163582262,0.019538829011952277,0.008869025273331459,0.01330988788203798,0.03537217346012802,0.018092771149267273,0.02539083776797496,0.027248064441199604,0.02826577679813336,0.02264439698391918,0.023906068255345157,0.031098178543984223,0.010952615050909515,0.0,0.006304476667328117,0.008055124533085437,0.015156030083589261,0.00218130114187257,0.0,0.009423572425209931,0.008183808179763441,0.004466457424059247,0.0,0.0,0.00895096466904323,0.00739576193226974,0.012187745599736307,0.0027099962321966192,0.010708509207460954,0.006348900229059718,0.010728188210507394,0.010042829955455902,0.012817701702481546,0.005175926666333655,0.01579282571966946,0.0,0.020563403181169726,0.004376328659616512,0.0,0.00011835669520011989,0.006512528075940174,0.013324583123048841
80000040,0.0034792415851510276,0.007003636520903261,0.0,0.011676713836656824,0.003491483577059345,0.0243333924465755,0.0,0.014643879531583168,0.02079538232906285,0.010532773785163893,0.0023790366734623325,0.007744668992282363,0.0,0.03288013214946761,0.01299907915198554,0.011286654305942213,0.0004627012758532736,0.061100089922381445,0.024730124645014676,0.025420251355079863,0.021955582391932578,0.02397075353471604,0.008514441823523417,0.024580884435616256,0.005896480052762316,0.0,0.0,0.00025615519612302016,0.004472645284303979,0.018699690701025944,0.009043958721358084,0.017037276989627096,0.005216987378732698,0.0,0.0,0.008410052090038448,0.009373509719226245,0.0,0.006517636883617955,0.08309813585704386,0.011698848053880644,0.012336255517080013,0.00871627625006948,0.0,0.031140731858961778,0.008122861109335048,0.04339736862570512,0.01993490335677792,0.009571128252640839,0.022754834817485324,0.0004238617058008436,0.0007435290934048769,0.005056688015738741,0.020701083784865064,0.005287628942275702,0.02376483189023492,0.0,0.00663247557097289
80000041,0.0,0.0062054770651043065,0.015254657497011747,0.0022199348913042073,0.0012446399448597112,0.008328011091825419,0.012414079100924054,0.025230422833628287,0.015375290932349253,0.003075838990731937,0.002045790972852666,0.02108510489549931,0.010535216162066893,0.0,0.0,0.0,0.0157007993772025,0.0024518268969663855,0.012352434121112098,0.02411972575705388,0.027499493503506608,0.0,0.0,0.01780159183740448,0.011034480232101684,0.006571381651073845,0.022616423084152196,0.006395073138942258,0.009934586946792114,0.005836964886675949,0.00690492666821666,0.017985753259450607,0.019155417388294876,0.01873841459101365,0.031139164854302345,0.013211242146196251,0.04622509527947894,0.01310097255074564,0.043805628608536984,0.005025549240270365,0.05291932761016979,0.020295349824984227,0.00848049589091632,0.039027515551998126,0.03107878078896533,0.02786707266548643,0.023111339321314792,0.004253366624456651,0.030414311095380626,0.008988079194390527,0.016965433891904226,0.010137446279035588,0.028556937313950877,0.021623333312889216,0.02779678677912643,0.014297436236710483,0.001711988031213624,0.0
80000042,0.009335707529012525,0.0,0.013486657725360245,0.004624563227328951,0.011623402932646692,0.023553711734024298,0.0,0.014487012261133766,0.011120781227394143,0.0,0.0,0.007979920232047726,0.021191954581695836,0.021022132931321512,0.0192379614911897,0.0058903059147320455,0.014929986044749505,0.0032178183339453014,0.011406025428730895,0.0011795029532095558,0.009145712017740065,0.02086201840386358,0.008982809624248298,0.025142650581343334,0.0,0.02034269088042377,0.0,0.012850335119504844,0.0020187163107965316,0.03357203441868363,0.02493072232942259,0.005746431399520884,0.018140254950318634,0.0019711550565677865,0.02628306084114302,0.02464882284069768,0.0020270158203433003,0.04235335247254996,0.023722981418719966,0.02389444907197422,0.02928158218214468,0.01583027604787403,0.015661680554185587,0.02527954318315771,0.01741034892307631,0.023058938931877413,0.03343770373062741,0.010010389290598217,0.016638039716420753,0.02831933810635176,0.019363744287874532,0.006511036457686234,0.016432523211734006,0.025233924947109826,0.009348383460495978,0.016878856965444954,0.021519263322554227,0.019658927342097034
80000043,0.02411730278129475,0.010656763868555257,0.007146854258476353,0.0048046848182939925,0.0,0.013375692187357275,0.009485338661225536,0.021915364272885596,0.013062344688520584,0.014247521469344666,0.006590317174774137,0.01573100789220359,0.011501583348106335,0.01908307986952319,0.019290904141795056,0.0,0.01779530157105606,0.011188097916366735,0.0023235952275681387,0.003467131233128207,0.0188302717337322,0.0073109486190070065,0.005860522705411264,0.01843760981784947,0.003741620230126377,0.027404424671172246,0.0,0.017943825675652416,0.013174252587264372,0.014563406206596166,0.01885860707538845,0.016233059414235314,0.020993892236425487,0.02534990646679228,0.004022198740032771,0.012099304177344988,0.021579994194295883,0.03128281378799047,0.02902816049983766,0.016038776757224732,0.009471804060651887,0.025399654044968144,0.021791404512193416,0.027399728520089785,0.02060174727159349,0.011729662099866731,0.020514314377163962,0.010601378544899199,0.007419522255850558,0.024793092832351368,0.016104643744082943,0.0035246932696516194,0.0418819700867123,0.023463161502852076,0.014282116846797525,0.023495093625365535,0.009697322228251449,0.007665934686769826
80000044,0.015913369549259017,0.003312374164497794,0.011708869906708698,0.01587172817116888,0.0,0.0,0.004941758090907692,0.021084754603671634,0.017707914646406288,0.006332791086803993,0.017907366992774662,0.006874648311202039,0.018357631393387402,0.006103923235172732,0.010251121408303953,0.0,0.01354453301620057,0.0,0.013426718861126489,0.010845428508654923,0.00018208952750634055,0.007111089522568174,0.011145151559849556,0.012529560209122577,0.0075079907979904974,0.017382596922747743,0.004461423230563993,0.009237531660243202,0.022348672088513554,0.01999436191458724,0.0015797697057063874,0.01228908117972832,0.03125867560095541,0.028785110444908422,0.02776560611493163,0.018231807786006304,0.009295863675302486,0.019445158749163884,0.009944282936791362,0.02138626558222414,0.03479094280183296,0.014572207251059656,0.023487673226887783,0.014105235412058444,0.027125244610172697,0.030845398751141017,0.016996491874096346,0.042133348845061376,0.004515890769775041,0.029744381791388552,0.015287244336219294,0.018179962977858358,0.009230403358130442,0.02353179663876669,0.011833921500477379,0.035396835949275014,0.026618627571259636,0.015052432104074583
80000045,0.010862338724731201,0.005282569814571998,0.014129321721192044,0.0,0.0029504842316473547,0.00896661803896386,0.006697020217761136,0.0051215565231244545,0.03301060297056576,0.00312073384242213,0.0136347279688803,0.008559221957593606,0.030042696125766113,0.01869601557614564,0.020544209726363158,0.012619407421670267,0.015190116400423377,0.009659150194783514,0.014023405877449253,0.02517663213772809,0.009792079931787906,0.016394202342640184,0.0,0.015670027125683245,0.007628197427191165,0.012385432020399451,0.016963580237597094,0.019497547912406155,0.008561194569876147,0.019236841934527345,0.020284870945268912,0.007319804210979459,0.016404791822667394,0.030912726819717122,0.028761149625430586,0.024158299312126565,0.01842586505007897,0.03506744983815789,0.0030174215380632304,0.014780213224457633,0.029884363926387564,0.011684291397991707,0.027599583055409146,0.029687787012669692,0.01057367222054127,0.03862119018655565,0.013004276490876984,0.02023908288192846,0.007552097114898426,0.014592569296258833,0.021822187170004774,0.03635632389487925,0.01941220803888494,0.01691225040050765,0.0094060071757077,0.017516834758287643,0.013911332359770085,0.020267741096983122
80000046,0.0,0.0,0.010191161443709615,0.008723814268845189,0.007380602528247583,0.006581423634453679,0.010411250361047387,0.005100838823714451,0.0,0.030730295850482977,0.021067265048061876,0.015695141953759775,0.008999212086595806,0.020301661141719416,0.0036636849988727835,0.0015291478870454527,0.004811560034099966,0.0,0.011689623253206086,0.00650682709120039,0.0,0.009829178752359917,0.0017029007208682163,0.0,0.004672640019226066,0.0,0.015554419908740928,0.00430998617685811,0.004872952107146911,0.02724930612197382,0.02066104923271716,0.03696746738012003,0.006860944330758996,0.053836295406472515,0.020985636135026242,0.008725646225661535,0.037112971591147466,0.0024607497452958592,0.016742773057376845,0.012312387827800766,0.03337305059158873,0.011552176663981532,0.01688159421534751,0.025895162929736135,0.03950303661681571,0.028606144267530147,0.01918734742316646,0.04184647478241979,0.037799206724307775,0.024879570653060255,0.013617097126422808,0.0040975817359984925,0.0356453772674556,0.02441605425947124,0.0172575774545462,0.02301596486724953,0.0008649733306593434,0.027223075044469466
80000047,0.006148712360982085,0.006200821867716802,0.001294365602470637,0.01655216894155267,0.0,0.003699660673719498,0.006966047952566617,0.028374943943940353,0.038093455629696536,0.006090899428303635,0.019437295180485183,0.0,0.006890342187764604,0.015633711068220146,0.03722488561539735,0.003080879560382032,0.014964929483242982,0.05284016190696525,0.0,0.0,0.010089323201706642,0.04269657512515656,0.01011458275032873,0.0,0.008768226956196373,0.016046242985670978,0.006999791947618387,0.003569246991611896,0.0,0.019521868468556573,0.008550670187051296,0.014897857675899078,0.04023527660665796,0.006892924693247485,0.004733820014353602,0.011555356536287831,0.0,0.0023872447198523996,0.0071091073819747564,0.02964612898946705,0.01027660845398246,0.0047431315325801695,0.012497338967453775,0.06375577528590605,0.003670243070093679,0.006125410732314231,0.010726924096124081,0.0,0.0,0.007315109704620503,0.020330714382119926,0.0,0.029766065628061934,0.04986722261922631,0.007871125138459714,0.0012942184058597657,0.011226104439439383,0.0001546275522876203
80000048,0.0,0.03377197332681687,0.010562666168618947,0.00866498127025568,0.034556577823497484,0.009919288429881877,0.022061977993534338,0.013163264370729127,0.018866743750609805,0.02694771901015941,0.03236464451932206,0.029284857781130887,0.023526507572494113,0.0202923220177015,0.032232645440180605,0.02129733622795685,0.02995564210049443,0.012057232773863696,0.014847719324505149,0.014254382689396381,0.011008193278140406,0.01685989720007632,0.04068283735421158,0.028710839222123512,0.030747444375060582,0.006543740678494948,0.03207518365072602,0.015868003639693283,0.0217208017924866,0.0,0.0019489605337825653,0.0009124582534166297,0.024909498365936374,0.013816366852504078,0.011606711061566459,0.013979726389063215,0.016502112104434176,0.0,0.0036962811438679953,0.010594743697141387,0.011815032247206371,0.009253992863321282,0.0,0.009404090898142438,0.0,0.0,0.0,0.03228464530704354,0.0,0.005160495694440533,0.016974339619845808,0.008695661671361612,0.004576658498655165,0.007091925527612542,0.019960184624781024,0.01450223739570033,0.015449530310581694,0.011692950925707865
80000049,0.00722131587674859,0.004461291176540737,0.003923729277225223,0.012611635266585638,0.018841291211559915,0.010488393477181621,0.008135620193356521,0.008293472972638175,0.009338368595199438,0.004963331573902536,0.0018604859020356428,0.0,0.011765308241607073,0.014712519694967287,0.011312846226896451,0.018546567716034947,0.028232995542907136,0.006495680676808226,0.014902303943825725,0.004991085720288442,0.025846043837445026,0.020223130915617765,0.0,0.024504833953985936,0.0057029583445479355,0.002024244320829373,0.0,0.019846790460765422,0.004828858258171838,0.013583886077301386,0.01200449205013413,0.01588488258715052,0.009595232152827678,0.023730228542740223,0.02409606755910803,0.03641213317553325,0.025036362996058274,0.01761873502661836,0.029874349450812018,0.004553395784804364,0.026756151144998644,0.04682183585528014,0.021581615725431116,0.025707632485853022,0.024762233442822513,0.022659142361465788,0.007908620608125371,0.020430388725671673,0.010910899822059878,0.03233047117162585,0.03876060689122872,0.014901584630475308,0.013163447271689437,0.008393263784971591,0.014376523303633225,0.019404118542633356,0.011666310189482651,0.028089318471647435
80000050,0.017019074458180905,0.005078144994068665,0.015743452364304585,0.026125266179590913,0.008904676839580232,0.0025813484394743387,0.004405028606491003,0.011478783584703623,0.01651842524659187,0.01088195069998226,0.006680232145185977,0.026621877914528223,0.0,0.015393881527759319,0.023715158219051652,0.008902192513565575,0.01514665459404571,0.0,0.0011493184587627382,0.023647588125843406,0.015046828409626008,0.0,0.0,0.02539274765421696,0.0039722119877619476,0.0,0.003043783795929871,0.01814172198293516,0.018187612409189383,0.01630483249539549,0.013938284966159106,0.030652505529172216,0.017888936831151732,0.020907396397745606,0.014066475237067774,0.022964959620409647,0.02597208083224595,0.029189978702316658,0.013945749649939186,0.020567312016901686,0.015977827137641055,0.029466529062014742,0.022542254545863605,0.040074079239485715,0.03657820544962998,0.003827494154865509,0.0024835278643253935,0.024073322097418852,0.005187508204761101,0.013902901327128259,0.014748712258573906,0.014899294348876949,0.020623162671342416,0.03558639452871993,0.007918263191692304,0.018141228350508805,0.011683829964683375,0.013548579521904991
80000051,0.012594127989562044,0.006711289061424228,0.011547345764267908,0.0,0.008457589794722982,0.03353837015328619,0.00762081267816408,0.026958898621077643,0.013317579878094605,0.002108059578429736,0.011384693556856335,0.013204392969706257,0.016048771371822892,0.0,0.020662615990245797,0.03946340117322193,0.010187557834230228,0.008901367925465949,0.04057497693196093,0.022659278706616343,0.011839066551870543,0.0,0.01171511794268478,0.028106811081245284,0.010236905270353302,0.0,0.0024388034637132855,0.039060542363961684,0.0026724435081736672,0.0,0.002553358239303474,0.0,0.00998371097525307,0.020317789544004476,0.02855935474970243,0.01593064657284295,0.003943956540673992,0.015080342330248098,0.013299918010809817,0.006669209223231617,0.023573438104759578,0.0023272649411715247,0.020802103712575317,0.030611798173936035,0.029205770745448965,0.00176442488072444,0.0025362713688829495,0.0,0.008879038852269606,0.012092227673132045,0.016024892478918605,0.023369753269559843,0.014528303378226403,0.020803514548179,0.017717846467461894,0.03425997663011007,0.014488623854149563,0.0
80000052,0.007663541521940434,0.005605608099890838,0.02807877766902039,0.014248607739898273,0.04226976335886342,0.008984228562284374,0.018466899157538512,0.0013502355208040776,0.026275116529551324,0.02851124201298098,0.024492466950853328,0.014648936204510729,0.005520418393064531,0.037376191117580164,0.0048549960266082446,0.009211540797662556,0.041774677090455854,0.02254462491674774,0.024719227735914704,0.00731915053557387,0.02748037553839177,0.017653380208288588,0.002087441274635373,0.0505514158841017,0.01718371246647582,0.02488197214782552,0.02510312669856377,0.01685570725460921,0.05025100832516132,0.011681284921158561,0.011773556354506118,0.0,0.015495834915585647,0.019765625814599702,0.0014553819751110975,0.0,0.0,0.0,0.006607462774123644,0.01388217606304713,0.016040094196575885,0.012285087282613807,0.0011418854514701235,0.01126212470132422,0.015883743623003585,0.003224449700690717,0.0,0.00427470720231069,0.009212654930816187,0.0035012509641194176,0.0,0.01646990021410321,0.030014156633906837,0.0,0.003886338749112215,0.024091022578281614,0.0007563729152029347,0.0
80000053,0.01353440254144069,0.0,0.022590180970598433,0.0,0.014495929813140582,0.012091995646012235,0.009860142579129906,0.0,0.012685842002876833,0.009168613181381782,0.008462538640101042,0.0029431361786053344,0.007915754114628984,0.0,0.0,0.007681800880010526,0.020524973929230823,0.0,0.019336265085009793,0.03374810620678592,0.01665759097211016,0.0022908087660963084,0.0018239487079817903,0.02049983938755677,0.006383631311738557,0.005364507460228834,0.024078510975023396,0.005909200938592787,0.0,0.007626287896292883,0.017356138132375628,0.009488086132620026,0.016993875735298373,0.005091025398987489,0.03387262882376962,0.036630509990937164,0.023389136552529617,0.01938339163217854,0.015769615253928237,0.041984091295918055,0.020624477721474643,0.020054056153489597,0.02784792416565243,0.016310318819870603,0.018057124717893887,0.03958492947860423,0.03426630258183449,0.020494960538036275,0.02685040697219354,0.017139970325206977,0.021052428886747618,0.018379758528303234,0.00831816620613736,0.015989210103772328,0.009271828147099407,0.018394748713780093,0.00671483077849952,0.04355108621827816
80000054,0.0029824017339342584,0.0,0.01677920439883695,0.003452710211079797,0.006926450007498632,0.01138219185409847,0.017230525349552096,0.0041740373693261125,0.011478690945370552,0.014995621023075872,0.010510714536104476,0.0,0.0027877810472986607,0.0017914173821649366,0.02897611932288731,0.00799795977427317,0.008942065095025282,0.01877225700179037,0.020802137572546606,0.0,0.012386194156745344,0.004909030104527393,0.0,0.017432450355444662,0.012732209336303415,0.007758622023779153,0.0,0.013740494782444974,0.009707866646024198,0.0030953367163964957,0.02432153702740054,0.03886016999991571,0.014686202589207747,0.030589603063415974,0.028612852583265982,0.030200707990233947,0.018666381051114556,0.01446138205241064,0.0018320011337455535,0.03006458077084875,0.020227624418512797,0.0024705477926900998,0.03075564176485756,0.012984729342202581,0.0323191938781782,0.029495079256032068,0.013878329636980673,0.04377276982922689,0.008652376546931084,0.018923421947558732,0.03222869318369204,0.016053867742224445,0.049088042739263656,0.037213917125568416,0.028413719122076065,0.010658144030564637,0.011270747721706723,0.014199841435766464
80000055,0.01194254771515707,0.0,0.014109216333612078,0.0032007513457989753,0.0,0.0,0.0,0.008380574600150148,0.0085108627070397,0.034182166838723355,0.011985476392962503,0.0,0.007505310395781867,0.001665059271483523,0.024117986383615113,0.0,0.0,0.0,0.008660598915541082,0.013031513989524096,0.0038734881068982477,0.007470596877879734,0.0,0.026303224929393066,0.0074819478052312125,0.002971809776159531,0.0,0.016296700980050382,0.0,0.03686740414217803,0.02498549918135483,0.04749356394986583,0.03989006605593621,0.030021703028166397,0.011466048186558206,0.02613231782737574,0.03309934563534723,0.0224464097114922,0.01807033209389018,0.021615957274339462,0.027870513013861165,0.022300340821883872,0.019357777196329563,0.01405375949118571,0.019283614951020028,0.016231235274932688,0.014462143711203409,0.015015239309636821,0.01776431065329643,0.036447007287962435,0.015316628435291815,0.010934606823472583,0.018789915814437615,0.023677339003378962,0.014326872559726665,0.026792710918952665,0.034584341749020454,0.04443107967103671
80000056,0.0,0.002519846568162818,0.0,0.005712471813348222,0.019816684344215883,0.0,0.0012270536572402228,0.000271879948096357,0.0,0.0,0.009459645520563456,0.0,0.007505308455664729,0.0009416761567807647,0.0029110835378217746,0.0,0.021936045405650795,0.0,0.0,0.0019187138758292425,0.0045247547052388645,0.004650122513711631,0.021509217975892763,0.01573750195138098,0.02491825191536857,0.00588961621260762,0.005402619179547156,0.002769100352864221,0.012405383027256857,0.023137556657066616,0.0,0.0001642701804033929,0.028920196462249474,0.03173275758501508,0.0305265228270837,0.013625766663082094,0.03978919327495529,0.023186655869252937,0.0012287110977104673,0.012163125775299646,0.0216940029657614,0.031530571787173445,0.03734287725313853,0.037436591988122034,0.022926407019532732,0.0056634024945205015,0.04037702886279448,0.0,0.022231199149737958,0.017019568580864473,0.008560972923660358,0.021981963859908304,0.018783304355142513,0.004179795090373641,0.031495568911746055,0.037407174025018655,0.013817424249824734,0.03961796539742489
80000057,0.023161657236243843,0.01907683638865971,0.022095625350456182,0.03404018341011579,0.03016511211408596,0.016051917728788716,0.020573857426895995,0.020345230957431404,0.02411141338214958,0.024811769372354308,0.04109697011608666,0.025182286764599493,0.03256209755347579,0.01922262909285977,0.02392769767555672,0.02224827964472356,0.028520222700448412,0.022209755487446792,0.023848268120485377,0.030542375408894967,0.014189248357029022,0.026524770763699933,0.019423223538756345,0.012423873026407546,0.008570220700169098,0.020036635050147814,0.015462811114443942,0.017247319370102626,0.016781854703232027,0.008546274726054414,0.0,0.0,0.019839827769553803,0.0020558584017279636,0.011395288766248108,0.0027060568901143343,0.011949202962060928,0.008912681637896862,0.006576953029783953,0.0,0.003761334289351948,0.0029290517270518773,0.007121453559834182,0.008275010493638494,0.007346998309355485,0.014725174842955052,0.024362127123062148,0.0008539393081631198,0.0,0.029135718257011604,0.0,0.0,0.014730085900907719,0.009949371143169005,0.02356070717438344,0.02569676048359954,0.0007500888233507518,0.01203661834900509
80000058,0.0,0.027228854517314972,0.00342066414313364,0.02861979368615593,0.011695278821109633,0.032733034504035,0.05757940883526156,0.0074842993410139695,0.008902690544268465,0.012115464584149875,0.018546814175925172,0.014121299830975218,0.016907862991971084,0.013402085155614715,0.0,0.013630686047248364,0.009429530311097441,0.0057374214115557855,0.02211744429079069,0.006579515456663277,0.014943149162482424,0.026767589987963337,0.004040707775678368,0.0071353184661601555,0.004659449895436788,0.00688641337848148,0.017918462678732577,0.031983164288998285,0.0,0.025534388519458273,0.010198798289015239,0.019204374034507393,0.0430748808028534,0.0,0.0,0.012248041973850148,0.0018330060792018461,0.017525116559550937,0.002439214762163389,0.02024535632907461,0.015578304799082917,0.0,0.0018385571960986508,0.0,0.005040428207989991,0.0019303226511584593,0.01452803948608392,0.013446145630215324,0.023843914909834077,0.008655160375711372,0.01027815500477788,0.004887208082596003,0.0013639653535645678,0.03523532885414414,0.005325490078447866,0.0012787956537370089,0.015676671774534013,0.0
80000059,0.02267818988332352,0.01821397090783679,0.0,0.012071824817580042,0.02741760771573205,0.012959826377877275,0.00721545058996789,0.01592387582215158,0.013464527525968637,0.0,0.01781137198160962,0.0,0.0189335101067345,0.005331641918747146,0.013817646421074699,0.0,0.011935044315965142,0.018339780189919178,0.009793380676984813,0.021303884341339896,0.02378953077267037,0.002782925605812511,0.001527052044700744,0.0,0.0,0.015903353356716072,0.0,0.0038955366619830363,0.0,0.02068817483120764,0.04294747846122816,0.0427344226425434,0.02031434386744197,0.015113409330399258,0.022642481610059797,0.01944824023416336,0.007860049503190528,0.02104953596530755,0.013974754061829173,0.014675201269905798,0.005595707631080824,0.02365620928155656,0.012610766171805647,0.03195515258955423,0.02342511159190894,0.030141819946428613,0.0075561280381681,0.006911109100652063,0.014337194633751304,0.036415264871162645,0.042231535140449514,0.034355741198232544,0.017329725233472912,0.03772097893863922,0.013486492644967004,0.0,0.017172571588885195,0.018371136009149778
80000060,0.020308281114607224,0.019224972451959185,0.01234105584096268,0.07947289960089378,0.00879087138960415,0.007182115377516846,0.017070205485735995,0.007840149751071227,0.01662341585921997,0.007090414458416217,0.0,0.012413492031821636,0.0,0.04717215352821671,0.0073669904902128845,0.011355075581930085,0.019675248547874592,0.0,0.0012639379986553133,0.00614033898775107,0.058642479396309635,0.023979548049540635,0.009179869110850392,0.01750230332573296,0.0,0.019522438366900402,0.03380139327547737,0.03280406696755424,0.017807178929670178,0.007958261715617471,0.003981697231449164,0.004841903999685064,0.02195857444561997,0.011801206195432628,0.008279048600378118,0.025503219569141478,0.009192027424245838,0.008719560491569071,0.002002951872085989,0.029604940378628174,0.019786522264152697,0.0,0.0025956750230549876,0.00649174444275268,0.0020807635300875986,0.030233415292644165,0.026692686876917716,0.037773451760313534,0.0,0.009909687533340268,0.0,0.0,0.013087156703692784,0.00685895877673671,0.0,0.01052967379119497,0.001724436772162278,0.001398012447179504
80000061,0.01142354316538816,0.019666002770854257,0.0,0.00409369223422247,0.0007309304217592509,0.007412176750681767,0.0,0.01311918033484362,0.0059314850988341165,0.010161045244853173,0.03037824614574192,8.208004386804474e-05,0.0,0.003608696553754592,0.027374275945218643,0.005126738426220489,0.00848198449550198,0.01563639885362202,0.0010503200603362418,0.007434922035366655,0.0,0.013136090396757468,0.0019934687995755247,0.0170526976543036,0.0,0.01952657698883963,0.015002402171073964,0.016583997125243447,0.0020661876781599238,0.009527151264389843,0.03172871336884459,0.012797978427695499,0.020309535631658476,0.017669375883849796,0.020605540208053826,0.02018164378095766,0.026351152982253448,0.02396668038270736,0.007147000507565746,0.022719682641170212,0.03354658086594687,0.020352512219805993,0.03376488592117377,0.019937010256499042,0.034952859484013644,0.03692043608474987,0.019492593015206634,0.038734647031995265,0.010864186184419464,0.02524768642892534,0.009362671106344932,0.028427903041947943,0.014923412165123542,0.017207614853667504,0.03230652210080921,0.015808512325863448,0.010128930924060389,0.0412720981596058
80000062,0.010614959534118631,0.02673194719239638,0.005965961277136579,0.0029953092051535103,0.0,0.005279415596983965,0.00793690952797688,0.0036770400416759777,0.0,0.01835525889530337,0.004915111090859426,0.007427798096565252,0.015109830574354754,0.0,0.0027961108930658284,0.024909665441923138,0.0031578351451862605,0.016156587462090647,0.0,0.010068235221456253,0.0075884583344356365,0.017834047359957278,0.0,0.025063817823784498,0.014295162705526183,0.009760055162795213,0.0023665680291238634,0.01490804131692145,0.0028414930275219236,0.012302380303090112,0.0,0.0026513402081176393,0.010821091292928933,0.026260203653532127,0.03427915512955577,0.023816508677037586,0.04335602943886659,0.03446937100929188,0.014764194789457221,0.008236060002339007,0.04219518004421423,0.021574664178223783,0.004083909676385027,0.010646800956870449,0.03290908329902777,0.01900332983104117,0.02052821708483928,0.015495907803898128,0.026246410148646235,0.012411700932430443,0.01608951008750972,0.02113753964838849,0.022268838123803203,0.020604715887834857,0.0265721996769002,0.025953057630038346,0.029274628933377612,0.019507287624725946
80000063,0.027865864974247513,0.009324378664089413,0.01065229081851938,0.006860155292070989,0.03747524016433964,0.016259058292253138,0.03205116771315768,0.0030400151985468054,0.003797484040195786,0.021702347046472652,0.02748737498874861,0.02171807187681996,0.00878256757599212,0.00027585178212544695,0.012561673737061076,0.019444846370919384,0.014293900237356955,0.02410250168389625,0.012113101211450183,0.013572560326798547,3.4152124622159625e-05,0.02854476194040034,0.0335298371789611,0.035617032278537936,0.020872131907761524,0.019575719225284192,0.022595451590758597,0.0162829880369788,0.012640487923068959,0.011127310997109344,0.0,0.01182653157039827,0.0,0.027014377465618366,0.0022494948632550502,0.025386976253375777,0.011240290571094063,0.02129577523378977,0.010905636648010125,0.01739899247048381,0.01587066246251073,0.0,0.01732342626959731,0.026439012435882828,0.0,0.007635725808374009,0.01584106135902895,0.012186885195049861,0.01174649669967862,0.018346343484988932,0.018499510315868724,0.010277589663475587,0.023623172339675043,0.008913365355773343,0.009167463176807784,0.006458284597725409,0.022017923670905073,0.007216781170938729
80000064,0.018491074894620308,0.008187452274754143,0.0,0.011484701271972358,0.0016957445074324573,0.0,0.0021102420671011085,0.010986482646465085,0.0,0.006110149712603555,0.001539029772542317,0.00712217638557104,0.0027326177982021768,0.03200124806097289,0.011752383589431092,0.005318922653316203,0.0,0.012461816397340455,0.0,0.006119445159457035,0.0,0.02561575052732373,0.012400965867241183,0.000969101873238102,0.006075662209824076,0.0022966629902317014,0.022364150681495422,0.0019342868660584805,0.0014340559002536315,0.016066749855269437,0.03329649976353628,0.01864175668355587,0.039020084378880826,0.037341811111982474,0.035060495855304886,0.018487113339894643,0.026672308914318366,0.01302373710922439,0.035075935155666954,0.03098908057968127,0.03641577188859071,0.02230910438693586,0.003392374619803471,0.019242989695336908,0.014964481523746341,0.015573164142342104,0.03866955131150871,0.022889228502389905,0.01184088275411512,0.034768158133640155,0.006565831285004265,0.03254866044302846,0.009057865187310886,0.015717750231003382,0.018087696240648234,0.009451816594031704,0.0016881219349923313,0.019525960286446622
80000065,0.042928830890893506,0.04483382994097059,0.01587052412558721,0.015493848902875727,0.013917416013293434,0.004401757275337884,0.040417928437284624,0.018461967617106702,0.0,0.014661400848650372,0.018541782005910164,0.012512301885612689,0.023076383337790315,0.02413639281038128,0.02539922835459634,0.0,0.022141774172367526,0.0008417132010318934,0.0404637868530906,0.014847127019334355,0.009689693758898391,0.03166261070858765,0.022411089964478992,0.029698340286603748,0.034438217399230614,0.009257299040400076,0.033303767146368304,0.007491673556512483,0.0233524143835886,0.02308527273839425,0.02064336010262016,0.013935191508095076,0.013139093065325258,0.006580090430622505,0.02541059928793304,0.021535461008884996,0.016064949651781756,0.018272549213929064,0.0,0.017606062108289855,0.0,0.0,0.0,0.005195611009212839,0.017148296458065933,0.009067808047312925,0.0,0.0044906850297908784,0.0,0.0009523711548669772,0.0,0.0,0.01527365567776458,0.004031501044789472,0.0,0.011103361075733367,0.01442794964870276,0.004119235782181856
80000066,0.007056389770109114,0.016358082684685846,0.02136165340432623,0.010919793472385237,0.023225452170753186,0.028222559249805393,0.013221688609289795,0.03679270581404765,0.011565097664376967,0.023407990331689738,0.023674026974843585,0.038157896173993976,0.028184275296627752,0.017319357177793874,0.035055366556334594,0.020589178428678766,0.021534918372839402,0.013903266673706878,0.012643970727561791,0.0030095707816475835,0.024830616438882406,0.024261411652742808,0.0339961334575716,0.018599907753835538,0.01562678787278849,0.03023231125193013,0.005893828597949007,0.03126786364556149,0.026538352860566276,0.019211151429123975,5.013380354197059e-05,0.025820220165945807,0.0010591853979575825,5.966784634417312e-05,0.01812433903473377,0.006873364122502134,0.003845099421875605,0.0,0.0012063475260621933,0.01119141651784358,0.014340204698029725,0.020205053382223167,0.010226529002824917,0.0,0.020042522495558792,0.0090581688802311,0.018724535728149923,0.0,0.012825667206801637,0.008872133061534566,0.017393064534574527,0.0024524367949833874,0.005503098734475565,0.001780190068490795,0.01191018554852241,0.014612842273114173,0.0,0.0
80000067,0.026466824969808334,0.036508022255747355,0.01676011052963949,0.022525047734990502,0.019439194359560468,0.04041441546066234,0.010704813858362942,0.014768533773298263,0.01610458219983472,0.028192805747175136,0.027037885740754348,0.03140112781972113,0.022140468885639107,0.029370168958200542,0.020335969629738798,0.008749050809075617,0.003021854253885213,0.02313904986746405,0.02074294831319234,0.02420168813154158,0.013834170214412673,0.009138028999548907,0.011165033736889663,0.019814740667621712,0.005652393685343471,0.0,0.013013727920072177,0.007071569902495253,0.031576165373810895,0.008381746794364294,0.0,0.017559552534894222,0.006659518512668533,0.017874106411851474,0.016680718288226957,0.0036884383674514647,0.0,0.008491473258248648,0.004125057799396548,0.0,0.01764286729639023,0.0002919121316341966,0.01987758744752757,0.012024207214828506,0.023701888389033355,0.017483077675884966,0.00626266516843174,0.012377707698043526,0.01294738540917252,0.001954633048641351,0.006183136672903553,0.0,0.0,0.01635507522935898,0.020820967234304655,0.019087730238630064,0.026471174501837034,0.0090270292325177
80000068,0.024621512720828933,0.025584456623716726,0.0178501156118383,0.04525937216329125,0.0,0.033769857004789405,0.024918873947080315,0.01889398694640248,0.008378873672942284,0.02391532037337208,0.018058041013067804,0.027881956833165054,0.010445219154057904,0.014107847888560536,0.004891214124793237,0.021320170474823836,0.008530634649099053,0.006772874573308943,0.01903723770366746,0.020484711638171272,0.033947083847493335,0.03237587978783811,0.02809847738003266,0.023172455777733175,0.004826612126371181,0.03703883878850518,0.01771723672916376,0.03319054179107168,0.0262010948422811,0.004830302862468209,0.00809782839873749,0.021012073234648203,0.021557732497581,0.016754508226825737,0.0051028966294077455,0.016022865104880556,0.008191338973031042,0.0,0.0017036912752693267,0.0021054339930199947,0.005718486212385831,0.0,0.021601395594687805,0.018101665337522742,0.024050102405017346,0.0,0.0,0.014910346460732415,0.0,0.01527580128529976,0.0,0.006205755183132663,0.006778729200574746,0.02011124941110189,0.002969481050831958,0.006093940026502625,0.010532488042431778,0.0
80000069,0.018417127489564616,0.01524766132437293,0.0,0.004391178877764148,0.05491197070369291,0.0,0.004144587219527097,0.0,0.020576164896776206,0.0,0.0007500289233436923,0.037675974779107654,0.01061395168239976,0.0,0.011686475938094224,0.020844237214544377,0.008310217595526989,0.011000649788527758,0.008698961997479611,0.004951173789985181,0.0,0.0,0.00018290796171501568,0.0032892403813741117,0.0,0.0,0.0,0.01407272933574492,0.022939286576263436,0.0,0.0017823808690940158,0.026804893409286084,0.023558842872486704,0.009724405135203146,0.028209521492756063,0.0007808601331814462,0.01581871239149365,0.0,0.04433413062090471,0.046254015975631495,0.012449448237207648,0.04228145254338186,0.019776631606386777,0.030106875176274982,0.020802206833037618,0.017174162877207185,0.006005921669651855,0.02022226527850294,0.0038663230062614753,0.019743052621881124,0.030049957486448873,0.009698887614326503,0.031094258679790505,0.026138277670149625,0.015569566645679742,0.00973641598730635,0.022925014193600924,0.031157347338958096
80000070,0.018658603585928527,0.0,0.0199549743147537,0.007949383293444346,0.013929395567651952,0.012200586076174006,0.019958527353271575,0.027027670114305933,0.026761602837112448,0.03635685841883047,0.04000166255110859,0.026156522240815726,0.009875434571062216,0.017601518222854114,0.045381123114249515,0.0,0.037425740023672105,0.00896135230487714,0.01450590819057757,0.020987831904827864,0.029644936557483605,0.024476786832064605,0.0011802236182500057,0.03735450061834803,0.01201430484723316,0.013221445860067073,0.023438815169020244,0.002106757146323989,0.0350991270287007,0.0,0.0056815393237959625,0.027913341035395303,0.015356904751174908,0.018758899789296266,0.0,0.01915335258045117,0.017680486038466038,0.0,0.01357009664802742,0.0,0.00631897539897105,0.011197533004610091,0.0008144441354051085,0.021000121853888394,0.00448195219165689,0.019519447366911385,0.0011676706005730514,0.005874826909033712,0.0,0.0,0.020014613676454254,0.012451593412476938,0.027551995456401145,0.0012878773729099258,0.0,0.03114941285021395,0.0,0.0076232284900927295
80000071,0.015075744435315558,0.02447233960833807,0.02131018540622853,0.02258225097524892,0.014863784665731839,0.020392406615303765,0.0,0.02760895392660017,0.03796109184959826,0.02662874990773946,0.0386058737495912,0.01667423413603046,0.02941946088994796,0.02651666168497832,0.027383465119357,0.013241985289832565,0.009908992049139208,0.0190821909010626,0.01860361561540252,0.047128614978424424,0.011561891672191066,0.012483131969251927,0.036699356545456044,0.027314326920827706,0.022953209128738196,0.01762795849382963,0.0,0.02577468427364495,0.026453049093879875,0.0037993834790157046,0.0007685095850594643,0.004149416562350989,0.010653701924178966,6.448271897159845e-05,0.01829221995597305,0.0008728221908244837,0.025844178830782532,0.0,0.0,0.0046787667607249075,0.005845452325905447,0.017933608832404715,0.006754914465365871,0.009960164801704786,0.010819731013652904,0.0433662916158689,0.000125807049986823,0.001584557420608773,0.016141392992477088,0.02112950720831283,0.0,0.013371130704201237,0.0,0.002899630924054777,0.017144341205584907,0.0,0.0051689863735527135,0.0
80000072,0.014940317957388712,0.0030019769036164195,0.005646169873042044,0.017144315090347327,0.005519332244553112,0.0,0.0006378502808024118,0.01960414123602953,0.0033391841640385976,0.0007178937370788124,0.013884432586455492,0.006470153686322786,0.014859378582233978,0.01140081805760049,0.02258765882137068,0.008362829395834158,0.0,0.01778038546236852,0.0238839284370448,0.007749802310797114,0.009819575398043385,0.018183449516607424,0.014209919554239522,0.004553713278224584,0.00250754538958756,0.014904505116672115,0.0,0.0009214240529367379,0.017164058754656188,0.029434289399943067,0.014299614901490712,0.0035451469676231794,0.02859965440977873,0.025584219519898907,0.020065626310046315,0.036157703428379324,0.017565541602439404,0.013764615288718324,0.026758440650419255,0.038248669069020656,0.021017746521367342,0.01677947615563636,0.00647624549380095,0.027552151730281534,0.0005171846592136058,0.011038066451874499,0.015378116819105093,0.022264925902304826,0.014512755486058319,0.0035850619311234623,0.030364306669430803,0.024768267009862975,0.014649274680331604,0.028528208319842364,0.022591359559015877,0.03335492977575142,0.006392321758020437,0.03852546673285608
80000073,0.01793099615501609,0.0008125872710019965,0.0,0.0002045306826815274,0.009838812138488513,0.012007061353462328,0.012136237316251422,0.01208529464023155,0.0,0.0,0.0,0.002832385960266021,0.008969147514790173,0.0,0.018897357913742564,0.024385577871480598,0.01859406699544021,0.023805345947994234,0.01859582891726834,0.010559029663921514,0.013173399516084164,0.0,0.013022170345761457,0.007277000316323933,0.0,0.01115347738935952,0.0,0.0,0.01783948786756303,0.021447849717509064,0.005439624695096831,0.00921472382429511,0.012841425291354588,0.025717577450385016,0.016651059923918785,0.021268933218210655,0.015562670364172596,0.04101044110526648,0.02200975705538835,0.024457605956042672,0.022160752874782842,0.03062667880219085,0.004806918167970067,0.030767658139868367,0.021833398332998383,0.03633355809276428,0.018555756708436864,0.03299833637691811,0.0180673535068107,0.011128800022852341,0.02291226067659213,0.021958159808891674,0.001460692602760254,0.04773577725168187,0.02028232029417658,0.005267927463034498,0.026282424861102827,0.0006028040033989752
80000074,0.018901641725947913,0.01849844814573367,0.009126356508834347,0.018698726544801172,0.026167072216870646,0.02590285490426735,0.04169238240879771,0.0006153963506114168,0.0027348302368608328,0.010862651639810188,0.020024436832175085,0.022578522458791862,0.0,0.0035441424561162066,0.01557722279645986,0.00642932652144849,0.013402112482487058,0.010088791362350056,0.039454199288958866,0.03754670018573935,0.02383794173923524,0.005210183746769792,0.0,0.011834706833245303,0.023150127785461348,0.005438691461341503,0.020069440145977786,0.0043441289691479945,0.010792259972538052,0.004271770536868105,0.007049903566850217,0.02559925386829394,0.0,0.02687900599195783,0.015358999164379172,0.014009737195946663,0.0,0.020386221449547347,0.03424474398838911,0.0,0.0,0.012690629668405614,0.0049826058482232176,0.0,0.00564193325899666,0.0,0.011553332734274162,0.02119943518617436,0.026757979488302178,0.033832475357789375,0.003284604925037629,0.014886758451407519,0.0,0.04248585311952087,0.009324592741707601,0.009195804490647446,0.006362220036024409,0.02084832246312563
80000075,0.03531798841159971,0.0047570969260836635,0.008816876655641407,0.029482966608359244,0.04459101102474606,0.0,0.028686305243794154,0.03326397632888528,0.02684353002961648,0.017144737897078124,0.019836559955304863,0.017445174914428672,0.020113120238066662,0.01855142274745361,0.011259801486535163,0.0057813323379163365,0.025133888025328156,0.018688660293696438,0.019177675312281758,0.017009920401306913,0.020008961782659034,0.026234080794799993,0.0328082536147222,0.04523313776025046,0.019325246715090005,0.006601410093990055,0.02813590555048356,0.0035226793413347408,0.014108616568519272,0.02011258679556567,0.00016775912893833193,0.01742648087516868,0.0,0.008303487948408015,0.011244142409958554,0.010144391247751442,0.005872430594937804,0.0,0.0,0.006497700063830553,0.0,0.0314601401030424,0.005768683849312371,0.0,0.0,0.026394341704555103,0.0,0.015658679091415745,0.006992989668274055,0.01988181858277647,0.0,0.030014146442631805,0.0,0.002640952792127485,0.011844114634700285,0.017503765989543823,0.00602392104642045,0.024638301854031465
80000076,0.018300009939585603,0.01535515678940411,0.06058400661871442,0.0027983662009807013,0.0,0.02791622854327923,0.0,0.032159721762570495,0.0,0.005525149681870965,0.0073138483413646435,0.011610153246398058,0.008627587016371419,0.0,0.013532928566421994,0.019455046910558573,0.012276300398718446,0.0,0.04893551314918212,0.0016486445015110893,0.0,0.0,0.04182830397828655,0.014506651492437184,0.007831474252804107,0.011760954555227472,0.009210936865560324,0.012551811532051038,0.004560015238640504,0.006972064464665529,0.00792162187859379,0.023221342902877765,0.017190578247077197,0.0,0.05160588035754629,0.012728419571046257,0.0,0.017695547775570548,0.05257628454485112,0.0,0.015820182932257256,0.005055555852563069,0.008583848019386324,0.00048297431649389826,0.01177219408442699,0.0,0.0022788186578144944,0.026663486256414553,0.0,0.03348395937877263,0.0037476131501721767,0.0,0.0,0.01509565335133423,0.014117053132179662,0.029254275199844772,0.023480932676074436,0.0
80000077,0.009903661594556964,0.0045756904175864145,0.015079662770137938,0.016873801415501245,0.0,0.0015192746445105356,0.014290088035478743,0.0,0.020762570420155304,0.010852457466099552,0.0,0.010909850175168965,0.014940000705066058,0.001848251951090593,0.008240064291903049,0.006417171107887145,0.009136655822607533,0.011267897697721256,0.010743298114547446,0.030353392375815927,0.017344837214052982,0.0,0.009838144308195728,0.009186285729184333,0.007615142456837908,0.027115664185670862,0.008069405696678763,0.023624305790493155,0.0021701293748564534,0.021011396361881016,0.007762380335399726,0.017848954504900292,0.014779166923359668,0.019682526935900703,0.0,0.008368908376867703,0.032696740620985765,0.0271846011969606,0.007274042629505551,0.02516548318357566,0.014379230897852471,0.032372557221329756,0.04224952050927575,0.020041506695995037,0.008988532906733095,0.02265179236690797,0.02099698998821082,0.01708119358476658,0.013977141963683892,0.024764259578400758,0.019474806225503734,0.022090922777737467,0.02932656524013404,0.01805213321449147,0.013346561870520286,0.007759415610479435,0.03432018639422852,0.018279322848367058
80000078,0.009102301877249377,0.012783917378391152,0.022545665365590863,0.0,0.01718091307153585,0.007886162722758307,0.029007206951176236,0.034259133017397234,0.017044466764914105,0.01864932509012104,0.03237861056215094,0.012496775095843385,0.01555163649881604,0.01908573016750961,0.008512105130169104,0.009103973161492076,0.041517964512436535,0.012102689332078352,0.03655805320782322,0.016056704048667124,0.018693808915922608,0.014792644270414861,0.011356256846748996,0.0016119761946540362,0.03511621230930546,0.0,0.03640567356130698,0.020324471686402182,0.015308702021228707,0.004190961114066044,0.028065986593169445,0.002102055682821522,0.020263002815668372,0.0033843665253223253,0.0,0.005226438488912379,0.004487465658564406,0.018787556686720445,0.008795303341920557,0.007423757105293438,0.0,0.009070306410229939,0.0056071919099343155,0.014199553843400953,0.004714980687186496,0.016193558873977835,0.007255529395193926,0.0,0.007181764864715562,0.0055825113786063625,0.0,0.018929197437311352,0.010056245705016807,0.015212609003108332,0.01892542407301151,0.010493122262295547,0.0,0.0052276935805761005
80000079,0.024547719230392433,0.03539901627051614,0.015374528433424534,0.0194309950215586,0.01884580786503614,0.005892547505493676,0.005642943184411649,0.05284852326381852,0.031036868046796652,0.0015852347123221568,0.02781056513868391,0.028931946487734565,0.028030058305107797,0.018414291546558246,0.025084433378875788,0.010794821010635327,0.014078439799929872,0.036287579765923055,0.023485914547119374,0.025619206065357895,0.02603881531971534,0.006812138528883314,0.02656581684726138,0.011089184832003088,0.018079315712273152,0.02000378169532238,0.010291643079609922,0.010798078008875485,0.03036615983807391,0.00018171935983348172,0.005262213276346938,0.014423142903794291,0.01926804943325004,0.0040581993677839346,0.0,0.0,0.0018212502132680655,0.028490491392631146,0.01474233656053607,0.010278010147351952,0.0,0.028399942427943758,0.002737093387162649,0.006739438896251726,0.01428439517151985,0.01632988041911176,0.004073399445191282,0.0017621156008100585,0.010238341437448919,0.0,0.01109506900105252,0.007513248116665515,0.014065701024469928,0.0,0.008702011125985329,0.0049927430752277025,0.005454161011931244,0.009133887433561463
80000080,0.03322590290197542,0.015075385308823918,0.029499110233649053,0.04338039923827804,0.006417435330933606,0.03502652655508543,0.01100546717258344,0.008970458366452706,0.008708335471767623,0.023981242733953252,0.015262778409577862,0.029333390554039065,0.02447355300495199,0.028111076909596237,0.03679959110414794,0.01639018260871559,0.01926012597455916,0.005281450877891582,0.019115930271472712,0.012092493954080854,0.005992804465638811,0.004893835300432384,0.02177215982697166,0.029258812668102274,0.014430579559201946,0.007742170845233136,0.010072630958282834,0.006582503788112333,0.022351684083433812,0.005452595509766385,0.013562485135808332,0.020048379675912106,0.015788831664906324,0.006089908541830908,0.017317953545879564,0.0,0.019855292518747774,0.004760041626696214,0.00968764474289053,0.02468282221315993,0.003979403351762182,0.007681716817789711,0.009843564065448287,0.0212777483517187,0.01931496189064564,0.01068914518382174,0.0,0.010627230558950415,0.01279308693050626,0.01022320589845101,0.00820195728531267,0.02219855869890013,0.008437108643866516,0.020964658176461305,0.0006292340541897969,0.012003378874556776,0.004247859132362403,0.01266053066434788
80000081,0.008270612769060059,0.024241324541365804,0.009313979759832816,0.018395446493529016,0.010275294285603647,0.0,0.029618593246469017,0.008976315505055017,0.0,0.0013612791885259977,0.01158580241155734,0.014183441946440046,0.0020555411529248986,0.0,0.017084695501180944,0.01083855221601128,0.0032623284308219537,0.003260578461881915,0.008798837881573329,0.0,0.0,0.01066914535237769,0.017099728133699855,0.01831796884169311,0.036324846683805916,0.004155787881458314,0.0,0.01058098493065376,0.009478022032275516,0.01048786680766652,0.020623396571088033,0.03284648322611765,0.03526038478908987,0.01795474101414403,0.013319491313504076,0.027897725599806317,0.010967511034315536,0.0175337493479337,0.03147857703045162,0.01631398477738331,0.0,0.021177054933327666,0.015246107620097123,0.01267992948779614,0.021520193938090213,0.0005946172254412811,0.030114234657761797,0.03379165444009686,0.017067225595891928,0.016466133585790903,0.012235615997439775,0.01209682178706893,0.03339632314700381,0.009572797344120525,0.013054520731214018,0.032323090157314695,0.02736172587587633,0.02420165056428826
80000082,0.005667632790556556,0.024728869312515743,0.04463654553053994,0.018206412074008724,0.01992860102782011,0.018902858306260862,0.04001443603958851,0.014739756501887736,0.011411339114194147,0.06335698289908065,0.021748134766643973,0.014415052126381988,0.026425384915486502,0.008918899500136817,0.012445227670546977,0.028988710696792395,0.02831506391500358,0.03288668690566715,0.018385347293749695,0.025671002304807688,0.0,0.017052002887145083,0.01724445861477059,0.008296979930406418,0.032060392089594755,0.0306214882549864,0.03259253297154271,0.031658774780395686,0.005139111140471664,0.021516522358099227,0.011888333508143676,0.004328861810767946,0.0,0.0007181302631170741,0.008870205341279115,0.006398613914203247,0.0,0.0,0.0,0.022346220942907405,0.0,0.0,0.008320230084319886,0.011586788238191412,0.008185874896128922,0.012723092887955827,0.005218375035983489,0.01637827492826186,0.009028920571866357,0.003779218086965439,0.006756347395538552,0.00876798287941828,0.0,0.008303042568496226,0.024654127424034375,0.004927901223334044,0.0045269266943252905,0.013096702476473042
80000083,0.0029974095992158054,0.008471871844510467,0.021916080222260072,0.010094579558047115,0.0,0.012026967689901417,0.0,0.016163696455064807,0.0029535836653971467,0.0029974844381048223,0.014574524538914512,0.011209005512243958,0.014927577145030032,0.0185583707591224,0.00491786464366853,0.015329837948964128,0.016261613135604258,0.0006813333869093937,0.01770201055963326,0.013334534476503164,0.005350660605075305,0.0026529489880830824,0.008802346490880601,0.023602116000605692,0.015875405296527718,0.014402899848773751,0.001168813436129741,0.009949268180270004,0.0,0.020877743580293043,0.015948183121400082,0.021050284150620553,0.025464745760752035,0.02700820068587797,0.01979643333399753,0.011530428646810857,0.02286528168533498,0.02317005350142176,0.04626550696111283,0.029966016794098257,0.024800873271001125,0.00926498021025713,0.017553175454209573,0.0006023743296754542,0.022400682862542185,0.012847433438604547,0.0,0.01295419545199779,0.012462322587813126,0.022175283727626303,0.029569200138821382,0.02616356692287436,0.02137354912829559,0.017015524228624745,0.020646026105622415,0.02994584491569468,0.0080006299041292,0.032655599618473
80000084,0.02504228714235336,0.008944182417167802,0.013647016208770499,0.016996295866452994,0.04478280111219013,0.02819317036758953,0.0056542905147512635,0.023287562458300905,0.015667083523024806,0.03110193848796108,0.016926013198278658,0.013152954251093791,0.024751611081282807,0.028956113771771163,0.027890553213074695,0.005134412804516631,0.014879915159168883,0.0002380347819964558,0.01696615399012597,0.029336256364002635,0.010221485969863681,0.016141076586069104,0.03334232765354948,0.010747855932262204,0.008321148827379528,0.0498531084821374,0.003956168433335422,0.02122913497211737,0.016415986388922492,0.018493680496614713,0.03009052748228838,0.016365233421257792,0.019115280807313336,0.016775388930601456,0.025976933190018984,0.00437900941689264,0.010351137148674097,0.012967084432977219,0.0,0.0,0.010355770905053845,0.013225836008312243,0.0,0.0,0.007594296997842282,0.0,0.021158119532164045,0.022176697707930182,0.018910945069754773,0.0,0.004725793819261027,0.0,0.0031105114913929314,0.011298679741494656,0.0,0.018534439646492595,0.0,0.01880296732497339
80000085,0.0,0.0,0.0,0.0,0.013803227149212428,0.0,0.0,0.002129289965013867,0.017781638106051184,0.019148106597774984,0.012526126179597238,0.00922712524785024,0.0,0.01597617033236104,0.015471532374276547,0.010017866272891836,0.008033382086209228,0.0017346595442666232,0.029285406480947906,0.007298803455135526,0.009291530031001824,0.010854102350232825,0.0,0.01837271423940522,0.0,0.010770501626426988,0.020384417417702163,0.01455462294434766,0.016422994934724315,0.014973852742432518,0.03116157138175097,0.03987313361307743,0.024850117730806576,0.03437926401748098,0.023203472653104285,0.020759034139626726,0.017945573366382587,0.02918104110788223,0.017283200964624993,0.021194181088481583,0.021356277799999334,0.005316179877252454,0.0,0.032941111777034814,0.02012616258864005,0.0119815206761706,0.01404195676343021,0.040778738668975655,0.022160284467106252,0.010195756440011625,0.018084728865218308,0.014301505518944234,0.04174694758956949,0.013089140019728976,0.03230651213084866,0.03322080390461802,0.0009478032573715701,0.0029304668956082647
80000086,0.015493472976765083,0.02933120791036361,0.008699983414425422,0.010110345713835848,0.02498985976341505,0.021541560048162725,0.03393148691192265,0.023932495932561176,0.01400079086220105,0.013010069072909199,0.02345479023352293,0.027732600759622413,0.03562525608276907,0.017363021231404596,0.04366754259753529,0.019678873352133086,0.012557398130321818,0.03293492744654001,0.014217290979010892,0.017461174548186447,0.007170661226336572,0.010712455642785603,0.03246815326067279,0.021003422309367154,0.027044617792504177,0.012392630871098561,0.018482573220450285,0.015686317169328497,0.023077189879413377,0.0067909008698747875,0.01226146405562437,0.012499803185380291,0.0,0.0011285371209363623,0.0,0.0,0.004281443358561765,0.02054496268015666,0.016520988876540705,0.015332425470995548,0.002853664579937396,0.0,0.010679509631059847,0.018539544536718015,0.005084284721578949,0.013200533144044587,0.028849382615585322,0.017335411663773875,0.0065663247404205895,0.0,0.01828223859213695,0.008943851685015899,0.0,0.0,0.0007115764797384169,0.011993222194389856,0.0010159550121931849,0.013324870990359497
80000087,0.013486163613258993,0.014418245036671634,0.009754549605372973,0.024881917433959653,0.004512050115619449,0.005994302556004238,0.011029852536238208,0.014096914776954024,0.026445920982386514,0.013989868504828766,0.013585105365426325,0.02317531164161817,0.033440520017768906,0.03446944864752325,0.02388168974878088,0.009957316566426852,0.020547053287263653,0.017127393993685625,0.02275043939847402,0.0,0.04110038428722538,0.04241628542756962,0.021639144352377387,0.0409019472124148,0.035444265342643486,0.014360440070597913,0.028854425497767334,0.0,0.021772409672821468,0.02866500607390916,0.005709406460321666,0.0,0.0004781687324604912,0.01180206445454843,0.008396592474062568,0.0,0.015304789522647726,0.01302893821390627,0.012247101695365045,0.030836022259350126,0.011219935212170337,0.01156346302542268,0.029036959898250135,0.0026306503093418226,0.01502259951529808,0.0001920044115676627,0.0,0.0,0.006028991865107167,0.024560058718847033,0.005760050006199777,0.01934126273261427,0.017692063369908948,0.010427718159197269,0.0,0.005228762578810323,0.005147371807601503,0.0016458076664795152
80000088,0.014679537253993869,0.020353909918694006,0.028887027847548184,0.020063322140341868,0.0,0.014238447211599278,0.02018718973074652,0.00693440040663306,0.04912921630276128,0.00023314923711005413,0.020626887516188956,0.014770289549936621,0.026126678288034437,0.030544206371673398,0.01268493852907196,0.004989280579930464,0.04004567600330232,0.005369401906247861,0.04369644186310576,0.021987968470291996,0.012022688275432089,0.021895971008102724,0.012133263099019928,0.008434559590650417,0.018916037241227972,0.013946936316832628,0.010584868838577122,0.029809775661867505,0.01838316794671883,0.0,0.020947854521448685,0.01962805509593211,0.025096066157071165,0.02562572603416453,0.005218231865815149,0.011030693030438408,0.007780174078426203,0.01402719638389833,0.00510696524735646,0.030017368441654868,0.015124254608631583,0.014256829578925722,0.004966872437453319,0.00495673614712811,0.0003062058290368174,0.01678997192708073,0.0,0.00837786854429516,0.010093398038332087,0.009584609935612805,0.008794796947472885,0.015078017909575773,0.03274627255496449,0.004455703074371387,0.021611443533489857,0.006198985537604132,0.0014232941937040826,0.01630202414009147
80000089,0.002884813487063121,0.0,0.013936504518524047,0.022147552231781605,0.022824176563506087,0.0,0.013627643372560144,0.0,0.02498710616570897,0.0,0.0,0.0,0.00023496220546331893,0.0,0.0,0.005275246860820719,0.0019919714894058595,0.02627664505964699,0.0180393997496023,0.0067443014856244324,0.020437649329673315,0.015170816333393993,0.026230926413971584,0.030895849374320536,0.008772740312011588,0.01785013543790259,0.0,0.022266430678300322,0.011386073182277561,0.01556254147965276,0.03651253136098633,0.030601616838443913,0.012386377574528843,0.011916076945170788,0.02655573497901806,0.018718022751279963,0.01591970633831006,0.010737264362036869,0.028898287939674132,0.010581641557705263,0.018529974818044595,0.0162613362229289,0.04162291169457815,0.01869195802253414,0.0,0.012996475241158536,0.033008613770266725,0.010196699228243027,0.011396742922938685,0.0281169360663992,0.023933038756792094,0.030922819646364515,0.03983115099815307,0.009913332000292818,0.011985153233519997,0.039263792107988756,0.025165630893495407,0.021176823275374783
80000090,0.007213476263272754,0.010830580845111484,0.010187496537540041,0.012954640777148804,0.003891900217253153,0.023243693590854854,0.0006596243029424587,0.0031151529115208154,0.0,0.007357600931924044,0.013072959590408467,0.023709189334739946,0.008761243374997459,0.022101528627207306,0.0024867373197365937,0.012018375772999357,0.016326799486847243,0.0057440593058387624,0.02171094697085909,0.005582495560233146,0.0348545300404867,0.01361746055152695,0.024563827291575788,0.0379557573188942,0.01770431981826847,0.0038949737322037247,0.018500686339454467,0.0021125706284974176,0.005035400107196186,0.007118518207516905,0.0036541128673051523,0.008369029481309728,0.010455173904518356,0.01698467161194469,0.014456112472207771,0.018219909147862076,0.03699655585174733,0.04364821999105982,0.02773660268777114,0.021385705778659763,0.0008259796227902532,0.03227175097605314,0.013383439525893477,0.009982040530021868,0.01661312900000125,0.013315487346280708,0.004960651696359213,0.015365644319291081,0.019501899297682708,0.007213481985030348,0.023975819257463293,0.0,0.022159942443135253,0.0034059315352583286,0.030842547015283963,0.018364474764368324,0.015696756070117078,0.021067066978372836
80000091,0.0019364714213214848,0.02697016708617231,0.009646795714074228,0.023512554558920644,0.053209798747740567,0.01459800568108988,0.02241052138590555,0.011759309708495223,0.022696111669991623,0.010005542570548321,0.04250400521263762,0.0076547068776032295,0.017173501484208223,0.022714100245955514,0.02065491987756588,0.016475777774711316,0.015371760861326054,0.029559207621472825,0.019289406350147364,0.031611949296519205,0.017722950056201243,0.03539647882652443,0.03652777356307525,0.02027806767977117,0.02016928946529403,0.006855198426288509,0.04190691687484875,0.02005987252664612,0.011966132124522135,0.0,0.013394837103069608,0.0010499336104649011,0.0068124074422028814,0.0129847529620133,0.005940772827829455,0.006408133398196309,0.0,0.0056447943383823845,0.0,0.005363575345806209,0.011269055782606691,0.0023363956839737104,0.007222652598557097,0.02287070122656941,0.0068380306606783126,0.007827982170049817,0.008802395525217489,0.0,0.0,0.0,0.019715868150878856,0.01755055704181347,0.01215264345126385,0.003621978642168296,0.0,0.010104273027050756,0.03703574581948361,0.0
80000092,0.012010972607373958,0.01921264659875083,0.009380338949584505,0.032487985841429555,0.03702334264935501,0.1019559828173779,0.02034312950393527,0.027774597440100395,0.0012625523498816572,0.011292005246974898,0.0,0.029583864415022143,0.02557701378428901,0.0029482764114076407,0.005315224542600614,0.02379730427523243,0.01112471582461617,0.018182590975736313,0.02415993653481718,0.010471222878650358,0.03366971091043541,0.0,0.0,0.011083739073716601,0.022126097123481254,0.0,0.004549622016939762,0.0,0.01944718707397066,0.0036902932727616326,0.0,0.01435156393107927,0.0,0.005888687057953024,0.0037277270071655595,0.00722454272424477,0.016567029817471258,0.005186080794597026,0.028425718674631287,0.020287526290592488,0.02313099936901952,0.01558818622648871,0.0018491838867806026,0.005076669805466,0.0,0.001987427351203749,0.0,0.013482421272258925,0.0508687402514189,0.010313636441593877,0.003872210850492454,0.0028619778081636154,0.012432034824970399,0.0,0.005896196313271575,0.03359273581869246,0.0,0.02382357336883221
80000093,0.0,0.026350967425230992,0.003271649126914232,0.01655566625712077,0.00706502539448892,0.0,0.0,0.047159296289293245,0.022255681451119367,0.013115355452034343,0.0,0.02788162558266478,0.008881446045512558,0.0,0.023970754938788495,0.0041960358903807,0.01840926150158351,0.0019810689001193483,0.019643578221226008,0.010381439405081206,0.010201421708614983,0.021046496143052953,0.02305533742448217,0.005608845136342219,0.02283876206052368,0.0,0.0035379397745250105,0.020867530693556298,0.021853321297299683,0.0325518831971269,0.007995056756309191,0.041647902620895766,0.01819313670382805,0.013509716863194823,0.01657112414826631,0.018600117647147904,0.0034827452815235495,7.433824619608069e-05,0.01959629137180321,0.0,0.01281502010815632,0.012723878777716177,0.012746992190191478,0.015484946411918627,0.01040733130255402,0.017920143402456828,0.0,0.03348667597835344,0.03759291752537929,0.02035836069820048,0.00439815057155718,0.0048530921605914835,0.03689521750832696,0.012850358009971958,0.03286928602552611,0.01819226521546685,0.007313686627352392,0.05737217159607802
80000094,0.010062664755228809,0.0021150846905250934,0.016863388770848396,0.0,0.001128946480915136,0.014606180918088333,0.009341106625820326,0.010829299711732696,0.01740678253086135,0.026787855746193655,0.0018667726486411127,0.023990806463284595,0.0021432681088338406,0.004739388256942097,0.028038356232605758,0.01171253153377393,0.0008172995236297674,0.002838290341720637,0.014011323234723708,0.00668194286984797,0.007214729123196539,0.0,0.0007099024136341231,0.0,0.0,0.0,0.011440086960716446,0.0,0.014223170766116943,0.012156697052061178,0.012302289417717962,0.015166278605600665,0.041806489068459775,0.01605494183045465,0.0023061258192110267,0.023046375432486412,0.010750234381324221,0.024147640693450028,0.035089903635652786,0.030575944138128915,0.02667139599143506,0.02884495735371354,0.0032924350252683415,0.035398735891037855,0.043984979678326055,0.03230210338068215,0.02245903321786279,0.007611910336473695,0.03034634367591424,0.007900559585791783,0.04365842725844962,0.029425231370639845,0.019361494807385245,0.027382347245137467,0.016014658399918655,0.01153546399550599,0.021234400551473222,0.010084414690515863
80000095,0.017803812404148155,0.029978792600717664,0.02278632001503213,0.02643333354440781,0.014281450853096856,0.02709420145936453,0.015105915247091444,0.006706925068737208,0.013794841663799285,0.02356752690370928,0.025171799523298843,0.028961501469726696,0.017226047402475755,0.033819909530229834,0.007962970822863376,0.023539693613450128,0.02927576988724769,0.010904217391709785,0.02159161248642286,0.032199199650343756,0.028698114535940383,0.014649137948261049,0.01194691554919869,0.01659517944157405,0.04351742585133334,0.02464686132578548,0.011708013523037596,0.01601164213590687,0.0251473937470419,0.02372175227560085,0.0,0.013480008342070108,0.023941718404991524,0.012344966269441416,0.008819943617326029,0.009060742993233534,0.007083555306512658,0.01491468953111083,0.022158233057537034,0.0051855216793794045,0.0005823955144187628,0.006473258172324432,0.003000134988328564,0.00556358772782808,0.0,0.0140885311127062,0.020256648488548953,0.004313872428952484,0.006598171764787023,0.005741943787508483,0.01219895198929545,0.004800485490196358,0.014744744345530605,0.007460201253365502,0.0007231359147589149,0.0022611117682882187,0.007155870499730528,0.0015178146803809243
80000096,0.026435661047365416,0.021930660380475395,0.023889002169103387,0.0,0.009325732064431973,0.043154049052729807,0.021556827869627412,0.0,0.022653539708716267,0.02078304024579508,0.012522911216694532,0.025046412637495227,0.026601030627136164,0.03453622227762366,0.01407603879936102,0.021088599065962565,0.03105627667145158,0.006863651898956024,0.02643449665926332,0.01943951020089807,0.026288718807792363,0.0152038254185979,0.019825121165946223,0.006355128657391485,0.029742923103039838,0.01932658214809952,0.03159672046267732,0.01836413420364998,0.013469677590712475,0.0,0.021051827899900642,0.00580622531078657,0.0,0.012991070763534831,0.004951805633541733,0.0,0.00329809641538118,0.0,0.0,0.01216065830968324,0.01890526371866407,0.010408613255693828,0.0,0.005991069403862945,0.01475571060079142,0.02802997500989791,0.016089693342757,0.0174258837055614,0.028593532306377827,0.0023109495189063555,0.0,0.03458621807304407,0.0069476352533227375,0.0,0.0,0.024035157433405053,0.003558085446011256,0.01136455179189938
80000097,0.015348364841972847,0.0,0.009949241023660297,0.009320253201560671,0.026939827431661935,0.004967572255186533,0.008357054613181043,0.024020156744854356,0.0034962220960008277,0.0075372315539579135,0.009459841157576808,0.0,0.0,0.006879951990137659,0.017462934953568265,0.027086882169547608,0.010328165770551678,0.004232042116132479,0.006154897151795292,0.01928085834184618,0.0020666762271554905,0.011513932386577667,0.0077672273606830605,0.0005362350397000201,0.00046472319689537907,0.00034963678275365753,0.019708453933213854,0.0,0.01839745799194482,0.007784791670128303,0.00423217317467109,0.018260606631851407,0.010972632252642486,0.012965134479199277,0.019352478004147078,0.023668321689291026,0.03771899680355218,0.021608371625610575,0.03325122282824921,0.037943469768216345,0.01882838357799003,0.01850242753730953,0.01028505331884198,0.017081761530536345,0.026900844840170888,0.028835781176829164,0.014501777615152013,0.032798444946521454,0.03159540459569385,0.02780654022607301,0.009647097439396965,0.031879881590003,0.01184901383808126,0.016785668390600784,0.0246872707773592,0.017637494315119177,0.021670305650821117,0.03868352791595178
80000098,0.01850816279103983,0.015701853839161155,0.013457951691764856,0.0043663973948762725,0.007629918906893127,0.00809728209734067,0.0012740504792854023,0.02312350667537869,0.005081652153759466,0.01000011434152543,0.02845518129059291,0.013396954754176849,0.0046499051233639885,0.002122603711042394,0.007734210896870941,0.018785731578674105,0.0,0.017960503737521893,0.0,0.010517751929436815,0.011604030646678972,0.012313697524754507,0.01280758451195601,0.03027269899038483,0.019426957537388535,0.0,0.0014337607904057895,0.009831611560617301,0.01821009976412995,0.03246350407604077,0.0042117939036102284,0.03960658286669466,0.031891704013306266,0.02165287618135752,0.026218607652275815,0.013973868723197825,0.02468949947931278,0.008236872811565323,0.0,0.018304126519664232,0.025608410105694725,0.04807598703230753,0.01622323452220862,0.002616132490957988,0.011634893138932215,0.02201389215031849,0.023020601663861735,0.0,0.003120526310570739,0.02358171979028426,0.018813895342530765,0.01774550973505267,0.01361544149528391,0.018489503975705375,0.01915668904456091,0.0023285608326288425,0.010317714376017886,0.010849138674364631
80000099,0.01106006677573172,0.0,0.0013289085481519563,0.024769317210977033,0.0006667167409468728,0.029857953230698404,0.003263071928980988,0.017089741170553355,0.00519355340617274,0.01845709259799094,0.0,0.003841604950718077,0.013808978188468855,0.006525310997263296,0.009347854512687898,0.0,0.01037744335653476,0.0,0.019006583303874638,0.011932004451355721,0.009940347237192814,0.01737771614343489,0.013844122908796885,0.006046890406287002,0.017506826571673382,0.015628280731065584,0.0,0.005086336282592769,0.024700062884670537,0.031994649765922936,0.03127872253975835,0.018230771961864567,0.016906602211069956,0.009728712779939742,0.022687122584418525,0.005739194421229105,0.019270011296360707,0.02053955445610952,0.022850660489360602,0.020626941891105074,0.011447775663298076,0.016067113437818616,0.011671090430014554,0.005411088100788475,0.025599395889457272,0.028994115269777247,0.02359841335656176,0.027156767043150495,0.011039524310986794,0.04556967362620481,0.025917357136277144,0.020059305822872017,0.027547085082115185,0.0,0.01742461425168672,0.0,0.03767240856912805,0.014818323361119578
80000100,0.0,0.022165385380769342,0.0,0.0,0.023393893702272524,0.019948743413690097,0.006464337879449789,0.0,0.0005275206098518372,0.0032472620414167545,0.013813128415052786,0.020251470966059382,0.0,0.011843578661683686,0.0,0.0024608449067437315,0.0020163471059671096,0.026136195231764196,0.0031652623550218416,0.002905596034797051,0.0,0.008897434454452806,0.022521958608822976,0.011376338356612671,0.008411287933888123,0.013430574751800612,0.02338106740921405,0.009002019129061165,0.016983171249013124,0.01926250322871783,0.024128325109418373,0.013872447512676698,0.007798482400559029,0.01280395532248715,0.014019080301237568,0.04393155738449115,0.01398397607660972,0.017141147570845706,0.02827134372841921,0.01579309254702051,0.02381395330618025,0.03606461419026331,0.02559996532383186,0.02394239850195573,0.031136357078261654,0.02863800274049659,0.02512183668943637,0.02901242368748122,0.01454159236686209,0.027695195060856586,0.02073180078417587,0.007278479540061883,0.028029706395930984,0.028991231072948275,0.009512267804246556,0.024303698560404294,0.00898978360706575,0.018991291986560552
80000101,0.01709104461369979,0.010718417248920947,0.05004173975681156,0.04372873702457917,0.02255029622447481,0.019231477880925097,0.02997034178996054,0.03311110765495712,0.03330148421096894,0.025711214774779455,0.03781910332183456,0.018443627263423884,0.006555046118695472,0.02711983379276782,0.014814570881492503,0.0349234611929521,0.02706153703124459,0.03903442594454691,0.01676335360490415,0.03797032877898485,0.0,0.02383958521698869,0.015083430567730127,0.01333852391967032,0.014086982553342984,0.00853995463011744,0.030171638211205876,0.02539488836973538,0.008394077598718517,0.002289792939345828,0.018831759072374426,0.0,0.00916361472866066,0.006247284492610513,0.026335023712225052,0.013528750879940814,0.007603064745902406,0.007338289634011734,0.01973858651790861,0.01343402573196231,0.0,0.0,0.006116111686537422,0.0,0.0,0.0030555620463852454,0.0034590155146377592,0.01562701744976809,0.004279868410634478,0.0,0.01794301763623658,0.02740580232024167,0.01276640002952062,0.007950181078610792,0.0,0.0016787380135936689,0.0040668503019038234,0.0
80000102,0.024299484349627053,0.009814159860202447,0.014779953907741327,0.025930109458501906,0.013546815540378496,0.0073079094125418145,0.04180742212883151,0.023886514048044486,0.004378438077419585,0.008548068402624296,0.030218865965166614,0.042862829600695006,0.023887619666510648,0.007922325566690338,0.01927841864379731,0.05144315714316107,0.01989547127422287,0.01919630664759155,0.029964953395798345,0.018440849245527326,0.020089602864846172,0.012369728736683723,0.039199194995381256,0.012990972527246568,0.028428831278065708,0.011996163551903943,0.0,0.010235713865112413,0.0,0.028914203055467,0.01850559728766066,0.013517026679650214,0.019022368328894073,0.0009180628123716296,0.0007685202076177127,0.0,0.0,0.014107520799134974,0.0,0.0,0.0,0.010219265251251743,0.024784018452161,0.011807580744585317,0.0,0.016151438395193753,0.008419740306623439,0.0,0.007611487738975264,0.00999931428818501,0.009720607008303513,0.013124223057083566,0.005094691857573966,0.02793350496348814,0.018041318628781982,0.0054442926697538365,0.00034584125992140184,0.018044749129725562
80000103,0.013566301681517286,0.024405826176737005,0.026007305887374103,0.015093112621345422,0.02679629531588094,0.014346521509592024,0.01594001374421555,0.02856416266120014,0.0041851792601054075,0.027378103704741325,0.019434386876619685,0.024368218395109276,0.00940231223884164,0.01700036167055352,0.0006433786109778049,0.011473010257070598,0.020265084197344223,0.033400870007384634,0.004852478424560751,0.008681195869999835,0.03107367498884881,0.028901013000227592,0.026469535056879337,0.03639995396647727,0.03014575851153832,0.02709627272192086,0.03262801880076069,0.00907336013487444,0.016755905156908637,0.009733898250593932,0.01426123370249594,0.0033740109287549044,0.010129937892069096,0.010867045554612069,0.005585917155849075,0.009256131570179193,0.017051122056048484,0.0,0.02482959892021155,0.01774332765588135,0.0038940354000026162,0.018255293110454505,0.0,0.011853336684368615,0.023898550890280063,5.711506349168534e-05,0.006685908787787912,0.02316160119901226,0.0,0.010313706862033381,0.008506194180637585,0.0016632668776184207,0.02453801127704438,0.00997296456144319,0.0,0.006382999820136568,0.01804196568702268,0.017984251723767355
80000104,0.026577187923782823,0.013627113235990054,0.008709288183012169,0.01821369006544692,0.014848863114018012,0.025110956641898434,0.01937542350979869,0.043618600018343404,0.019566642875707613,0.030751347089271568,0.03132908645335529,0.02355830951842165,0.016618571391499526,0.014952135801391065,0.00787271099728135,0.013531172000340232,0.005900061799223219,0.02696609316651044,0.017058610002214987,0.016946472838036006,0.022750219639472272,0.011210000129495953,0.022228972419295154,0.03346310543146338,0.016208154258713404,0.025479006095358685,0.027772788029947832,0.012890850584973284,0.016765852037156897,0.0,0.0,0.01781894747269593,0.009236849927916607,0.011697135757511416,0.0,0.009391651099544398,0.005617387602154837,0.0,0.0,0.010430471226906844,0.01153445675212857,0.0,0.004915655129740142,0.0,0.0,0.0,0.0,0.0,0.0070508675010726735,0.010679455658102974,0.009090554658753537,0.008429056050985935,0.007495134259332652,0.006112485572137184,0.021503966006186415,0.010129505100571307,0.0229121623256169,0.007305462065225948
80000105,0.0006566546273216558,0.04782812721520463,0.010145646232052864,0.03341869591014414,0.022541861339159325,0.02393455949306141,0.035941840652423146,0.02833095574873747,0.03209916089271024,0.017944486103054918,0.010459005548483476,0.00776829815944741,0.004827596599501211,0.013883157183063145,0.01735543676706276,0.021730369408516723,0.018449476843917994,0.02511136042484018,0.038422610024570585,0.031495849865986206,0.0060558927522444085,0.04364820952752006,0.02414067717716151,0.018825799100829935,0.018076937129302632,0.02616817018625918,0.03457053902612723,0.015647646446545614,0.027191627163230963,0.004351866611572979,0.007914489783605037,0.015904813834057813,0.004635479957585985,0.0,0.00904508860918399,0.0005764412942464297,0.010312076422634792,0.006615379828823927,0.0,0.010341566013939917,0.017468859662888907,0.012191673426749781,0.006730218637164561,0.006509143855859757,0.02766856189428782,0.0,0.016443513651549314,0.010571530006865596,0.006621038526689955,0.0021636666892998813,0.0,0.0062838779981145695,0.012529551850787444,0.011181653228207017,0.0,0.0043871088561766745,0.012160549038718922,0.02307796786462479
80000106,0.023186039467419477,0.01653338485697538,0.013672706656798338,0.02573160757761203,0.0208501203225868,0.026060910415711614,0.03283877032781399,0.020196791829797067,0.008911793179597024,0.0001602106340191175,0.021973440625968708,0.010872371479639424,0.03572185161423552,0.01815973092817972,0.029486164259752076,0.024499014784977367,0.02240608390515856,0.023469856726105787,0.0,0.015852529018848146,0.003548657692009373,0.004214190532281173,0.02076395913565024,0.018729000414853883,0.01748195183067402,0.00721824758288373,0.038370207474538266,0.02892814307203868,0.01839027811105085,0.0,0.012449009182224791,0.017873307016764248,0.018503261146400645,0.004774241408620582,0.01717192296328251,0.022581059382733616,0.0021457301188825173,0.003825928148476996,0.006605496973491389,0.0,0.021659410096564722,0.0055552593350744195,0.0,0.012197889255303115,0.026107981791752076,0.0,0.027482417756154422,0.0307516563408226,0.0,0.007403903992380595,0.0,0.021109585035406164,0.022910934096188586,0.0,0.0,0.012401917243035273,0.01818178767872618,0.01234759455337631
80000107,0.02267476350540966,0.024337334109580926,0.03470156456317488,0.0637528440505865,0.030751765222202302,0.03234380005736194,0.03080585746926105,0.01881721569346699,0.032627856580734554,0.031373898225436014,0.037380747255003254,0.019228675545104375,0.020737778269814613,0.000541728930390513,0.005906008458689154,0.028597909955684085,0.02097563040934893,0.006554746017805242,0.035981027415987125,0.028051156947876354,0.021033794627127005,0.024953301056989643,0.031974326303514995,0.028563524647073023,0.008092496618233875,0.030883587249678986,0.008673180013148821,0.014272133348767342,0.029820563726170164,0.018618038116471114,0.015073601978140458,0.01737824658166049,0.0,0.01478672146087555,0.009418155755079944,0.01624060671510405,0.004642488958863978,0.0006749535382140698,0.0045236421502106465,0.0,0.005578703592728378,0.002445880060123065,0.0,0.01474926826174154,0.00027281086847765016,0.0030371848432964163,0.006535091423666281,0.0,0.0,0.0,0.0,0.008938742306154648,0.0,0.024680086354476945,0.002820215847267748,0.0,0.0012379109079602188,0.004076365467659541
80000108,0.02508356595974575,0.021335613113175233,0.0214583488446286,0.011560731529627968,0.00033407985699559676,0.02088657265193687,0.012382105493866744,0.014722172435948838,0.01356555812578364,0.005195609481174091,0.01692363261062076,0.008997705067741436,0.0,0.005258462394946065,0.0,0.031932131965850576,6.0706323123116816e-05,0.01029217195748458,0.0007308522054193076,0.019257263176748432,0.007475422150932947,0.019050334791887384,0.0019343445516912946,0.020153183156658927,0.01072332844762001,0.007693223618256299,0.013518259550005596,0.0,0.003117873509592117,0.011523155363184661,0.005297126428715559,0.01080412950619947,0.010847630201815069,0.03063231692703775,0.028076037548060567,0.04267851337997437,0.022853311447181113,0.03824070130136034,0.0,0.021167374999122694,0.02962711536114481,0.00865020494957229,0.02732229278898944,0.011396662835036096,0.011610205073876455,0.01108843937960363,0.028960237333422994,0.04917879271652276,0.007920864162094208,0.016699667855006137,0.01600767917004498,0.012896822825469662,0.018233911215388678,0.021884327960293423,0.026322267617291267,0.02997978238732027,0.031744931665523425,0.03269068896223259
80000109,0.021862044992617978,0.02570478173505458,0.0235104587237262,0.026965631219215466,0.009387730992769527,0.01931639581866195,0.009476811651205732,0.009283945862415197,0.009068039873698025,0.005064520763510502,0.03735824980253519,0.008944917760432988,0.05064624802071508,0.02028345538193482,0.023392269550135757,0.0,0.0459019694116931,0.026321969473619988,0.023075150916296302,0.00975996642347874,0.01889360390344275,0.018223279552088453,0.018060959214982693,0.000710596965729685,0.03806990548018401,0.006162177451233273,0.03453110775333502,0.024836487979602535,0.04127956787231048,0.0,0.0,0.0,0.035918436201068556,0.023277487391879254,0.03166669537709954,0.0,0.0011892214119339122,0.02290600637240354,0.0049349803162511054,0.015322396891437195,0.00854197746777567,0.0,0.012496977504241554,0.002295323661440528,0.004140224253687467,0.002922455921018381,0.006645338974165487,0.00882078610137129,0.001131174818391583,0.0,0.004824334261185258,0.025141289386743072,0.02167681566134032,0.0,0.02555942871707483,0.026173693876486503,0.0,0.006017910800782278
80000110,0.029694044664979664,0.01739403356793871,0.01933640160952048,0.011853912325471517,0.016174215162213984,0.01765166365397571,0.04466997079731265,0.02399740985923369,0.041335463284630204,0.012004267875780092,0.03168934551864879,0.012220924180214122,0.033990074832189215,0.039864514232406396,0.03844571418544934,0.02468756833806929,0.024656155913203713,0.011308628483952773,0.05080290763376482,0.018711390329962205,0.010609956364017414,0.049912288469248584,0.02787202822116248,0.0,0.04875805457810153,0.01734364147610191,0.02415393609311392,0.025345038934278814,0.019929796082570544,0.0,0.02564795549762646,0.0,0.007458302376922985,0.0,0.0010728319495219901,0.017066624632504586,0.0035704467664539542,0.0,0.0,0.0,0.004121865815836273,0.0,0.0017676512937389256,0.007172785261691032,0.0,0.00485507864043968,0.010174861387560168,0.007072848014632606,0.008889648951993461,0.004507635815109119,0.0,0.005011870091720386,0.0009245271020699059,0.008073553044179388,0.010246692439801424,0.014062041558766624,0.0,0.002468864824559488
80000111,0.01379096712302559,0.02042644072406122,0.0064347853447794656,0.017846756278258588,0.022583937734449794,0.016150430419532298,0.001517382041044958,0.003940121073356391,0.006903553825079305,0.0,0.022495446389639847,0.0,0.017273799836691587,0.0176511807989025,0.008147838496172382,0.015045448972226799,0.0,0.0,0.013344555452698696,0.0,0.0,0.020613169453121874,0.007926405236908969,0.007595699052689654,0.01383426835445338,0.00903047295160257,0.004356263596765607,0.009489055090922583,0.006929295183201396,0.0063336316188330076,0.014090308057075117,0.006359415798600743,0.026785967914369227,0.008918331705454625,0.01848928777667446,0.03919368558339582,0.021425190231254873,0.017131544453242383,0.004874333955359429,0.013204863231735472,0.027739142749251766,0.027529016858380866,0.009691056320846693,0.02912743440263945,0.02379249717902939,0.026072354875691036,0.016982245006956557,0.017981426137524334,0.02389951439256173,0.02192958412925915,0.025657738285646728,0.006190136453760392,0.017477208695896744,0.032008997861950834,0.018168271144978154,0.031309268220542516,0.0134466196881448,0.05069789595323524
80000112,0.021339508882895847,0.003951639785922647,0.0,0.015258221725075686,0.014135573600026603,0.02416159786701914,0.003215863389565795,0.0,0.0093143737776771,0.006941087851731335,0.00422045076439792,0.00432109752316537,0.0143276281100643,0.012828126072783953,0.019250085360671142,0.02787685972059637,0.01626256582074533,0.014029892197788685,0.0195614502266408,0.004341511206629859,0.0,0.019007895215171718,0.0009614877966965492,0.0031817004423312237,0.004351548020677836,0.01582474784966519,0.009348872167414516,0.012736221293987693,0.0,0.01467037899646369,0.020821652845598216,0.02590170271818785,0.009446112856666147,0.03943765226144551,0.014014440949180302,0.012627746403059371,0.026109047336939976,0.02933925512807418,0.0035513621679323683,0.013101467050238746,0.023206039554008913,0.033255944358810394,0.0332176111374622,0.035826309750787176,0.008679751966402596,0.01777987761530988,0.016629353471238468,0.023667300203799934,0.030682312818547195,0.003484837218515972,0.05031026968904286,0.004197446839045598,0.01525908633258848,0.02329282447383359,0.011483520251329444,0.02012858716414625,0.03742228217430716,0.0
80000113,0.00792560096330945,0.004628812067986915,0.014572420132590773,0.0,0.013163742249201874,0.02407891065606674,0.009493043530571774,0.005970241879923676,0.023233713492007948,0.018401740916703196,0.011352278851424794,0.0036991666006573154,0.0029599531772939837,0.024143719827142734,0.0,0.012783776925264913,0.009518780981034258,0.009510687704480799,0.008361344934207869,0.003899628665369456,0.019160692280249327,0.007510870034683089,0.0,0.007995638850995563,0.018062960749798407,0.0,0.008609698723908344,0.01574961566345559,0.021338507963832,0.01338361848140908,0.007233610209696313,0.03593370102451864,0.014979096953587224,0.0,0.010016860101461831,0.011750483874840081,0.017731347149863182,0.033122667531397344,0.022054951554300813,0.009029135687887796,0.019451628471371784,0.016431979582648998,0.02828191272550638,0.01613311772122146,0.023378986176649318,0.035103482400934444,0.05691968485588183,0.015460184202224546,0.017547412676035025,0.028992637963567432,0.013422526896167079,0.0,0.0,0.03623878596149869,0.02295381670878051,0.028264307518991807,0.016888195358387675,0.01357183539009124
80000114,0.0007123002350743897,0.002515220609843322,0.008454129875604847,0.009921259215100299,0.010946910170955526,0.0007349647716588871,0.036793429310254804,0.021698585243997717,0.0,0.001047930730702617,0.017973349233577764,0.014586294345763627,0.01889100684155175,0.015281563048086567,0.015257912977880435,0.011388311957836543,0.0,0.023373264283582433,0.0,0.032111968286250236,0.002876123785321988,0.0,0.009465423095003317,0.02087274654099268,0.0,0.010497021766317692,0.009147521030590793,0.01099695559417339,0.021669380935468413,0.0,0.029033401399680976,0.03208759785781534,0.012741070573819584,0.006731159038864687,0.026205079763860106,0.01026334970923237,0.0037778611293502423,0.043439884657635965,0.010686321588805626,0.035314346231928403,0.02757360539073037,0.017149801199754424,0.03629281301186246,0.014032450631879217,0.0432409704221328,0.006671907000499767,0.001864694024782891,0.026915658790698474,0.008969358913265524,0.009908620829575008,0.008899460781142359,0.007257796847866016,0.019172784530346224,0.041936855372080056,0.039777498095424156,0.009001779774834675,0.010205912635094872,0.0
80000115,0.012964867746117747,0.0033089975419683866,0.0,0.022850136274068976,0.008370594353206364,0.008512224170002691,0.005443269070413745,0.012597495449972709,0.0008295903875700285,0.01122585155394335,0.0,0.0,0.00837202487360024,0.0,0.022459702464721253,0.005592336396678468,0.028925694491712214,0.0217961971093519,0.005802898109908113,0.001951641117089738,0.0024463806070416545,0.0,0.014210136191964122,0.0020839664982629158,0.011740713614917641,0.0,0.0021115140172803227,0.0037298132870015816,0.0011440573054734972,0.039564867235579664,0.020441216424986412,0.02276121733445339,0.011946125388481183,0.03476234963760966,0.021265607724525112,0.018705859071758632,0.012654301426999996,0.010625858914359963,0.022727513488067997,0.031674291396709554,0.018824889460243743,0.020641635256381494,0.048801518432660354,0.01858796283953313,0.012422643456266421,0.008654162623352231,0.03937856754406861,0.02436639498826476,0.01798270423841081,0.03906116266598321,0.01911750947239999,0.03565082553254715,0.017215839087103224,0.023824359505315685,0.0007540671020175636,0.023907466419094036,0.017401583924433105,0.03584682062095512
80000116,0.010185814104981993,0.02818131938720513,0.03092356088362059,0.025493690219312394,0.023618604913461884,0.005020590741123164,0.022436687298243756,0.02500092904719707,0.014675398799692907,0.013494309675456739,0.022441524951700587,0.013341472034006917,0.014073213501501019,0.006280723590702779,0.008029796709522141,0.0021215367259387655,0.013453670526074614,0.03909758694300428,0.015213207349319267,0.012298202512357786,0.04052234297914723,0.027322286317354713,0.02420581134621723,0.01984481770899976,0.02414009287658193,0.03498712232548889,0.03173314855327013,0.0,0.02504024864148639,0.008468195616745108,0.010999360480923927,0.017417211665511786,0.0,0.019559256119518136,0.0028976452784140344,0.0,0.0008104210539555182,0.021191412912883675,0.019281673548277124,0.006941776676849509,0.0032632667268049378,0.009929860244846347,0.003630471071272148,0.009880452008185782,0.014611983865056348,0.004709598274576774,0.0007791153470690256,0.014765717370019913,0.016616651271637525,0.007804555626045141,0.004927354160222412,0.009490699977530988,0.01485503842840059,0.0023878974880141273,0.01788610929960653,0.01946022978098832,0.0011758503826893296,0.012761866171819868
80000117,0.014630755436883882,0.01780999597264773,0.008542498474022728,0.02323515370740327,0.011834202326565613,0.00760083818205944,0.01775283633847115,0.00692629548861076,0.03598309372668157,0.010636371053091958,0.016899019855708745,0.010220931840983397,0.02557553264679024,0.0,0.011442787160483131,0.008281680102821558,0.017542702190194406,0.036818572721747544,0.02506435010173882,0.028673491436767284,0.017094577901877978,0.029680720748562095,0.028784189499274294,0.03361727975292401,0.00319392662608279,0.007204500150953389,0.00952945881042154,0.027889404166573605,0.015220801777641908,0.021032894168942166,0.0001194149198090254,0.0060082519402364755,0.021358018152797656,0.0,0.017694529204226487,0.019914054723426364,0.04153251995807087,0.008758962389127186,0.005954408908581823,0.0,0.010517814855768052,0.04005714783164242,0.012282278555441256,0.020377663378685896,0.02186494333843103,0.009385109688474067,0.0,0.0,0.00412907968672281,0.010065512639652418,0.0019515077951305173,0.0034972482088119123,0.013106968664424892,0.017652663711150793,0.00190835528363046,0.022618244186909383,0.013719384024616364,0.0
80000118,0.033918691491828766,0.009426437060093988,0.004104796356110439,0.0045435582557980594,0.010517389378773298,0.005596347532101004,0.030715462017043227,0.011727242896060773,0.003512487318695789,0.006854582396946457,0.00043922517048832713,0.00537390354937027,0.0,0.014911027418574876,0.0,0.02334879686332357,0.008878965723882304,0.013344009969425788,0.014237052412376725,0.011464626742660092,0.0,0.008415274340441311,0.01165252209455003,0.032435350423293846,0.0,0.002474379569748946,0.0,0.0,0.019433499758180553,0.026960143254878943,0.0243266432597258,0.03881855197740259,0.02820594106624798,0.01868114174914096,0.0,0.013522767356411723,0.02210672526587509,0.03272604878565306,0.0244807500803892,0.0085196332199225,0.02519534769218231,0.024064379933896377,0.024142016660745575,0.006432543068567655,0.029334240794746804,0.010895330378061816,0.02814871721729245,0.011265763836769043,0.02398818773054238,0.002006738838390159,0.022181976068400194,0.019724857480209676,0.01343979585325437,0.01635876527470211,0.012317720816355652,0.029849902782050984,0.018526729538453395,0.01099549719895714
80000119,0.011153247851486109,0.03916994283378141,0.029174765542505816,0.036422161965142225,0.015237025563734366,0.018544564078271073,0.01576804624967099,0.024131463674056098,0.016780857849534796,0.014332588632785108,0.017788205049605346,0.02633389928617403,0.02808429318621424,0.009550454457749484,0.0,0.012019476411681272,0.016537338980698688,0.02181404534686115,0.024400797419924004,0.028350396857290808,0.016358094545920077,0.010642086069313684,0.03711801489688981,0.0,0.0,0.024318563671056545,0.016706501304059783,0.015176612096640141,0.01562727278763593,0.012537331103756667,0.01290779012609083,0.0,0.02036021161399253,0.020311465809016535,0.024712478135670266,0.014715011156898678,0.0,0.012412684120451893,0.0002777106557009618,0.009698324088048117,0.0005061700461672751,0.0067872522488448255,0.01029383741286387,0.00550409544054793,0.018855571994979663,0.0,0.015477277811787869,0.0,0.016194359767526388,0.00019782424743198192,0.0,0.025940529994776584,0.0013990186657229973,0.017071850936190656,0.01906039186560306,0.013820960681003695,0.0031052785951138687,0.004903047807164371
80000120,0.02876349591241967,0.027432792887735886,0.02089088706456937,0.03367731924755218,0.03189111188097233,0.018902691763849015,0.025465668584781654,0.02923044269143789,0.005437198666128569,0.01650901091755109,0.02373711989927683,0.02511210298385594,0.02405762590783106,0.011416231950532768,0.013658025903902686,0.010888614550942826,0.03159514572271601,0.01666589999232134,0.013340761888795166,0.023927239079756128,0.012003871681663603,0.026052602134716774,0.02277969182533443,0.0037235948216809527,0.03130887294384277,0.008298784959068436,0.016058967037558766,0.027156516274824398,0.026103880259438945,0.0,0.0023800870736011724,0.014470309177064681,0.0,0.0,0.0,0.01287743077714409,0.00802035985531858,0.0073013716486905475,0.024832006324050485,0.0317701312678652,0.016282045702723517,0.01646906229593141,0.004976590146078116,0.0,0.005361933414333502,0.0009827605998598552,0.00036113865584689377,0.016011805468980806,0.03437930884485656,0.0018992395802766952,0.028067292941189065,0.0,0.0038605442395938674,0.0,0.001329604136186077,4.104231794283582e-05,0.0,0.0
80000121,0.037755543893836695,0.013122907053856065,0.0,0.03078853955277328,0.021055790542394193,0.007863394622726748,0.02063608791183038,0.01613706678247477,0.027381633361459403,0.020399778391496898,0.010918326511112767,0.010662974875889951,0.027556667526579502,0.011957316167114833,0.02611764239306197,0.025535240643846626,0.01305267894782865,0.02558118955824133,0.04137103717857004,0.005816412490459017,0.02373243149182549,0.03581082193531973,0.011323499696142403,0.04091665336286336,0.029642026495898612,0.035404917823019626,0.010581756731165712,0.012914310122728737,0.02416596937881437,0.0,0.011985135652023027,0.011617098179098218,0.0017624888343446862,0.014490308265661372,0.013043285433457672,0.006702134428135129,0.03163297073091109,0.010357776157636465,0.006379620801465822,0.0,0.0,0.0,0.00814792002911802,0.011923333107670688,0.00944183200931772,0.016270760717991464,0.02100987227710704,0.02030961156478128,0.011795514494953504,0.008294055847097609,0.026619827499443072,0.010197761349997163,0.015292863417297149,0.0,0.023449235347097575,0.016295828383198326,0.008553899836632496,0.002949704770704204
80000122,0.0,0.0037648469466075108,0.021708174045733726,0.022239878856952864,0.018372079647600913,0.024969600581440484,0.016503082153844138,0.02226447626092683,0.005533329671920858,0.018554737514870318,0.003174504690250619,0.013740128882515384,0.04797447996914812,0.03889016134332198,0.009733720630135684,0.014601254375269941,0.01623353273344537,0.036185862654800796,0.006459157938655689,0.01564996476092066,0.0246572463805505,0.018105233186394742,0.036172701044047816,0.0,0.015970613112375062,0.03903451792698197,0.006083760236547284,0.02887611376495593,0.015830733807299113,0.03399419643799178,0.01921985197011484,0.014010355656157483,0.01506903843846813,0.003060156174071101,0.002565873003568176,0.006213946373805356,0.0,0.023673888642015375,0.0,0.027021751408764706,0.0,0.0007544523699495096,0.016885652685084407,0.00907881263677065,0.008849465542465311,0.008448906929015369,0.0,0.005323252394710715,0.02066248358140882,0.009385133693089964,0.007768336544629783,0.002108292918821801,0.0,0.0,0.0,0.004787639693002027,0.021893039650093614,0.017176798099036193
80000123,0.017903202076013407,0.026978192190581986,0.019928669060974864,0.023109847860253024,0.013972628988931604,0.023184791250525992,0.025394887238057492,0.0048942119363018744,0.015724534059724123,0.013954835897952177,0.007349556431562472,0.013468408163678083,0.0163976318228843,0.012666218950436127,0.02129985849553144,0.005181712443937359,0.03934297063920631,0.050710066849751774,0.015978936519701708,0.012482243178316827,0.02297871523638354,0.03843570054956055,0.009032779086855238,0.02420488322455018,0.017918691736838868,0.022524463533162807,0.008899579331776014,0.026522372595231093,0.022146668901930105,0.008124462200726351,0.0007818249840813214,0.010413316885398403,0.023974069352372538,0.011356396136646801,0.009299896003441136,0.000798897226522498,0.021069782837460044,0.00873466972734251,0.005360384176463939,0.02100701749670642,0.015616694471553049,0.008977867541595849,0.004866328232738754,0.017755836121007982,0.007874911776779774,0.010356423060085568,0.002856119880641009,0.00834796851183128,0.0,0.012392066331743109,0.0,0.017291708345149932,0.0074847898395294,0.0,0.004789598390033403,0.0031617556980333933,0.0023451539650441973,0.023791957220556163
80000124,0.01290432298451507,0.040568964799414256,0.030433870599433168,0.008315373050615598,0.02469605418999989,0.01689248323797195,0.016738412696333502,0.029288674549592223,0.02898156011330989,0.021479644177816167,0.031945440146756356,0.021372645559583337,0.01410761638202302,0.03128268376402018,0.010351830202239537,0.02736945667607893,0.034526756133272975,0.01586589510202835,0.03582614270566922,0.013939576240857841,0.016614482240160326,0.025571552555381707,0.032431407524394065,0.0041908767206677265,0.019246462032400314,0.023192253147355832,0.013018685644521378,0.021913871830609524,0.0,0.0009591747055643631,0.0,0.0,0.0,0.009394769945166486,0.005036873456830432,0.005930900197771199,0.022714114616641547,0.017438086892953637,0.0,0.022565613368456694,0.005503779799895384,0.01636236688590125,0.00902975741968199,0.01253666636107489,0.0,0.01815308779647634,0.02725539257674863,0.00644439491949087,0.01647986460705166,0.0,0.00478672864993345,0.007570720742703465,0.0029928388168941056,0.006729772653578681,0.0,0.011391270345263606,0.01590585583408896,0.0011129616117911084
80000125,0.017663279850705267,0.0,0.004478714231798268,0.013392879190639062,0.02150714779936844,0.023991018486417163,0.004580168627462692,0.002598259952036271,0.019442105445143177,0.017244618325555124,0.0027897807966387068,0.007343290574201527,0.0034295439050299656,0.016882654471826554,0.0,0.007078102252061009,0.02123137105620791,0.0007659703988581038,0.001682530389633235,0.0002235777044116321,0.010387589885532891,0.011335292452969598,0.02086027718176981,0.003015384121714497,0.020807359217215615,0.0017321787701869696,0.0072529199249842585,0.015607395516392022,0.009954081504028085,0.022033750554457457,0.014753365809072402,0.03666968537691484,0.012502026731891842,0.022097952518727107,0.01949918015899325,0.02535486051193477,0.01927252272048205,0.01600600637106132,0.006628922261572106,0.011717598356303925,0.014065562419840793,0.012937529652429485,0.003707828400844197,0.008000604811891583,0.044969956206054595,0.016047778819883146,0.006023708513438768,0.02127395085664221,0.027702513295440285,0.0275459146498892,0.03857917521715607,0.020149111787080776,0.019804360758055025,0.02861690198579506,0.03491575308609755,0.007343989400641737,0.022838964505057242,0.027116745123171138
80000126,0.0,0.04206176747625614,0.009097264563605077,0.020427542999263772,0.0018109146950951573,0.038799020937537905,0.0,0.00988849324709443,0.010349099069964132,0.03012499652103917,0.016993871428512258,0.0,0.0367491129273828,0.01831399953242827,0.014443080034302799,0.017084424976174975,0.002879322222045647,0.007197897851305731,0.0,0.0,0.01601750517105193,0.0,0.01092598883201025,0.0,0.0,0.006482837103956017,0.013996964872689057,0.002299089754523474,0.021551326010111053,0.007678341740874185,0.04525575446993856,0.004144889228229808,0.001173765404713678,0.013539014406706193,0.0,0.03536523283783757,0.005203224100888503,0.004369413902318245,0.0,0.02483771196216496,0.0444023904181142,0.039763724315098184,0.00029023138115863965,0.01971020537941374,0.012729789715765537,0.061216602693343475,0.004059219136170613,0.0,0.009096442022696457,0.0,0.002932820013752365,0.004388238237155988,0.012064784401596688,0.0,0.016713593725343583,0.012531581403220984,0.0023822359238615414,0.004434117920185765
80000127,0.01508718672154552,0.007306288593224091,0.011671000314332153,0.007902393360199553,0.02222936212762798,0.000653421962660995,0.004656619167784409,0.010833995628139364,0.010371612962192921,0.015506330745186774,0.023083955540963787,0.010889343347921226,0.0,0.0,0.008419406919599297,0.057821337649480324,0.01195330472740076,0.0,0.00035848867669174627,0.017120637074212727,0.0173986449163578,0.04352627094386416,0.032538679528927826,0.010485062422551832,0.030693766965432107,0.00041080256898627844,0.0,0.01765774344068494,0.002241639011886678,0.012192298905192332,0.017205554518632475,0.01042240251274261,0.0004173575530377092,0.0,0.02548203583781663,0.011437351614091743,0.01718471022334101,0.0,0.0,0.0,0.02956915194576861,0.02546086984626188,0.02283572540727883,0.005040012760657367,0.016597525542555933,0.059326784873138055,0.015138656837003689,0.018186153884125287,0.00139512407153064,0.0,0.01997607277572646,0.02341867706231653,0.023333385817809877,0.014746335443629445,0.022253747617643763,0.01925659110077425,0.0119795079570799,0.0018263669034179807
80000128,0.012789059664330964,0.01686901142481563,0.0007875607572660702,0.003226007520160014,0.0037417894135367414,0.0033308736164303337,0.01459033990234827,0.008370052374515775,0.006925275305725665,0.010592484604389938,0.0,0.0071834572556838,0.007736907227115896,0.025508453352852303,0.010178375706792095,0.0,0.016919350951390535,0.016967518742820015,0.001968617230271679,0.011890816943813188,0.011085178941156128,0.0,0.014119440953549918,0.009579851378770168,0.01280397230538802,0.0,0.003550760068060594,0.004994204890891915,0.002400974627448058,0.011661075043886334,0.018107774107341747,0.029282585874087007,0.025097044462092686,0.031828551551169704,0.034049112693362533,0.021509465087845896,0.015133142490153772,0.022690564129720783,0.012748739481325152,0.022338955040076325,0.02989525670997988,0.030103644658811293,0.009243995590551566,0.021094180142412017,0.004909493396265168,0.023533334496705485,0.021922886764782788,0.005642530011735607,0.022689383311157923,0.028153165844550666,0.03500530229143766,0.011585028885975415,0.02732044713541361,0.029361753612096874,0.0056538993801223784,0.03051023546195449,0.02796075299207815,0.01520057452537541
80000129,0.02879746693261223,0.021377566082468366,0.02122702393302788,0.01960997521668848,0.029420487223159857,0.008217278042560977,0.010793917560613124,0.01693816989668907,0.038473334156244626,0.01968463093574103,0.015713274175583776,0.006291781561581169,0.012150768203291022,0.0,0.012940890882912299,0.03171740105444065,0.018041427296673455,0.00034819177929223965,0.010306179665284488,0.03909990019708191,0.04834049431158588,0.010267339195812736,0.03983334580029712,0.009731025198219634,0.04530863526591738,0.027392834638258878,0.03397082508852405,0.008333915251654549,0.037249432597725146,0.0,0.014736959901225926,0.010225058184882575,0.012622428704467895,0.0233828009700979,0.006264497422868456,0.009453184007229155,0.013269852186885827,0.013046823299957846,0.006102948059678638,0.0034662778737749866,0.0013404767113860308,0.002638521363981812,0.007534076357729839,0.01114406673947126,0.009178662994641384,0.011375305626434557,0.023669188543028494,0.005074670777666202,0.006995175753404064,0.01512415360511137,0.004370223978190679,0.007599429059494522,0.012473944021344737,0.0008166000198197244,0.0,0.0,0.0,0.017908987700711157
80000130,0.02356929703179618,0.012068807559479089,0.005975278585888375,0.0,0.00861306818434085,0.014725313628433653,0.005584351608981703,5.9736282888481735e-05,0.012055597062981602,0.009921753573373021,0.01354500936988298,0.025720519531542908,0.0,0.012532954298564623,0.009005387738432664,0.009396901760136588,0.0122451549034826,0.008414151484331531,0.0,0.010300484704308822,0.0,0.002798047229358373,0.014909895784563533,0.002189413176784239,0.027373798105418838,0.0,0.01761933484384953,0.013803592498959396,0.0,0.012819308766595094,0.03868041359050047,0.018410339110657665,0.010891814822009146,0.01635087649575212,0.020098379736036235,0.02462647069493461,0.041223613190117796,0.01745762888943273,0.012274017258190726,0.027406182711275418,0.007899437280707303,0.01906313767792888,0.0,0.014208491884411444,0.011346144017354606,0.0198787926671412,0.018489383518956317,0.020687613345177013,0.01914657185921348,0.01757543455244053,0.03456888127927275,0.03778344519389102,0.011183811388205801,0.019105895005304997,0.0355232631667247,0.012363999054541913,0.02130671064606774,0.005115436637052883
80000131,0.0,0.0029048818487534453,0.01066609631097501,0.03006028924183931,0.0036170575939620843,0.02764670105177199,0.02263806820932279,0.024280316903179288,0.02877167048631371,0.008345200315917936,0.017989808962174662,0.005564499862231136,0.00619266055718883,0.017548408317932036,0.0,0.010747648378049826,0.01813709932554138,0.010382301614256396,0.014200088786988628,0.005166618488415515,0.0,0.005408512383597017,0.011688051846055137,0.013837879862272511,0.004637814241031333,0.0717667869879017,0.014484947060234397,0.008897440832058017,0.003315677604352256,0.010528490300629845,0.03534752548545088,0.02391483825912241,0.0035258120108414286,0.018164683606803903,0.006732733584346159,0.02056266511688079,0.0,0.00042142301613821493,0.0,0.013229492736805444,0.001129404443743539,0.006219424051494632,0.01565247447793054,0.006361363775525455,0.0046095540436305584,0.020623493782945646,0.037778210345458335,0.01614826051250968,0.016116097568192586,0.025827484615239007,0.00785127738131214,0.0,0.024884928878100857,0.0,0.02675154037829935,0.0,0.03340554083587328,0.012603108986593807
80000132,0.025874914818108805,0.012550811359772226,0.029817299378112498,0.020378310780406705,0.026852035027211518,0.04206238102739953,0.013456071430963893,0.03858805012488752,0.0034506976441687157,0.012347055954285466,0.038215315499778996,0.025623796065717488,0.020761148809400203,0.023442648177817924,0.02152024715356191,0.011569591763604703,0.020004072745886226,0.013237469819185702,0.014816923249220886,0.015831767825461543,0.016265674339314584,0.011930003303143042,0.028715533436195474,0.045367827826480175,0.008640160052431616,0.023913895120830864,0.021091590200532775,0.023623563954576012,0.015341155868428507,0.0,0.0,0.009361835978262364,0.013397009863207635,0.006171466643131976,0.01033671642729613,0.002921386283991984,0.006961495590294955,0.008915099617365911,0.0,0.010583143065710024,0.010440728964515771,0.0,0.007336189056694001,0.0,0.025818044450040517,0.022133725134907366,0.012169242860663083,0.0034092523662860624,0.014369004665440537,0.0,0.0,0.016227776330334766,0.0037280440635427624,0.02249890470215658,0.0005217203868318722,0.009658394688644378,0.0098085603523713,0.012937273085538253
80000133,0.03028156291843394,0.004083039064918248,0.008431086600427386,0.015123898011713826,0.0,0.016015826421338742,0.013023457909962904,0.0033037329385568834,0.0,0.018821317889716378,0.010384491398392603,0.00044613569803578424,0.003561305932960299,0.0070802916510042235,0.0,0.0,0.01374400123620247,0.012672909070836567,0.005492525301785601,0.0,0.007680267985008557,0.014462632945430988,0.01861999110136038,0.007612526881243708,0.009288717472308621,0.008866590300437328,0.012786257498881575,0.013519515576519365,0.004556844037262166,0.012964302894677976,0.012199217738794486,0.036347580718934173,0.02184536569094289,0.03271957056535128,0.009708176447693896,0.016775325765317504,0.024504733055917178,0.02143552813590537,0.025517613231619156,0.032191438497698385,0.027436450285519887,0.011045754316418159,0.01582861176566341,0.023326758236187357,0.006527242059342694,0.005779593431913623,0.024091208811751533,0.030082491533405434,0.03170937185093966,0.010246647112831393,0.021022459707446376,0.02165736298736481,0.0,0.022473054398392974,0.01978400926800569,0.023556132739095053,0.03349502577804944,0.012993555731457999
80000134,0.010673006254959934,0.01425759152906968,0.010863097133481612,0.011287676979320338,0.0060022303491212865,0.009446653454162488,0.006565357540653503,0.006856717784913501,0.02435585307501237,0.0,0.0,0.005377664435759154,0.010354168545183678,0.0073147812200677,0.003578623904262382,0.0028729947820898025,0.005757697381726631,0.00593594410731759,0.02150423304315339,0.0018031025669966194,0.0008706481059500852,0.027523194393033544,0.009122147365515709,0.0044641368719989,0.011785033858647742,0.019303511093901878,0.02881191913545477,0.018924313711172414,4.7464437545637076e-05,0.012641393348380178,0.015146836406010972,0.003734654403286486,0.028329162628163516,0.02160120853067667,0.01397835323965315,0.01398895576663751,0.019953303244156482,0.0017227500710512542,0.021349850559028025,0.018571692204222258,0.04583026842868413,0.008860483678748931,0.03852637939486813,0.01846806106362491,0.024726637660850485,0.03406090668567391,0.017600036808549335,0.0305280575757684,0.027890644439522373,0.02499154844754018,0.0284991704537911,0.016736120024334177,0.005599323727174786,0.02752127765320145,0.026626322498977426,0.013793166754038775,0.024584969736803484,0.0157417749229425
80000135,0.004887200657662163,0.0,0.026868598638103234,0.014378965434342326,0.002542762590993769,0.020769497754787633,0.011271878991154278,0.011807248181958574,0.015219678349025396,0.00029526470401751486,0.0,0.005047020394731613,0.0,0.021830113108388574,0.0,0.018994938214949745,0.007342882071116865,0.01167599627765005,0.017820534749640727,0.015865812981434746,0.0020661245326856685,0.00908665693590389,0.0,0.006084575412971666,0.005359171270197509,0.0016790123143009946,0.003383193271673342,0.02450239720231292,0.007041581012357298,0.02143505115524797,0.0,0.02562487368025745,0.019280974147536406,0.00996910177572971,0.007570087866459842,0.025903855486596242,0.022866269563480122,0.03368124394750461,0.017392900893670696,0.02180276884983473,0.009033938563736124,0.04410673609027355,0.02499408932457388,0.033612247899019065,0.028020698917766648,0.03606416688835426,0.010789610867589021,0.005581601415584518,0.0,0.025179050352109,0.030717104190638517,0.007301704910272214,0.019630958884261068,0.027832324836510852,0.023408631694352342,0.018058979138387905,0.03818174590543077,0.012365570229615704
80000136,0.0,0.015782178674425093,0.005251012701315076,0.0,0.0023171103792393893,0.00969943792444063,0.07320191349003527,0.0,0.0,0.026088700989434135,0.0025958315259341025,0.015432464417570515,0.0,0.0,0.0014288840599788512,0.003948072117866981,0.02013172031512968,0.030739254926284675,0.029095735906243102,0.0152523375397933,0.0,0.007517556603036495,0.0,0.0,0.013870476856857836,0.032594529688955105,0.04071391935073371,0.062342238858401094,0.0,0.01303132035363977,0.005638285360644827,0.040216786624485135,0.00537148423319847,0.014872608211902522,0.02772361305821161,0.018426662415065367,0.014891557744260838,0.0,0.008627448737446834,0.026116607685749114,0.006990463413669479,0.016593511118335416,0.021223796099149057,0.015538941309998387,0.0,0.012979751030604168,0.03462312771742496,0.0022157271192426806,0.009187184838716993,0.033074383936483556,0.019057581511556988,0.004041415638014138,0.00807691092944867,0.01579843310157359,0.0,0.04362142742401943,0.011653208715459827,0.02161418737961362
80000137,0.0203897760784454,0.01836629482891708,0.009186213396454973,0.008153884099138132,0.008407995445998562,0.019804554270279887,0.03787205353455333,0.011855607613099355,0.008388664963131351,0.0027577295778646862,0.0011530527853571022,0.00266896230865056,0.012082099844678704,0.020500885992674803,0.0033404540657293942,0.021036420060909916,0.0037409722388425807,0.0,0.005553739471376152,0.002623455054593277,0.0,0.00467151829169659,0.02011666440207141,0.0,0.026956864554912592,0.006870978129922539,0.016960275552058892,0.023355337304864478,0.0,0.03099566878499831,0.01675143662706663,0.010787788848711049,0.024305888725126155,0.002339929858804717,0.020795728840896744,0.03509907531901305,0.03333876737130623,0.020227752518021565,0.02468872704098451,0.014952018405235341,0.0009409980622877373,0.0019205141469176052,0.025408551263779486,0.02808473667325646,0.03396083593316456,0.014459537045070891,0.0,0.023093239942199337,0.032083289769104704,0.013433054333219374,0.007896845687310389,0.003401027185469393,0.02861663358318808,0.03046560960623146,0.021291466785672994,0.017149694586398645,0.01939755742794802,0.023699773414442408
80000138,0.04109080178057686,0.029945970470896824,0.03903811315050034,0.02040402801510575,0.014113955471686139,0.01912806932701013,0.028727240982223973,0.017693413031393452,0.021306042026735274,0.026706421556437425,0.029785341302196143,0.02114694417297318,0.022134372731133337,0.01679340109393065,0.01607038561236789,0.01209823712903788,0.023576738891839612,0.022495348871304527,0.010112954855438925,0.03237076957820226,0.010630720405230916,0.01263354095072617,0.022709959980874213,0.0027642597375089895,0.01670830608210196,0.018018846691548407,0.016920937239546085,0.044416366946954666,0.020614773880470727,0.0065278305526484766,0.013963427745658018,0.008057536745724278,0.02287471146520455,0.001916852617598988,0.016543541910884953,0.009333508748325104,0.002786319948926,0.016268529466751572,0.0057413404670089525,0.0,0.008897411185651424,0.0025917744012860806,0.007471065564876179,0.0,0.0062196269527397905,0.007585859596690639,0.008751006149552636,0.0,0.020270822511850344,0.026641337370710467,0.003379534437253214,0.011308999290100277,0.005392664656148967,0.016999474769461752,0.01106694326353621,0.011185195645395041,0.011854390157407994,0.0014002457945002044
80000139,0.0,0.0,0.002252534251548487,0.0016155587608142183,0.007694153373678847,0.001623308286747674,0.01342915631704676,0.01414489745835866,0.0,0.020355960145038505,0.0,0.020670690189262306,0.014652125048149058,0.0,0.0,0.01822355282792259,0.019431938926409785,0.012622541182928946,0.023971000553223553,0.008955268019973433,0.0,0.027958274278801827,0.011380241359442671,0.02680628486274155,0.014784925836017527,0.02664384487191883,0.009493602200539516,0.007198517402874292,0.0,0.03095779155150661,0.0281819273693317,0.028251544715850948,0.04884122865892056,0.01008400327935798,0.0,0.030102004267714505,0.055111561964831614,0.004844935985613403,0.0065814550694259415,0.0210250853489972,0.040058940632533485,0.015156084595287835,0.01719575268782209,0.02254869588563771,0.0019236058531711888,0.03508975571750825,0.02849293235611713,0.025934001119254566,0.028444482037357048,0.019521755903510143,0.00029040204247006326,0.0,0.011990691366181697,0.015366467593133818,0.005732025616410652,0.019934440603874753,0.013798878852056433,0.02673907835317084
80000140,0.005350562769445001,0.01118035365298809,0.0,0.0,0.01354101218156201,0.012602004010810753,0.0011936743376784668,0.0051654888141813154,0.010657895849027987,0.006332070973472447,0.03100290429744398,0.010655910585634573,0.012198961689702841,0.0018813284199904997,0.012341197948062807,0.0,0.020898200312047786,0.018582154704090373,0.007070271332894408,0.016031765732901174,0.007422619659011709,0.0,0.012378971140623304,0.0053093801127212185,0.01769809358900964,0.019514663212334,0.0,0.004715354936463038,0.01688197072899145,0.012719515598873916,0.013440881557737809,0.028186355715762126,0.01964542441259771,0.009757408411933162,0.02878304180292906,0.02442020875649316,0.02352034949675446,0.014132289983063736,0.009270433483458834,0.027893262618900655,0.00647890381643696,0.03125412474450414,0.021208866548617093,0.011204988242954355,0.007662271060149375,0.011513800288895013,0.05190073271821751,0.02218939645002649,0.016989078222729073,0.01657784985343753,0.01128870014479373,0.04152008798285835,0.024893171324422328,0.01505950867343553,0.012589547722136189,0.027654519832466185,0.0,0.03286959525853534
80000141,0.006402352873561137,0.010080125405289804,0.02215327655814663,0.00601125104719988,0.0,0.006819059710093353,0.020333359445673296,0.0,0.0,0.0010680049286207107,0.016657823315899607,0.02522534628247361,0.039870275287465236,0.011837443324366584,0.009923580190217718,0.016306765231182154,0.009206052163704655,0.009692733622610993,0.006866559608960184,0.0,0.016304377041616223,0.00666836996087863,0.014866947653981234,0.015521511472749201,0.02886911875575357,0.029332445661095958,0.02689044952541904,0.008157382641726312,0.0007531307019829072,0.0,0.0295297472303326,0.0020315336624963506,0.033557771302848406,0.019021238179873824,0.020178225948323088,0.010528701206909862,0.03760444472808845,0.017297258796341253,0.013108112237168887,0.016762548771711565,0.01576906864532204,0.009099474266073857,0.012448618863458728,0.0210460925113611,0.0188316778358794,0.004919358976029338,0.020652235220852747,0.027257280447897526,0.018965076892757272,0.02039866115693701,0.0024180742980937,0.01703447914453769,0.013931534345791053,0.027033959331686362,0.016720020008510958,0.015350891609792285,0.038953916766063926,0.0005109577371898065
80000142,0.04228457051755247,0.028894471859149666,0.018494801296227024,0.012221469558285824,0.019045336562235192,0.008060073104998676,0.01005369479755703,0.033149869239167344,0.0244553757471346,0.019017335413667544,0.027509312192780758,0.018163604871628356,0.032147066616681555,0.04792628142030663,0.019262444508227453,0.018021677421840823,0.010808111813852947,0.008899490613787225,0.012132843870654273,0.010772952246355702,0.018560188925771746,0.014515747894166878,0.01627019524452087,0.006913690768439662,0.015041680848317512,0.02480894078250472,0.029842167001712803,0.025306568161229177,0.01250572982536425,0.006596482227933794,0.0,0.0023209611267895735,0.006061087845592695,0.024587678255809455,0.01189113151626722,0.0,0.011392567924013412,0.007854618142355682,0.016475473608125575,0.012857761105718455,0.014875987916135293,0.0,0.0018428875342666779,0.0023354754236785766,0.011305106825299357,0.0174220725196924,0.014680233095919641,0.013817559081628924,0.007646501353195326,0.02193602417878045,0.019538380732073958,0.009802460019599597,0.0,0.0014630201654339805,0.0,0.02256067475286404,0.019943395195454135,0.0
80000143,0.016347320351220024,0.0,0.01347697306401522,0.0,0.0,0.0,0.0,0.007426857408153317,0.006785230469014312,0.015529697400043443,0.015646706793716655,0.003919674790364168,0.010008643336815748,0.0019069312118564087,0.0,0.015940455985055176,0.014474303537196986,0.0,0.035914038397578875,0.01991921061312331,0.0038626683991772907,0.002769191226531893,0.01954546827605187,0.03011157984844677,0.008120731630015377,0.026454582148657202,0.0,0.00574091414353424,0.020664865810865466,0.022873913073222427,0.012392847221564385,0.0245854531403363,0.02731020253431541,0.0030412359176259637,0.03553529467336147,0.023306492514060508,0.027275746113251828,0.025796286683306458,0.03664951587142263,0.018897736849424012,0.0,0.013324890068487447,0.021999569420498754,0.028600887094310492,0.03973197313600408,0.007325241393291215,0.019553874812016054,0.0,0.03398248343290589,0.029531503987552818,0.027400382046478926,0.018506760777155854,0.022224661701171516,0.01344405806515904,0.02071035928980313,0.008221350151354029,0.011177312610402227,0.024947927720053147
80000144,0.03026930107698802,0.02543377649893265,0.02315948991038405,0.024057473863292256,0.016485876110383123,0.0064111258192569714,0.0,0.014173434094238829,0.014439217717531086,0.017375504937280198,0.01996228681189325,0.01392246137594089,0.0024813196241516657,0.002716321892207867,0.009966934672280681,0.021640224342089037,0.005308077625628195,0.012966690613140958,0.0,0.0024020858072770625,0.0049316922030144894,0.005216176724270808,0.0,0.023651800807255194,0.0029695343204071845,0.008690663461177703,0.026155296885424256,0.004248016246545877,0.017549542009290427,0.003874119188460551,0.027909632967603064,0.04231283250581112,0.018120350427209997,0.013935192354850788,0.024085620099609236,0.0015249467374345532,0.01904249319640244,0.023387706088793897,0.0038197591354641666,0.024344955310673336,0.02180684527977965,0.007861069863450533,0.01058709652185306,0.02417371523218932,0.0008788462499627169,0.0,0.04791247501307738,0.013025551514361211,0.029686951615252685,0.004259953835099584,0.04520437525865032,0.024535897788401647,0.025272056624600345,0.01116934696715176,0.018221441219123627,0.016322021256190304,0.0,0.0
80000145,0.019605849581043208,0.0,0.021658225506234554,0.016953706241880466,0.009237854541619786,0.0004591261931166076,0.023409964417621366,0.017485905480968632,0.020992814420029572,0.0,0.01391510960670933,0.00293673814032369,0.0,0.01325419001249135,0.026980395419171656,0.0,0.0007605460517666681,0.0,0.009241819201128562,0.0,0.01191181891506561,0.008399480818807719,0.010155844722505598,0.005345219228298721,0.0004987771638600576,0.025210107643280737,0.015601856113989185,0.0001576452620251207,0.0,0.018387954568997653,0.0213026215884306,0.006626972969976326,0.023368294521199692,0.0237520065811091,0.005505538468600389,0.01391855656256174,0.006385585883255177,0.011350128092830161,0.026113997987978133,0.026693096393394934,0.018661431149105658,0.03623413841644372,0.030393327374547554,0.022945385310584536,0.023034940732659877,0.021111660506184567,0.03181928960271083,0.03042713853126999,0.019646195184242276,0.0042269446294362955,0.011266043129658057,0.03835668543642211,7.330122748202426e-05,0.0,0.02830152340714458,0.00900413340690316,0.01110499937997918,0.035858072190263594
80000146,0.02967962776706538,0.021459888493294436,0.011981646092119743,0.027731626102176863,0.008306398185370696,0.018849341854914246,0.0215129344288439,0.03509013490326465,0.02478285431455391,0.017559605844315596,0.013998965052855639,0.030282511320354262,0.023162182958264926,0.01763610090044698,0.021805930391152306,0.019597249782689067,0.013155377510171682,0.007236611494540235,0.03020916562034654,0.026428662711615775,0.029258382005138257,0.02237872831868933,0.02070759715795801,0.01888951981332591,0.020082679223079408,0.025228500111550076,0.009084682087710284,0.023050114962852426,0.024477887871813056,0.013305887281680504,0.0,0.011986362827194381,0.010017413089259726,0.02071906092138236,0.0,0.004025588260352694,0.0018663527728600895,0.025847682157657006,0.04594660728106039,0.009143874184883855,0.014320554115946536,0.003906334750379953,0.004449572315000783,0.0,0.0,0.009501896766417545,0.003984829216557053,0.005898514085321293,0.01436406506212778,0.0,0.003383049643792251,0.005604164915389594,0.011919507244550936,0.0033567806566200844,0.0007362080943858838,0.0036960163642653105,0.018444625344815013,0.003401021149929206
80000147,0.010030484333431096,0.013360414940098304,0.020410177262634895,0.012417693312777365,0.00854556458358044,0.0,0.021399601402566103,0.014093993401152315,0.02355795570732164,0.034599346674884734,0.0007519088736679123,0.01314269428656612,0.009849829641718866,0.0015645265808286789,0.0,0.0072046577379091675,0.006498913306073555,0.006385749401264012,0.02468269037858798,0.0006580526560320669,0.023279174652233742,0.011506790068043088,0.008153272396636936,0.015398865098261773,0.007570634643136884,0.0,0.0,0.014608168537133802,0.0009769204482830984,0.03694425209784853,0.014152455678759654,0.01014722773053087,0.027106349110935426,0.013681525040583177,0.020354861836233886,0.025926952776484866,0.009939458529740661,0.030084111372330833,0.015594404702146488,0.004322689467034292,0.03534003582478188,0.016105859004473803,0.00994241013651126,0.009504836921495351,0.02126797063604636,0.014410735640443944,0.03201176291037797,0.026507268158192213,0.016407814952564406,0.019259446915750354,0.02263952514375434,0.017371332250010987,0.025764821953453445,0.019306270238039817,0.016772434020864976,0.0037601265019472207,0.0012480389025847608,0.0106078635550839
80000148,0.007912619153622439,0.03193424944435258,0.0,0.0,0.0014898137968208016,0.012108093032928514,0.01102395295051805,0.0025033103578949324,0.006698616240781876,0.0,0.012034013019655999,0.011321536537327816,0.004246495237765931,0.009206773226896442,0.0,0.01590734662349119,0.013657381660775179,0.00036329405334164426,0.016231286212304342,0.014558883967479192,0.004339311264817388,0.005445832915134598,0.0041141116851156736,0.016797330875734123,0.029546519765746956,0.0025923463153414766,0.010994554982090055,0.0,0.0040284865672325166,0.016771271832848354,0.031536381560914276,0.025531550842859952,0.005135311201583848,0.048886307672586185,0.021315447313212048,0.0014571992894890909,0.032725071983057734,0.00996881043441186,0.022783620269005923,0.03500583253394846,0.02346847944220649,0.021232841871659174,0.04174777276632797,0.001689136700689173,0.02542637172863618,0.02199170972238729,0.006215006592000023,0.017688654679185425,0.02270958877326352,0.01531275354469009,0.026186364175883207,0.03037516842579763,0.011873581573132862,0.02328380815902998,0.04046481864088653,0.01795806086372775,0.025600191884390583,0.01069538851843997
80000149,0.012236652406587918,0.027553318357804325,0.02222198083927097,0.004471259734041983,0.03459365466923111,0.029948318112367676,0.022433117776820177,0.005525146319654923,0.022104208866981733,0.014807890602729702,0.030427435430840775,0.0,0.027863333161433367,0.03441138651514624,0.015299927091649191,0.030648995002794895,0.02874815344309743,0.02472669105502509,0.0020023397156675657,0.033727796565331605,0.0133906394736791,0.014898428904863092,0.027701408899159875,0.030542647665806753,0.03524628028357101,0.01973001976518259,0.03010962461174415,0.0026496702692566853,0.015245223738742089,0.0,0.0007673171763421487,0.018909560150890514,0.02703822740071166,0.0,0.017455417828770775,0.01463514993874642,0.0063856286337382615,0.017214788280013205,0.0,0.019871750337891465,0.0,0.0,0.015360068182266012,0.010771019177465164,0.017767339553478943,0.012572530723674103,0.013479057110690494,0.006567928210478749,0.0,0.020290772059912348,0.0,0.020421439519950745,0.03211721849256909,0.0007237515866072463,0.00842869020149437,0.0,0.0,0.0
80000150,0.0,0.002218310931221274,0.0031076410257142744,0.01307138809655951,0.015404414120996976,0.012624707130505237,0.0,0.010012167689458987,0.0,0.004363563960383827,0.0007504512982887641,0.0,0.022481361178919048,0.00037189775816802374,0.0,0.005213068300029272,0.012786911775642996,0.0,0.017268063404857596,0.003953019248873854,0.005847242452612777,0.0,0.010835923337443761,0.0011645798781651157,0.018057667257952874,0.004136145428599942,0.021246804223071836,0.03405636773428121,0.015135206225536862,0.028894372524894123,0.005103948001228143,0.04175822741583641,0.003397770860791212,0.005067116296447028,0.02239253316634119,0.017599415390239286,0.026474571788296933,0.03605508080419162,0.018874391113094174,0.02647449694543331,0.01808069163053854,0.04396152339309292,0.026664210097201636,0.030319153107432287,0.00917154511934781,0.03658436658815971,0.009692760039330355,0.03194541410522718,0.015017356180671109,0.015930363319507233,0.023787103857124698,0.0019934190723873237,0.021712572800116587,0.008973824192380582,0.03973607301102031,0.02638336503244916,0.011369590591290479,0.03453804538330298
80000151,0.016230406270169282,0.007673728873224967,0.028743258416259656,0.020433848754269155,0.04654087990326919,0.01737967047506565,0.008334601302749546,0.012789361043405965,0.021028299039899986,0.0024524973810915486,0.04630416098475349,0.011320448094045005,0.03205999968012509,0.018287561557666573,0.018426953514621022,0.014128396785004747,0.025314224717827925,0.018800408258317393,0.024647067730956776,0.023622672370298435,0.006360549109950416,0.004010992431923574,0.017130873764440717,0.028986878105771476,0.014549944737236371,0.03135241607327604,0.03546267367303164,0.01704713790232619,0.008299404802266529,0.010792892769009283,0.0027422762981913766,0.0052935865150248425,0.0,0.03465513009137642,0.03278969357332715,0.007523983227544829,0.01469414286992584,0.01955759806096968,0.03616071259968385,0.006209854259940777,0.01132063260978676,0.0,0.0,0.006780020805379555,0.009799542238389235,0.000288444015247253,0.009126342942934695,0.0,0.010876341267425179,0.027004986116639266,0.005394519781413769,0.0,0.011743216313180397,0.0,0.010131054860611707,0.006153863065550605,0.010130727840150887,0.005766744677287389
80000152,0.015318648952699854,0.0133819283637174,0.0,0.0,0.007143655956082539,0.0,0.0227864130045736,0.010545352946294287,0.016634223062271667,0.0,0.009201035545487752,0.0009590171098264324,0.02301269886917258,0.029680139414175122,0.0,0.006030558476036018,0.003773066611534606,0.002668628631982564,0.01203402714684061,0.02328368641499797,0.006948357210315877,0.012562734254736056,0.0,0.030444422431991573,0.01590154196437758,0.018645927557625543,0.00918934011603129,0.01666286735344069,0.0,0.007017055893661325,0.03864773297827471,0.04676275118177985,0.018197873987674605,0.0,0.0283312505607609,0.011185004919127078,0.024065333225585104,0.010950026016987014,0.02394934742786787,0.0,0.013034736748668549,0.03652690100887646,0.021699544701927895,0.013820881878322143,0.02839630754030001,0.03370162229028729,0.017436786256615072,0.0,0.018239547363564236,0.022808073263852938,0.0,0.02207113008558987,0.02852864860976346,0.012363146758316032,0.018330661122688406,0.0049970907597451705,0.028052079133936106,0.02653584566703407
80000153,0.000447786252653549,0.0,0.0039701148084167895,0.019565828060518816,0.03558472957024742,0.03278069187608636,0.004319499556858918,0.00746385467207613,0.0,0.0,0.02131661426989466,0.014151073236066198,0.01078409494039841,0.008636048445543582,0.024448379711785227,0.0,0.0,0.005097829168993633,0.004885785656084214,0.020611490466899276,0.02622099870777618,0.013813481839322966,0.016708906564397528,0.0,0.00331180671913184,0.0,0.005579442165173402,0.0,0.0,0.020944489208429586,0.02084667248133748,0.03386641409265214,0.02344038723982819,0.02484811412698895,0.009906239630590815,0.009244926198139517,0.03559438034397008,0.02795053349186574,0.01865342607294182,0.014146385349555224,0.02238173082552084,0.024295378512323575,0.015300277597787784,0.02401475442845203,0.01975977639677716,0.0049290262778332655,0.028601905003891016,0.015245782759413762,0.013123693369603617,0.017215444716206754,0.024789082181984924,0.0003842518447115835,0.020295829943408755,0.021562725986349646,0.02194898055314061,0.025581449401898677,0.015349896563413698,0.019797159420166837
80000154,0.02615218694681134,0.010368618825007567,0.02404348485213961,0.023905156436388495,0.010455227090545366,0.014563194304045742,0.041973463623495647,0.014054780813485305,0.021867264566106236,0.03412334524765399,0.028237270861856432,0.024543252621941986,0.03784365609850238,0.012839458854943853,0.01340521994387152,0.025686459002602944,0.03930466445779382,0.02558130970414344,0.03465351908462558,0.018185847600024112,0.02133960667553026,0.009416200541814823,0.011143943002640648,0.017663395581286104,0.02926046378939444,0.010189568640625073,0.030325079258643868,0.02040552473937623,0.007319869881640878,0.01553659386647457,0.0,0.01075520819033027,0.00020397900029031486,0.0005569919762508123,0.003455431072869494,0.025507187012107246,0.019963135088754642,0.009276815299323303,0.014488969922246787,0.00858052462360605,0.006541762540450018,0.004258858231069715,0.012842928664707315,0.001313584787516515,0.0039707735988851614,0.019246467948328065,0.006104308458889103,0.0,0.024549694962737595,0.0,0.0,0.0,0.0,0.0032257266177064437,0.008467441400093402,0.0,0.005132508002570177,0.0
80000155,0.026728406338380962,0.015438098258640209,0.02032411081593321,0.02492246578794201,0.009813912902796587,0.015431394559364722,0.002317869691899778,0.02808523851118679,0.02752712093326757,0.009177565251753417,0.002747560877192793,0.024357172094141056,0.01689580543095291,0.013745972250904145,0.01129539564382951,0.05095817439839167,0.016528411026558266,0.01143663334296993,0.01525258146809853,0.016100918409646885,0.004272929543318527,0.04958728795540127,0.038892546921049535,0.03085044646496362,0.01177595253275552,0.008518697779511211,0.02488768457800999,0.02477166660242788,0.03319117573121318,0.002716913083485336,0.015401556639737881,0.00773281622600551,0.012223373902324202,0.002280288968960432,0.039046522313228346,0.006066552142878132,0.010033057636989631,0.0016626094522916334,0.007048937535753037,0.0,0.007892364844764337,0.0,0.0015987467122454463,0.0231787361412248,0.009278479994795126,0.006836747061803456,0.008390657803891675,0.00816511542253932,0.0158213351933782,0.007517146451808476,0.010468460035174345,0.007729352147494658,0.0015813449066796835,0.021848231815844957,0.014021376878056858,0.004261979773724182,0.010063678590627548,0.0003091684569759752
80000156,0.02577938171694782,0.041852743553879725,0.02511099579941468,0.0022046646162177776,0.014292522532791108,0.009055907092368337,0.02861589194780614,0.01252352056641731,0.03418431497161795,0.022560274969719164,0.007668207364164491,0.020821938776046895,0.0,0.046013924940846586,0.006405282508009394,0.027470889201344505,0.018637432439997974,0.017330528412396212,0.03663073395480949,0.03731057338565099,0.027273965986083944,0.02184652260336951,0.016944944053680525,0.01904798793508287,0.019485241193162826,0.008077894642476784,0.017640878164167702,0.0034681852450066386,0.009737813876956746,0.0,0.0,0.029299884364643366,0.03325741474551076,0.008358943351376833,0.03025156530275748,0.0,0.013079832867172918,0.00032747025942253126,0.009701854771515351,0.0037385543973138015,0.0014171104903095391,0.0,0.010922587728587473,0.0044117265346109,0.0005511799841258801,0.005456611873451409,0.010093545144006878,0.0013006827541727642,0.0035921641595243053,0.024874633702990485,0.0,0.019240136516844215,0.008591977528169141,0.006009674547043651,0.0,0.005788709872874689,0.0,0.013397159567160933
80000157,0.017167740584400935,0.018585308194293777,0.024638885843130395,0.004937938842455104,0.018862417367923295,0.01943291367658621,0.0008978188553505459,0.020209097122300426,0.017169293190049,0.017837972231773965,0.016230886794578254,0.005331292791273247,0.021724718978919456,0.03235540120248308,0.027854145753801084,0.04531083942612375,0.020902884378253266,0.0031276353939783934,0.020307778583941824,0.04253985278630912,0.01689714447120296,0.04342407461602721,0.008774392341609136,0.017583248958823995,0.017860441098435306,0.03376323331959348,0.014137043943497933,0.011078732235292932,0.003160160626185578,0.012494854177026253,0.004413965766917472,0.03460189218699831,0.03132946590224904,0.023642462100718083,0.00792756579107301,0.010537776016762502,0.016556870879856883,0.0,0.006295459439376856,0.007404440275491847,0.005125096041523217,0.016707405506420275,0.002365123119561895,0.0,0.0,0.0,0.0,0.009005108414341793,0.027074226109964957,0.0,0.005357062081155876,0.0,0.03059986602523976,0.012058229789252146,0.021631202935244818,0.0004859743288524407,0.01879770193210731,0.0
80000158,0.02937362248545167,0.020208425718077624,0.0,0.00925181627903373,0.010619598704387315,0.0,0.020762824774969033,0.013224591571259828,0.009050577770334557,0.01041905840397192,0.010118447953813855,0.007264026241218773,0.035418445880956946,0.002321604304940833,0.02571918307428661,0.0,0.0,0.009961007671187504,0.02520267627598916,0.011537709690836083,0.0009900175240147662,0.0006227114459649296,0.017337946133084634,0.008449260116476374,0.020024638337981633,0.009766295837300569,0.004972648316423152,0.003981458867934549,0.0,0.0,0.022508260080593586,0.013250950021493407,0.020374110149493658,0.03208532301068697,0.021797186580965053,0.025141630132615028,0.02924050890953476,0.016930079160457214,0.024453116096146914,0.007570478611328177,0.020057802593186316,0.035184530429900274,0.0274421803550172,0.022830510090570067,0.008850254496155957,0.026392012491738767,0.02853423507134907,0.027072194174294455,0.0,0.012216971549762074,0.02108617023607934,0.017331321396362738,0.009102096166443764,0.021186968906019253,0.03280893661863332,0.009814043634951962,0.025138512605737396,0.027595629070384955
80000159,0.007997911788861655,0.012148550370631698,0.024667587028857147,0.0,0.004980196318447117,0.0,0.016858988899090984,0.005428513318246593,0.011157750436589635,0.014692356761074943,0.011706419347537715,0.0,0.008965492248502776,0.013384366161732227,0.0011022225981603443,0.01384016046335626,0.02230643411952474,0.01331485185003194,0.0,0.020156769335040466,0.0009196241785713239,0.007013550297209715,0.0017595715554703697,0.0,0.013362683543081826,0.004228196834352483,0.0,0.007434426052916558,0.03366424573149752,0.022017071268528816,0.023852683497313308,0.015085253178847171,0.019551934646264795,0.02142144770070526,0.03385459377911942,0.0222366637346643,0.016735455231156507,0.0028780297611901706,0.01973470341389181,0.017682087285389454,0.02031877576410213,0.019570574799346263,0.026007911567030775,0.019898043162572657,0.0005524838978654793,0.016908477136706426,0.028932396586166018,0.015239507868272497,0.009209302285293586,0.02855832873872516,0.018362462304569543,0.01932067770581852,0.013924442840196257,0.02639276631907195,0.031944819267703754,0.010601971147773103,0.026230458128459717,0.004010795159742892
80000160,0.009742675887879217,0.0188705725529851,0.038860082288776174,0.019781479527395816,0.0025647551866460924,0.031213676469605777,0.0030015777314827633,0.033201278209834435,0.028170575781580037,0.013291444710519936,0.022558521663441432,0.019810532641000772,0.008741721024345322,0.0176535533465846,0.03977002649592795,0.02427054129936517,0.01158624884282924,0.02379300600110526,0.017005148792212495,0.010552833440877351,0.016668577628046483,0.02263062405961694,0.013708825895269318,0.0059261780140688145,0.023483388439014423,0.028115614992435256,0.014795935428016336,0.03061536218830459,0.01698843777668395,0.01664834347289566,0.004436724408817229,0.0075944353282544836,0.008007744691464494,0.024075998262540303,0.021835764282508177,0.0,0.014700127061705301,0.009659970698145032,0.008265893549989672,0.017728744680744563,0.013382300614155282,0.004354618544020004,0.0,0.0,0.0,0.006049175111793262,0.0,0.011595545839791797,0.007672201016963382,0.002056268873875905,0.007350449523870324,0.025015983790189766,0.0,0.018352124895060017,0.0007038802705503822,0.027665696499383483,0.0049431260910607145,0.022472334494679638
80000161,0.0,0.007344328362376078,0.009927998857036378,0.0,0.025980500708859915,0.0,0.00239077858118807,0.001703968966828823,0.03267442253331243,0.0,0.023068372421172982,0.025803203992162096,0.009570776580894374,0.008398711393615952,0.004683600149425874,0.007110561598830301,0.0016957987717115767,0.0,0.0001210523046846162,0.007951626165750623,0.00889034831386281,0.006828341204356997,0.017019821913785937,0.013359769944126245,0.015358752877300121,0.0,0.007832215972941658,0.012614946400287185,0.01512788057909572,0.02061439995204236,0.014534132909673909,0.014494779060910538,0.029754411862983172,0.015307008312250984,0.007733106613044881,0.04064027688529514,0.022264240936789675,0.012850056635791742,0.03164087977768128,0.022037697093933998,0.026005885566803395,0.04099115101924329,0.02166832111083708,0.030972293778223057,0.0013017893004539244,0.03521916117488911,0.0241244860082597,0.014067917059615586,0.02158476131725688,0.013003905388310874,0.010711413994348315,0.008240630888392197,0.03124716203080912,0.02030304923735709,0.03802302012229359,0.012294640001034361,0.019815976911681518,0.016330500029124683
80000162,0.020200979704744968,0.013730856940055257,0.012946848989003277,0.02758436450959844,0.02111468800405816,0.02221979684435723,0.032618797005062074,0.015356402429724898,0.027114966389706237,0.018538655585419415,0.01949577937314164,0.011286283085947146,0.020923182223148203,0.02822422302893166,0.016042913377862896,0.017101247248473478,0.0162242466927343,0.018294701929097785,0.03294946279610458,0.019061012625892142,0.006935343314459437,0.02392971320065021,0.019630368205170796,0.008406131115256541,0.02000918570449938,0.0024531008736608318,0.025472039412019726,0.017724478449321047,0.02587960958216495,0.0,0.009881172635383673,0.009730267851642129,0.013180087464808057,0.0011213306849569835,0.012495337183110668,0.010981661465917489,0.012890048219338743,0.006133161735492834,0.010402946692662927,0.021591991267280553,0.004856421216853088,0.012963182830633652,0.02490503305365051,0.005199650470414395,0.01805514903885753,0.008641593190294606,0.0,0.008674351681593582,0.016632612301199338,0.0,0.01235870924551823,0.0,0.0,0.0022981015412169912,0.0,0.0,0.014809425335409302,0.009788601106207367
80000163,0.01501366594032434,0.004216986239747601,0.0021138670333108595,0.0025038239343771786,0.0307449588443735,0.0,0.0003240035661397183,0.009669800050405327,0.0009364483002017233,0.008076065532510706,0.0027513886647269536,0.00983857119730305,0.004486590193466737,0.0,0.008801932020732017,0.02929462746886314,0.0009367505859813562,0.0035736548981826423,0.0049995805650792915,0.006856308109378272,0.014537458919548503,0.009298292489006498,0.015109410334865438,0.0,0.010558326254122995,0.03255444931364498,0.0,0.014390444949910848,0.00636230733937501,0.001875037867231542,0.009814332735001013,0.036180553235728344,0.020102754694623252,0.03425609336351465,0.02144750577807543,0.040137890250343124,0.014949376768267708,0.02220129753246394,0.028709225390404304,0.03504300823444962,0.014288449157439695,0.018670083820459156,0.019109937269881812,0.007681011742044287,0.03142563418753067,0.005093655908741104,0.016582439265240428,0.03351415039948074,0.00934449781055804,0.016988040810810887,0.028459309428279865,0.006272113997377388,0.02689463256105303,0.029479030828671992,0.029043198585257304,0.019355180933952686,0.024517790296959042,0.021298998872957872
80000164,0.04621687970278214,0.012498462974269368,0.00752033691200539,0.01975306205989962,0.034037083822556845,0.01429918449128318,0.020869052223341206,0.04327196623198489,0.006465055145650253,0.009088262375749607,0.03064607689861935,0.014406714618794968,0.014368317797459132,0.024688344330144038,0.020015930671022347,0.02085840355725894,0.019760261469719313,0.029032300052848202,0.030494618757773862,0.01861342637047891,0.03123868745912963,0.03363155093722869,0.010735251187990092,0.04875605461562265,0.010195104717325276,0.02541590467463048,0.007246375388199563,0.015476387168008188,0.009471474545060176,0.003293000708909553,0.007491070029535102,0.012617178120935697,0.0034530857229724864,0.0173009344205485,0.0024745604265015786,0.012408223187919083,0.0,0.01462998181104239,0.02431221848873667,0.0,0.0288656457947049,0.0036235808489779096,0.009437054118972162,0.006718779071472132,0.014251454381674238,0.0001855631477632671,0.003614021267152744,0.0026744306858722832,0.006667149005804418,0.01567732884013627,0.019413023701538756,0.006229254944390936,0.004753958543884081,0.0030922754225403836,0.0,0.0,0.0,0.004039927007910334
80000165,0.01730471311327454,0.007255757408072188,0.0037903544754731913,0.0176799959281668,0.023120183343896105,0.014601579786572933,0.024233952776473795,0.026229315092690116,0.015135693946599922,0.013824931968665893,0.0,0.022918478848941864,0.0,0.005508253585276083,0.0,0.0,0.014985812849422755,0.0,0.01336749591525407,0.025336556547647507,0.006083002437227341,0.010103916399035295,0.0228859196428413,0.0008269736296493812,0.010873148392325886,0.008654928710983771,0.008100746146299768,0.005291264333132824,0.0,0.009452566831408236,0.025328268745852717,0.020782074542117467,0.008605637671770066,0.027454531225263677,0.018955425369020458,0.027325805822250224,0.008709633144609439,0.012892463218421702,0.013862699240403563,0.02575837950703382,0.028993921416510922,0.02410753155849645,0.027387837971781195,0.007794630028269229,0.034843401624326045,0.013742898960749112,0.030864933123916725,0.007602324571019638,0.03626345590684542,0.017968217322915366,0.013233898322563156,0.025890151822484567,0.014788333038130794,0.013498122272005648,0.00765986469206667,0.01477861664500638,0.010166980412577962,0.024195716358534753
80000166,0.0009567475061956876,0.0,0.0310492796441258,0.0110969308801389,0.005643736537670608,0.019159905414265543,0.006801006581015009,0.012887049963953692,0.0002561967678402875,0.021853733134560963,0.01547860776185743,0.010561569538466918,0.014448088653418437,0.008267634632650605,0.01893773926171913,0.011634717946659759,0.0,0.0213276621351183,0.003178878024598034,0.00569187693797259,0.00995288072725332,0.02090192921642415,0.013912289552125926,0.015188246835660226,0.0,0.00899088875990044,0.021484693287184414,0.010870501711142205,0.0,0.0026215309617840287,0.006377076915811156,0.013088773503721927,0.021287396389063358,0.012189199796114247,0.01107766748682465,0.014686477826654417,0.023128648004951027,0.01651252855049172,0.0,0.007423896936494753,0.013746838851087531,0.015261188070628255,0.013821505088735747,0.0,0.04880357245186227,0.00579978800216455,0.0,0.010749684775428245,0.028639683455779233,0.021700515795614814,0.0,0.05559061927599059,0.031583425327841454,0.02515004385411675,0.040394103682761334,0.009380336458755129,0.0038685540349927116,0.035463995866233756
80000167,0.02136084088680547,0.019538906122236233,0.0,0.01356384412887378,0.0,0.0,0.035813897002167354,0.023379654629850793,0.012204365813511439,0.024126276262917332,0.03551994160315888,0.015222709401056167,0.03740634460766755,0.02963759084756174,0.012315893382330724,0.05447349047784358,0.035949534200576554,0.02743962902433915,0.017461935845468735,0.029087961532011607,0.022736358653321777,0.022877798455602987,0.005060148690801156,0.014610794536176804,0.023554913815636583,0.020135026382094835,0.021452586008761543,0.0,0.009275128874091739,0.01313340570414149,0.027636789700341103,0.01030108014911271,0.004339884678858745,0.0,0.013096620537975327,0.010241246415568511,0.00280101070924589,0.01561964579919169,0.010015388572940268,0.0,0.0030102820693103053,0.0027411969860513634,0.0,0.015648070520056463,0.0075098239453638286,0.018866613124458722,0.014034614531009935,0.03256586028180672,0.029539656149639295,0.0,0.014596399972875963,0.0011503736161176078,0.002973633893053046,0.009418440231519044,0.012881071734724166,0.0,0.006384910214470754,0.031059392511692804
80000168,0.01169295790514406,0.0,0.022618292732156747,0.0,0.0,0.009476280031994518,0.003492896521105747,0.022506964648773557,0.016027467629440725,0.0,0.0,0.01808243000350356,0.019476864179432684,0.02026497479755017,0.010567656182168452,0.021785975157084147,0.0,0.0,0.0,0.0,0.002958272628170538,0.00923015133653732,0.00774099351339961,0.021204850331583803,0.009542227039963661,0.006641264083868646,0.01168980366776042,0.002904084247719593,0.010407476945224214,0.029902760607756314,0.00981169403773002,0.023201758002791402,0.009614995449210646,0.01850747200165444,0.019998880883172126,0.02928536030426859,0.005315331742460568,0.034177764905119645,0.032448762073275406,0.03165007189325961,0.01854778929712374,0.010003984886066476,0.02305944092618076,0.023784032282981257,0.019614274157888894,0.007277989268578417,0.01331136318062444,0.00038831657808768925,0.013201559126544275,0.019898890631577976,0.009856797795829157,0.02353876419342862,0.0181230608303569,0.045771581222639295,0.012956403905020368,0.02430587458792772,0.040785917872134834,0.02155190331980598
80000169,0.011564475632801847,0.009374599667203425,0.015551205131656061,0.007669973353645021,0.0,0.0024112283538470364,0.025706332243794414,0.008063465023817084,0.01770977038285001,0.003044153731433379,0.016024118291934192,0.016946228132199887,0.007532401254019193,0.014124754978598846,0.03456167027329341,0.006063466489665492,0.019333863274937794,0.008736626690814544,0.002127609921518838,0.01824397720629581,0.0010265401474234854,0.0,0.01901496842432265,0.0,0.0,0.012758311501865105,0.0,0.010754675374545003,0.03315367389203362,0.020732372745896815,0.010439509521991717,0.024403789010361745,0.017810750097348452,0.02338012307752389,0.008992289531867391,0.009467752427692043,0.016602091565850102,0.033770639246191815,0.028040424799095406,0.029257280648560653,0.02094832844617669,0.011827110105590347,0.019878073579762876,0.025853534409622972,0.014373995233453419,0.023241668381341417,0.040612952617444784,0.018512261498505482,0.02641500332389456,0.021647828103488313,0.01784825934157542,0.023112290095130866,0.03767486878274237,0.007235859881156095,0.0019940667207824945,0.001020324602373918,0.013886863974133832,0.02342930064567681
80000170,0.014554915296806333,0.03528098441028453,0.02352229297716989,0.029214121044408806,0.006922910499189846,0.028356498471382528,0.0,0.012981954051091104,0.021198884468774857,0.003771646353262574,0.004320268794294295,0.03717661116615772,0.0022499813012065942,0.03069143001816481,0.02908326411136542,0.04388010356171101,0.03011790983786461,0.01380397279806453,0.03347584701555294,0.012408607782517041,0.02290063560836411,0.005192283278756896,0.012083191038176599,0.022463686996111988,0.043270181657296555,0.008475438341109684,0.016379616186585916,0.025659007875392253,0.006098471169826912,0.004416245395955436,0.011865911504916395,0.02302977940950946,0.010014064304027803,0.02111613795685331,0.0057244583130761474,0.01957011117534917,0.01292576587149111,0.007860774668070902,0.016547971174712413,0.0,0.010484881103368572,0.004147781995137878,0.005387272568453057,0.018082078128482906,0.0,0.0,0.03962848955027692,0.0024556857234775444,0.0,0.0,0.0022519998605655266,0.008748624532914131,0.0,0.014284329402497215,0.0,0.03533487452492799,0.01649885550803809,0.04211418918425102
80000171,0.019861057949270667,0.025262129517881145,0.009046774042719788,0.02278036703655633,0.012332345950523639,0.04228660001015995,0.013867389739703227,0.030083193186073536,0.04390121830201652,0.0034087739121887585,0.024963800600767732,0.027874470625340427,0.02286739152207802,0.029287798366952337,0.010749473704672685,0.02814697090865298,0.010252172386333852,0.003249457883758462,0.00827648552832532,0.016124670386043437,0.031396674561268975,0.037430295372887216,0.005767593563980776,0.042420764564200006,0.017017522504707228,0.027066287067318052,0.0387869189856313,0.007698684076128232,0.03488290361725224,0.00969541977063465,0.011947240115446107,0.002456360022917312,0.002335767202230308,0.0018364437273926347,0.010681347562789982,0.0,0.008935978295394978,0.003224834121530921,0.02630115451366157,0.0032573430295289273,0.013654927614616385,0.005576432985358587,0.014313021248529557,0.020913952353522995,0.0,0.0017151581796302413,0.01564911747415162,0.014251052040569595,0.0,0.006152454550003274,0.0,0.035742099452573936,0.0,0.0,0.0,0.0,0.0,0.012616271926719158
80000172,0.0,0.01324640520323992,0.004274939389074926,0.0010219164942969425,0.0,0.0004360613299284523,0.02775625768215222,0.0,0.0,0.011545044424422564,0.0,0.00826215556083688,0.00672503024639435,0.02136936309347697,0.020020103602352617,0.00704641507568017,0.022639851916570176,0.0006485201300269639,0.030236045755194098,0.003874391966813369,0.0021862517783719677,0.0,0.018915331498700172,0.0071527611395538915,0.008327940205245844,0.002503117431347313,0.03148277612152186,0.009592377003606531,0.011526132218849601,0.018079692544869203,0.009702174872990072,0.01985800270424455,0.01604687312735699,0.040483205903812006,0.020514054982073347,0.0369378768455015,0.029766242005620284,0.023437316707253998,0.018986188382358927,0.02629379723165053,0.01705857682735518,0.02417379518052659,0.015985219871097578,0.024800097661895597,0.024957838019218335,0.0210616800800807,0.003947007139698334,0.02824416430876594,0.034240006513836095,0.01587063981379951,0.026191538371412283,0.025039138939780575,0.010902740203268093,0.016676488691606053,0.029791477370392755,0.010300235118860865,0.01026373409535236,0.021105314335119762
80000173,0.022068421375766444,0.012500504221581537,0.013022573137289935,0.012382153985251079,0.020309233270982312,0.030659290256603532,0.041399823258760717,0.01687469191552347,0.03167337712261864,0.027087238902948514,0.030740243924230696,0.017113103779295057,0.016969569733227337,0.011473576161566006,0.026863699416788758,0.014067250815072357,0.03194116682247798,0.01875448684366082,0.022686452371735617,0.04150728628002669,0.014027398066877077,0.007998633841211756,0.0,0.03667197118208652,0.0048222390289389665,0.024303273658785256,0.019323266649600143,0.0203959160013716,0.022469805390331096,0.0009396653895690072,0.0,0.006499813066801058,0.017387527814138333,0.008085416797295122,0.02387972957059696,0.008465114582634048,0.0062204334411000185,0.015073841106677819,0.009315514669449049,0.0024229103385343836,0.02064488786998668,0.017283035826671265,0.0137137162664298,0.0,0.011778514075042055,0.007071195592178429,0.0065222213108881676,0.0,0.004863578317499342,0.01866748659346164,0.021039057227127515,0.0025914748138026415,0.0045321394690932245,0.0015125663892985863,0.012585153718217489,0.016979019753357336,0.0011283885459653967,0.0
80000174,0.011364530104499872,0.05673332928075739,0.032769224212883724,0.007604540936266373,0.03154682203758207,0.014605164666760805,0.009022971363030598,0.014008873826980673,0.00813728597677142,0.02158471410328246,0.01260785935498739,0.026883314700519356,0.022156047514428102,0.027354533127748607,0.014659949984964891,0.01985861374846132,0.03146949550394142,0.024841065063092194,0.018347105253847956,0.020110227839810785,0.02286995503649535,0.02761428238046722,0.0313586428001988,0.02967203686833083,0.020513388200740994,0.01168853115288328,0.014230313885303705,0.021579463285619296,0.018662595138979835,0.004915570989661202,0.0025055052652086128,0.012379496839136365,0.006667106724256575,0.005177739510959563,0.016425603171573062,0.0,0.013658922502072658,0.005269301866239596,0.010359284074156927,0.0,0.01003532111866788,0.006043827192419701,0.005957932410563574,0.013062720904995304,0.005665618986954746,0.007322316741943213,0.0,0.003126460791482311,0.0010471146003749401,0.003024190085380852,0.018755657003415346,0.02057294972379687,0.015274051746470755,0.017229502034861163,0.0,0.0,0.017715983817847367,0.010371643636352021
80000175,0.017023430722537994,0.01938096460705801,0.020206364408071505,0.031562290415495645,0.017687995329987646,0.008428851789607214,0.02636359734351107,0.027492876323558218,0.04026569236223994,0.008993259949362384,0.03554589941348576,0.015357453415981562,0.013762786823439522,0.03659576017489402,0.0010185167608952983,0.01146304133914984,0.022005562578647567,0.019109005673299463,0.025976828812630092,0.006433097306403005,0.010305858702908477,0.01936139224363222,0.009823318461434524,0.028311309325907842,0.020868860418567933,0.03309003011944391,0.01635336121409054,0.01112427085957039,0.008032006698069858,0.011106832026809819,0.011089960135850091,0.003135654934508444,0.0,0.0037841644462255795,0.00826155525445455,0.01517612296329669,0.011056801686977898,0.0,0.010734123499581616,0.01438562927867841,0.0034221207547910954,0.009967769825494506,0.00024117575438721984,0.0,0.0032118094984076714,0.010909603982673844,0.0032352545163232605,0.0092681855564948,0.0,0.021392276530072238,0.01989514464723501,0.007624680444718865,0.014445550040196816,0.011890452111377285,0.014430237733547208,0.005849419397659979,0.010874882376265795,0.011140983242760348
80000176,0.0024637808398463934,0.005365333362459901,0.0,0.009231164259117016,0.008565611147046938,0.010889632662637195,0.03339601521674972,0.01127527301198496,0.00013301496813220636,0.006720685050221702,0.014015928226475322,0.015447370809052535,0.018265669896683098,0.02830985335635745,0.013044499426845862,0.011117348574070082,0.006276784034531741,0.01760581976211185,0.006838838379009112,0.01467932300823633,0.0,0.004341711280024834,0.0,0.01833958107035371,0.0,0.00036529076785893615,0.0027635452420356125,0.011071593843199688,0.002528071591813894,0.04431786671204135,0.013306210585030504,0.014225663365413796,0.01573851370626711,0.030340314756006383,0.015759856458010663,0.02421426720496448,0.019537339032386834,0.026418062397315655,0.014727961778656592,0.02032954298852062,0.0,0.02393576621199334,0.023012035343612576,0.011100746568454223,0.006550532100498821,0.022226801234363956,0.016499336242869426,0.0,0.02561115067455515,0.012185187382021909,0.012360170921379855,0.0,0.0140621056156185,0.01759385019382864,0.028078034592709855,0.04657800960795753,0.018374460199712558,0.058960367616142484
80000177,0.009074947015075299,0.0003139601305628619,0.0071669239403314945,0.00011653008382721813,0.0,0.02233186811220854,0.014953407147870999,0.03935031383102173,0.04375306698723711,0.0017948199223681936,0.0,0.004995042304051156,0.017400511713214297,0.005702759764113882,0.003572434281069473,0.007556463804152714,0.013291821211599122,0.0051325564826895775,0.0,0.007904781659504824,0.02670364154374799,0.0310606590373617,0.027308848106627467,0.015381391539504467,0.0,0.014458024272905445,0.03916226360162516,0.01666882023322282,0.005232691223747441,0.0035128711742408248,0.02040379055390113,0.01443159215384736,0.016532203665441732,0.02055048096450681,0.029040880196594645,0.010378885896121036,0.025334481376035712,0.0,0.027640601274408344,0.02234253668861914,0.0131061069046937,0.009620377258920886,0.015230064887639281,0.040462600129000055,0.009602602365533763,0.018381282040760245,0.0031422725604160124,0.0043273531733089374,0.007321137263001882,0.007476394380937307,0.02394719094333166,0.01716084510957378,0.003477040991387879,0.012209871838928318,0.015079902337603658,0.02480948115981654,0.043142199826446924,0.0
80000178,0.036727934685795424,0.028626433576232183,0.008884847552503206,0.018799258017253923,0.021192544030662067,0.04055604569231022,0.01673868479269923,0.030908289267976084,0.047846672185473386,0.011543630834936473,0.0,0.010388123355490338,0.010642250345272442,0.01779912926195234,0.03487909336183318,0.024661989711980074,0.030461532763223022,0.03615034644006358,0.0193790612796697,0.006041782636189592,0.02781555682115289,0.013292651193438658,0.016701369095336753,0.004245289760092981,0.02187922921154449,0.024380113726097056,0.02319016261450453,0.023267072017035463,0.03728244209980807,0.0,0.01644754970660904,0.014374682529553475,0.010586573602024332,0.0,0.006534449739702332,0.00010397176127437877,0.0030198262089091835,0.0,0.0,0.0,0.006799569030137258,0.02996408968606155,0.01184675996929232,0.0,0.0,0.0007446269714637643,0.0,0.0038135688938077954,0.023348563760922127,0.007620620292121688,0.013266324340493777,0.028153120749422514,0.009206095612186695,0.010690522112413892,0.008522908035295288,0.035540450896480336,0.0,0.009989387132209572
80000179,0.018690218759784532,0.007494849315491549,0.00989690006322903,0.011314564144843966,0.003031879377614564,0.011719210520705752,0.023458796695241715,0.00897001223929694,0.0,0.004279071073917506,0.0,0.007336909422523314,0.005229485766844459,0.0,0.01648600103724382,0.0,0.0025370005440131724,0.005761451976477039,0.015819988559659246,0.00681669602673512,0.004936429288715286,0.006735025806540277,0.013291740202559374,0.013911457206243583,0.008201507078309,0.0,0.0,0.01630741855438153,0.009798523641135974,0.022100947300462442,0.023061251468103477,0.028526043221266208,0.012651471381317943,0.015598279198220556,0.012303360087929427,0.018127596783436884,0.017318148041855337,0.01866938673520342,0.01987305271260264,0.032923751720920026,0.026015543984439685,0.03398364268416435,0.030112094209287142,0.01940559973951571,0.03062853378313826,0.017690803795242155,0.010340155132724462,0.024005548423539164,0.03590473007417815,0.018728727834875114,0.042732665756692205,0.024311112428617238,0.03602932132098156,0.014312438488020317,0.0192771449150424,0.03576468532437065,0.01426866027107242,0.03513638246893862
80000180,0.007064837598451304,0.004952126261310414,0.001218369461137208,0.0,0.0038753101949506354,0.010778988044329474,0.025859589145957547,0.005817322098825146,0.004161509499493124,0.009496789582359179,0.0016462255204816368,0.0,0.00013936513810307148,0.015089774490010317,0.005507350331912708,0.008397695205891162,0.004388112704226346,0.013527555527173035,0.0,0.009073901998279434,0.01024970294732444,0.0,0.006755879634138372,0.02301430591072628,0.004358783868184328,0.0037476376753567756,0.016966652470181035,0.0,0.023695189793339032,0.02294699283823298,0.0024942791143659827,0.022197697024425738,0.013917077714723981,0.01582237442418707,0.01632064488509064,0.019810821613118448,0.029254156170416237,0.04409944539774849,0.03227627277265982,0.00015019464803873965,0.03340207360831825,0.03502494430283406,0.006950778770264553,0.01255444925013701,0.016581818167140838,0.016755320320252228,0.02182777810451624,0.02722700359842259,0.03511364872560024,0.009577433810669457,0.023763567224921952,0.031856893398504366,0.012189134332409347,0.012816967168414526,0.023127657389446384,0.0023660201425692814,0.017183105732172205,0.024238227647575945
80000181,0.009114422509497818,0.0,0.007254483529611555,0.006587663411854751,0.006830697423298651,0.0,0.029860936973525792,0.011031429469929167,0.0,0.027728116531843244,0.0,0.007351839717889142,0.009062186297259377,0.0,0.013018357359392567,0.004907946012412535,0.0,0.0,0.016979061804851044,0.013155555435513624,0.005932518410150449,0.0025512638434468417,0.0,0.011196605186689041,0.016386200375698233,0.014977520686864596,0.028237642916459537,0.032391304370500945,0.01605254927025208,0.026512622979972006,0.017174430946708154,0.0269050703425842,0.024338135999998834,0.022742747584523475,0.0010665409271294593,0.014952860449687877,0.00826402556398595,0.02257564572895345,0.01433793679389949,0.040099326932395235,0.027125036117622223,0.007193229407563419,0.0017163472216523586,0.03940683650332512,0.0038777273527601666,0.030290515129485465,0.0010292453572635684,0.0578889085816188,0.023884960342251307,0.012704626236250035,0.011048418354488335,0.015400874669880615,0.023555581317366247,0.004727707021229482,0.026071724206469853,0.023770195464561026,0.02069921211096237,0.008880900734704858
80000182,0.0030403606691264797,0.016869941820177484,0.027039253953617025,0.023631942456468515,0.010129781687297678,0.009163602398590879,0.0,0.0,0.015885510659874463,0.036784005946032004,0.012333056083008425,0.01021195269388485,0.002566308756070406,0.0,0.0,0.0,0.008082438076370168,0.008090216875857781,0.015358574951188503,0.0,0.012543900282496433,0.018493708992484315,0.013426865432755468,0.05630529653759787,0.043676153037268184,0.033990313710806755,0.013343448485645115,0.04410804278188881,0.011535588925531186,0.0009177328686913837,0.013456460023386433,0.018793207806881256,0.02091215423522994,0.020089105361600357,0.0002585079944087647,0.0017326577459303766,0.0,0.02557997652014232,0.0,0.0006271320820793763,0.004895989848448629,0.01742316680163276,0.0,0.02169571392610295,0.012959168545843428,0.018992958798049946,0.01081145638332836,0.0,0.003575342368714453,0.04585011678758942,0.008467062909728219,0.0,0.003667246568060385,0.0011075323329807823,0.010908705348427599,0.017416632254340272,0.0,0.01989172538779225
80000183,0.011378789704192566,0.00961822639242718,0.01195224253945173,0.013191136717182889,0.01892105169506304,0.011407976405103834,0.002499188477082312,0.006796741688816103,0.007089542310271523,0.011152556204467944,0.01912275105369053,0.02185880910115184,0.01430382449509776,0.010312588159125027,0.005850385645171733,0.005464688516039099,0.0015818365561056378,0.0,0.00447225078846265,0.010751210078814584,0.012249196537751769,0.010046582470150401,0.0,0.010939989749390446,0.004122780657406685,0.01720942226074027,0.007368954180523305,0.010667339125972201,0.02246867276764072,0.010417237570214252,0.01756780773888383,0.024641490427381507,0.026429725860425517,0.023583153525412293,0.0175874414470845,0.020155741308373276,0.020528919612674324,0.012263034351488672,0.018990539014451017,0.03147675277580492,0.010330676190577565,0.009103369857600227,0.01873941283079741,0.01953688953064852,0.01804264174151888,0.028236513739347213,0.03281753602862822,0.027163493073885006,0.02713348025184535,0.019510028421586376,0.02975767366343231,0.02820352304916936,0.0034215495095869684,0.020091374747530175,0.008519009975385032,0.02768817227334832,0.02441308159463269,0.010265292843330618
80000184,0.002273769465988421,0.004475831508549008,0.01282627987376067,0.010342624890327962,0.0010831048913693677,0.0,0.002789837333298217,0.0,0.0,0.026420474524734193,0.019327367973585426,0.006088738758660785,0.010825495791021404,0.0012235656785456628,0.003979092793605504,0.009002988308753252,0.0037043098298356345,0.010079083120047818,0.015439843976627647,0.015421988717714104,0.0,0.007054278014812086,0.0,0.0203908677646593,0.012373886672371706,0.008546138664468168,0.021566901564934533,0.008799108939863784,0.01965821943394033,0.028673207974699227,0.02310264271849761,0.04607928288820765,0.01387281875087903,0.022794263121669763,0.02708418260635012,0.011439912727902372,0.029161039577059775,0.008949114760642987,0.017457804751710843,0.01549193327356879,0.02393399746286002,0.030285700637346376,0.026083875908327,0.01961826337786527,0.025287007541847033,0.008016495264936948,0.018388935815641452,0.0,0.032711477336086876,0.011598000287623212,0.027267189321358222,0.021570471665908555,0.03270107108287956,0.012230754567932132,0.009014476264201004,0.026609179656057896,0.05400842223751113,0.004058550156745507
80000185,0.017083659911045494,0.03801575271881989,0.028442234337641384,0.024755456484276267,0.01346496287958296,0.017121701835685416,0.01062862137074534,0.020227212575085484,0.00934174397635077,0.014980294436141748,0.019905407135965246,0.009710361756998477,0.013127729177546465,0.008718993860504978,0.019011238026002415,0.012846652867290592,0.02804099930600795,0.006119333920804427,0.029949028699947595,0.029037464916146793,0.021895228433490774,0.01530322152180338,0.016614972828042262,0.033021787270298884,0.015687505532829295,0.004379540466760578,0.017184470590809096,0.01911083169884305,0.035642265173612395,0.028689131534556885,0.007862499584666168,0.0017553042334752255,0.004025792495404706,0.017209284269098818,0.028754102419457514,0.007516406972587382,0.011989700221073638,0.00878498159711677,0.016197942264854544,0.012586779319867555,0.0,0.012831452329904661,0.006181006114778348,0.008057174524721223,0.012740315597450648,0.0,0.0038613792091979097,0.0021419002350212563,0.01805857955267494,0.0,0.007313088020266392,0.007308973399836504,0.021774191670948996,0.0,0.00825366256039999,0.017027378863400538,0.009134416901904365,0.013955309918486578
80000186,0.029840213174653584,0.01071973487962109,0.005513347155836899,0.0,0.031947246598298194,0.011747654121836027,0.017291212952455486,0.028989900248623104,0.010838803184832973,0.0,0.04074494813486533,0.01061983208340517,0.005295022242859521,0.009204424991094196,0.0005447084688818967,0.016432392645564096,0.01456103759617421,0.010965532308491913,0.03429626140976739,0.036384758332035555,0.0413090418825276,0.031375142870422944,0.0,0.004533254915797762,0.0014407323407320683,0.0,0.0,0.01518023077857158,0.041958252853472044,0.009048895829935325,0.0,0.039462469226577826,0.04711245402119824,0.023941742353417953,0.010370585220922088,0.024711429141123186,0.01773701910299717,0.0,0.0025155463741070804,0.0,0.006104757840890448,0.0,0.009394940748246781,0.021217450723059007,0.0,0.0,0.0,0.03658713500993185,0.030200346105510246,0.0,0.02537970123877616,0.0022100972571194345,0.012891785539846224,0.0,0.0,0.012653159233072689,0.020625285188390134,0.028786300952799812
80000187,0.018607161620336078,0.02225814739918245,0.0023668275187815916,0.030641168069092277,0.02197374218572917,0.017174318618108492,0.0,0.022111369653521715,0.034415774366723745,0.015032994873102985,0.004197282842614883,0.020004720792289345,0.0,0.019035860024332395,0.017607356196145046,0.021167294988554432,0.0029131189067984485,0.07518648963053537,0.029103409488631285,0.01471170394364781,0.011425120219574246,0.018842831074531118,0.011355990383701466,0.01579151474825121,0.03425305899426037,0.028041819786397425,0.03113814970376677,0.028756184803669857,0.042977737113258065,0.0,0.0,0.011008607164685179,0.009586788225797957,0.016672365998498855,0.010699252166344264,0.0073773016060810345,0.006102302886175059,0.01613379984836679,0.015333669443250781,0.007382048588205808,0.001499899002292657,0.0018192872375969052,0.017056376689503525,0.0,0.009920118681564994,0.013518032697215217,0.0019126714370398103,0.014277430723037105,0.0038784793103607868,0.020064926547451043,0.0018526833896874294,0.0,0.02044095947461966,0.005749785965809318,0.004767416470376976,0.0,0.011227716180582277,0.0036965104907961733
80000188,0.022281968772839854,0.006111227852867975,0.01885944834378487,0.01226505118080616,0.021720163242519977,0.01671431768476496,0.020827896304115835,0.017537135618380405,0.0025865765761848005,0.020503998260890742,0.02796328952488008,0.023146766339146464,0.033341236477303304,0.026401277136314776,0.02357267800932812,0.025915720890777233,0.010323287361555068,0.014899665108582826,0.01301701611849348,0.0,0.01717842848660961,0.03328692644636455,0.009355849998065447,0.02123209567417332,0.03316081505134013,0.011821717948337356,0.01821528899907361,0.003712469236378801,0.028859901674781273,0.005987941432760571,0.009439415616156145,0.012443072364394773,0.015875000248677884,0.007974449557085227,0.02099072191393352,0.007124852823518372,0.006230527254107278,0.019115057290927644,0.02573440786208542,0.012784468951047102,0.012703877019938584,0.0061134029935017075,0.010479661022358332,0.0054156011922611835,0.002891163018086642,0.013708137041072436,0.007823188920677689,0.02051896850643829,0.002629162702097724,0.004952761071464636,0.0,0.017252460213727512,0.0,0.0,0.007410598235789825,0.00653008214824844,0.00837196173112138,0.021214338675323338
80000189,0.024842636995585345,0.027582997544450323,0.01872722085637058,0.016805260408430625,0.01825573967358541,0.01868032670885685,0.02507130087750138,0.03907723648584932,0.03291619446316374,0.027878261773722945,0.01936897024582862,0.01530243073055623,0.038957323245991514,0.018117639497181606,0.014778058086711376,0.01539418637673249,0.025671212925298822,0.04673451422841324,0.0041575362461466975,0.0,0.03406549961487169,0.015845082252447927,0.03604208712239394,0.020692381640827043,0.022687668818423098,0.02107854732156043,0.020666528663176746,0.01087657225868688,0.027680879850816274,0.01449439299221671,0.02226616663384354,0.016576218303962744,6.439592387091519e-05,0.01584969723736208,0.0,0.0,0.00795939835923804,0.01416889613669433,0.0,0.004375482618846719,0.0,0.011917365189279227,0.019824138195949335,0.012817304851311556,0.0016931116985039415,0.005460926705468327,0.006281518577668678,0.019786259973006134,0.002143542587124182,0.0017036837131216929,0.002844770407504243,0.009449676000640036,0.0,0.01663380260744465,0.010935384531833701,0.008955348618175117,0.019590104222874036,0.0
80000190,0.0,0.0,0.012140149062838198,0.004025123525367148,0.0,0.0,0.019992365795715023,0.015536713276415743,0.0057783559765579254,0.00184933519516971,0.0037192537329145373,0.017488283433151584,0.018894468739592524,0.015219558927655908,0.022144044589576677,0.016834074310757938,0.0,0.011691653901006144,0.015714631412891592,0.00934175799361329,0.030859552561059142,0.03141840034763229,0.010633097168872133,0.01971069274023402,0.010195131788518753,0.0,0.011397711002513225,0.0,0.002544459596041287,0.0010102855681062253,0.033688051584759876,0.009694665339776249,0.02023520627946454,0.018406553785668925,0.019649135803508997,0.014379195822309804,0.008781863195447506,0.0040206757584192515,0.022093650788081613,0.01381281159622943,0.02313365792727599,0.0,0.017460555721964994,0.038081020560916536,0.0,0.031810072764633074,0.05025949081129481,0.013828835327915448,0.013791273272785263,0.011230666704030317,0.03115814609753234,0.017086410941072598,0.05257515046146602,0.019343226748157055,0.025629125216807897,0.011391546365255776,0.028381327016550897,0.014317193379721704
80000191,0.013436617641429088,0.002117362590507608,0.006729566010663211,0.025164069376936174,0.009549789568240449,0.011902516021684496,0.03507146545117839,0.009686863034533423,0.011111278906977873,0.031170312587323657,0.024413212191220942,0.007983115514790183,0.031139045042035386,0.04087585353132574,0.019996046657559184,0.02678388464148892,0.024644124655132806,0.019235799409143536,0.0013569866969771853,0.03774948019817303,0.019154227187046822,0.0,0.01908128664605478,0.01576807423040255,0.032722401334196224,0.03359883569907605,0.034123574208787644,0.0064483945454169855,0.014531864026276535,0.010100014421195501,0.0,0.023517212730665944,0.005531754022802167,0.0051209259299850474,0.00891945008656602,0.007861101165312351,0.005689577092459443,0.014854103460709566,0.0,0.014642895977355266,0.018493082247236864,0.0,0.01979810298620184,0.007865918720224126,0.02773763057255577,0.027029137606522535,0.016946901320749094,0.018579525649960613,0.0,0.003174070484586597,0.015896320834093546,0.0,0.015204246818688266,0.013228292850352251,0.0036624585244805726,0.024697783042515933,0.009110158084266367,0.019966752398201244
80000192,0.008301478401324874,0.021321098871837276,0.022150922990377766,0.007218931428736173,0.03183741763334458,0.03425371419659553,0.044541982027965124,0.03398794423500259,0.0,0.008265513253052541,0.021195415275099216,0.02594499367032138,0.027960572340400613,0.009667152821914358,0.026216734001207782,0.01726381783580711,0.0052088227332922786,0.027853494008174252,0.0,0.03781249361566877,0.0,0.03371312147706009,0.021418559075380355,0.013592563900586087,0.0036893704011360232,0.013887834274727758,0.018813381063306576,0.017461683956934045,0.026486183952992418,0.028754076678977062,0.0,0.008961609083586031,0.01589965677698112,0.0,0.0,0.0,0.011491031106492222,0.0,0.008524949656884355,0.011530339682485862,0.010460509301734972,0.016670709482127503,0.009743431726549906,0.01298102082508149,0.005723372439266045,0.0,0.013007512051810806,0.01919364607521814,0.0029330342141885317,0.04707531676827146,0.02068857050324873,0.0,0.005848477622566012,0.008424545092961606,0.01346041314098344,0.014256221763542166,0.016064721993319316,0.01109091980195949
80000193,0.020166623528889257,0.008585991213705409,0.026190693861394714,0.014075482435659604,0.034922514038738375,0.0291961351144979,0.007606521551042979,0.01382514471930376,0.029949129902931967,0.011764929821167005,0.037019655427107334,0.020308010247155384,0.01113801832112636,0.014168783325303743,0.013979767557215986,0.03641146776805194,0.002313946913609318,0.03379103448500427,0.02415635081499761,0.03326969681551228,0.015837173398651202,0.015956958202984456,0.038519565417250295,0.006766661581655398,0.04472372088853776,0.029339624779200525,0.015832974761242343,0.006338804368954442,0.008222362394737061,0.0024888768894556395,0.0,0.011502146995050908,0.0,0.005002365062268834,0.008827288311408695,0.009269360164704131,0.0,0.020719252083526717,0.000675938361145395,0.0,0.007626943886490932,0.009822919873372044,0.008527295268644567,0.007695967817540939,0.013211962679805376,0.03480033525649153,0.011589260572764331,0.019294163005938184,0.02421263735159173,0.008722581085017122,0.01829459685892957,0.010156498779845728,0.005642412262509108,2.734126946966068e-05,0.018204715864074714,0.005738572200121133,0.020459350846988304,0.0023181277767485757
80000194,0.013813566009218247,0.024023962354684663,0.028045520254347273,0.015457906478839371,0.004582589311041903,0.0034186525733428848,0.03585460409756602,0.013973061268570142,0.027678863423281422,0.02063999458956236,0.024790205350403015,0.013155037380957151,0.03896604516874616,0.024553913349493216,0.005042437499717636,0.014053735048906515,0.012702746205535177,0.01613095117052537,0.04764991990874744,0.027525208359862514,0.013442204350967716,0.02378465128438545,0.04156721046505156,0.008201439366443174,0.0374227964010508,0.032257212539927846,0.026336487441987137,0.031780298836049235,0.007942164754799681,0.011745166610173925,0.030692984776524317,0.008955872303322395,0.01558847760978435,0.012448231636050943,0.013400221903788445,0.0033187495041819694,0.0074022709087981885,0.0132369372949268,0.012496503744250764,0.0,0.0,0.0,0.0,0.009575719797011974,0.0026949544405199272,0.016913840651681403,0.014315442645840101,0.001687618083271426,0.01719644784347486,0.007991412177175113,0.02986833536991557,0.0,0.0030303398188649476,0.0,0.0,0.0,0.0,0.007211103654470428
80000195,0.029922025748942708,0.015304675837193749,0.016335635704468308,0.0011847611164661396,0.02195962607789114,0.024934143736677038,0.03356465410065432,0.039896923947991235,0.04109527263368292,0.03338213433683976,0.022254732651632365,0.02237152180368669,0.023314489457213247,0.016574457507975905,0.0008542484478866319,0.024721785018520667,0.023568939045609173,0.0017574692557588258,0.014423253407939443,0.011071599369931451,0.02237482599330666,0.014257158085796192,0.01703933576683887,0.027083931212928045,0.023798061054189974,0.020035633052204713,0.007500441704183361,0.0,0.010548635067584097,0.016541638350653372,0.005354601258684963,0.024552964157698642,0.0,0.01961616072683255,0.022888290290171892,0.013630560505050345,0.02425360877433037,0.00013616402904288198,0.01136053945935773,0.01405142295752766,0.013308981830577632,0.01570236973031803,0.030423529619285586,0.01247461257229229,0.004427330418684874,0.0,0.0,0.008511911692915007,0.017299790283052008,0.005308896940083998,0.007719678210781215,0.010451140923166628,0.0005439470999100766,0.010692473192202952,0.017799520864931254,0.02062936759672391,0.0,0.009549675842608803
80000196,0.0073987899321008655,0.0,0.0,0.026074903202852565,0.00176715406626464,0.01230468110988787,0.017768403499657536,0.0,0.0,0.0,0.020898761025988494,0.009258136013269308,0.00454519944285057,0.0021143181531284782,0.006091800465783385,0.0,0.0,0.0,0.017995832237708776,0.008828315227771352,0.0,0.013165305293980991,0.0070320731665214666,0.0,0.007903081740962681,0.0127312720674277,0.00016843775961572973,0.004143205613565363,0.03272905253163261,0.028393595207877147,0.004493410347108521,0.008182335180506439,0.021079184424423154,0.015685983092335657,0.011700306095446903,0.023187181402036613,0.007131554453739002,0.012162721708939636,0.035796915823476314,0.030022483855606432,0.0223136882703132,0.03604683626477028,0.025739001663045883,0.04154504944585425,0.010340452672778569,0.05618341097882315,0.019621201662571492,0.024570034391726656,0.006522710962683136,0.017450099876128417,0.02292243437665141,0.026250454924490477,0.01758501742659903,0.01730521660342813,0.04142520001368242,0.02043415605720287,0.0046670530858169005,0.019276039146630227
80000197,0.025290195039231328,0.02171744052076717,0.02631976837322691,0.017700066961909348,0.019070000234185466,0.006784648842117451,0.02541741039619812,0.033532583422967784,0.0107117280141522,0.020047755692083374,0.003860564752623608,0.024669678200557633,0.008399127345775087,0.012611975226312312,0.028394974692337135,0.0050861238464623825,0.0150269808319265,0.0298416825251837,0.04120134298213319,0.04344974284785945,0.03259899344397487,0.024731783820708748,0.004297242576786881,0.012904018170364963,0.009187565400244018,0.03483002164698202,0.03175726746769896,0.013916816101236117,0.03398767179578221,0.026875598990248425,0.003908114643311859,0.04061530345283545,0.0,0.0,0.006818671679986237,0.019776076386979532,0.01649991748741541,0.012520001742751672,0.02214380970260447,0.010960833190781432,0.02379652678193068,0.011047837010108044,0.0005902169118109824,0.004733184276514643,0.0016509273392428063,7.3924703280098195e-06,0.0024944600997520135,0.0,0.007252133041165414,0.004385854681716044,0.008559693646756803,0.0063413791542706556,0.0,0.006579211411325186,0.010972402081715689,0.029612445387837326,0.0039042426330140683,0.014076229188703146
80000198,0.020883783893449814,0.02116101227528735,0.027132697734033265,0.019754210743720045,0.04148143003289959,0.03167322440483078,0.0140762210023104,0.018185110974623244,0.006949410891378105,0.03643644472638005,0.030365336596378637,0.01605750415990061,0.021094906622414145,0.02910450119171551,0.030437035614908167,0.020457806075056463,0.014394508781236003,0.03134811048574458,0.02071364174552199,0.013170367624892002,0.020882652431577296,0.015925675066903726,0.023898846088472644,0.03221588989527026,0.011850959133057282,0.02424606518505821,0.011531474186339291,0.021560959195125202,0.02990105507983114,0.005043335571026922,0.017482730215867586,0.0,0.006396800270503582,0.01671277095887132,0.011195759605195225,0.0023603591757031988,0.0,0.0,0.00734533789799585,0.013451168559436222,0.0,0.003948038170302162,0.018820104111561653,0.005924863452382753,0.0067525299041008464,0.0,0.0,0.006460669868344212,0.0008481843756597533,0.013799388374901684,0.024228258858399836,0.0,0.006727528109907793,0.0,0.021575315685966292,0.012180446721056589,0.014545668438115887,0.0043045279723302465
80000199,0.00835311338196568,0.0075549102972937866,0.0031981786117943572,0.010684474372102895,0.018243552148835728,0.02100327469495938,0.0,0.007761158886848953,0.00357725382503307,0.0021747949183896524,0.024438769870090513,0.01242722254194477,0.00918112789651418,0.018957879341433972,0.0,0.013667508648439559,0.002209078314236276,0.008070596886503342,0.02454042117889795,0.0,0.0024672677350583237,0.0,0.018605379522484897,0.011923751450916339,0.005010826114389617,0.0,0.0,0.006037297418396189,0.01852169711617881,0.038146898042307344,0.027462430559525186,0.028051385171055154,0.025042828283748514,0.019367713935419466,0.04057263940148087,0.0,0.0087146177616631,0.0016647994787842668,0.0,0.01891042746454162,0.024512612378823517,0.012471218059740483,0.006382511675108736,0.055032764895619,0.023743408119622562,0.010718396175957203,0.0002251376016487085,0.030186331723164823,0.010973157700051347,0.024059830903210393,0.034262888267073945,0.026101786739725394,0.022789423602433016,0.014139054945400577,0.0029067383654240845,0.03343576425181454,0.030335997005469482,0.014714538532331825
80000200,0.0,0.02360781255036304,0.004596141565177554,0.0014372561213369965,0.013057692675660943,0.0,0.027970095227698832,0.0117789725245424,0.0,0.0031930883512944156,0.009074987593296889,0.006113207262964771,0.003959343150585735,0.011055754865988041,0.0,0.0015201286314863887,0.021433832936343114,0.017295832060862725,0.008823593832535547,0.01387311853719585,0.019730309245483513,0.015084944651482047,0.0,0.0028694327474819573,0.012871728271971505,0.002653984660975419,0.0,0.040115536077084686,0.03844999518242212,0.015606228047217915,0.015237268127530946,0.01561326080075474,0.0,0.05154604850576618,0.008215082668581172,0.050076173817998254,0.004444057241110051,0.033310346988079914,0.037211734059652,0.025897835326368582,0.0,0.028022663558590857,0.0,0.0028114918851289052,0.04569799819368979,0.0,0.01927834779097702,0.006449656121177558,0.022833052718347995,0.0048714108616082575,0.005110907377249226,0.0,0.022534766979010294,0.03430400312242726,0.012534800842440134,0.005907267008182781,0.0037534766619201237,0.0
80000201,0.02816545268692105,0.0,0.003617444050391333,0.0056589380618093325,0.004941071033896588,0.008256510136002839,0.01633628791966032,0.004304688269089171,0.011333086546398813,0.01552002238264141,0.008337738896212374,0.019404500467004236,0.0,0.0,0.005991189737189059,0.005902380485041021,0.0,0.0062563777325442506,0.016492490497657303,0.015980728772682872,0.0008264885834374133,0.032179488000579216,0.005888954073347429,0.004196864190990003,0.016848664290872933,0.0,0.0084875151040129,0.02003059785274039,0.007314753009343378,0.03015274660885279,0.016387791047117604,0.016408913493253064,0.022546930731160906,0.0222573108496672,0.01534959351568857,0.018394957229594163,0.05309221733165379,0.006342484149234634,0.00605187140873304,0.014457837577208485,0.017890237944609765,0.011827518053891026,0.030674832174006524,0.017714495422441037,0.033892902515802174,0.014187709095831927,0.01378857073911056,0.02389177180623473,0.014344195678102722,0.01124610991781728,0.02399063771386585,0.017584251501180537,0.03209940205384375,0.00374245191534479,0.048704814003231595,0.016020980863626723,0.02305401488472691,0.00843289883158028
80000202,0.001382007618559041,0.022975196028544663,0.03864747970328648,0.03303648537661464,0.04264968891376546,0.07009470486725464,0.0,0.0,0.02684833408281397,0.014044663974566534,0.029607143611839092,0.017493748059199243,0.011102351706293654,0.02330804485410303,0.012524420110575356,0.029939227110128756,0.00843289887449358,0.013801722525381884,0.021338775522159154,0.01992593399890221,0.022783213798238715,0.021511954477575826,0.02991614038247757,0.016132964142743563,0.024457767678062493,0.03923675363404982,0.022722201353484822,0.015059362097486843,0.02794735835765436,0.026887067476394837,0.005871794363265768,0.004695152709510502,0.005370561686295045,0.0,0.0018549322111332295,0.009188668967824278,0.006447925328153094,0.0,0.0032340162198798805,0.01583484207250801,0.008810846150312218,0.006552570797827929,0.0,0.0,0.005737850971398327,0.011659929189749271,0.02179029737861471,0.018004167895529145,0.0,0.01150300662900746,0.0,0.0,0.006312745397836783,0.0,0.0007984612337875336,0.008332938934647873,0.010521508286756891,0.011374242328717313
80000203,0.043927099142624784,0.006966578056083488,0.026238728572969616,0.02583019603326123,0.016863256577447246,0.010350537647430956,0.02230040342666223,0.005077435721551297,0.027771453571443026,0.031045495447134877,0.021114357131709924,0.05023237180393342,0.01288622620760664,0.0,0.007837292162704025,0.019378140336769566,0.006571710755324279,0.015598419522453244,0.02568366757978373,0.05380545594552342,0.025862245877009728,0.019663345061182128,0.027649536357541898,0.019133690710833977,0.008312696661279819,0.044692756158913396,0.008764217164300168,0.03232828957934443,0.02834501208266811,0.00196870522916484,0.02087647055076618,0.016435046483150077,0.0,0.00954143519137636,0.025557348921288473,0.006497812348671672,0.004295127670041395,0.013270014621210302,0.0007438497993633738,0.006337032399794359,0.0031688381689519308,0.0,0.00016574646773756966,0.014414867704632342,0.002941696758000193,0.004001173676532464,0.014555191889197868,0.0,0.00912285338710866,0.015827769305189872,0.021226516388123253,0.01793469579682788,0.0,0.003122273765693059,0.011266599678801094,0.00017834513211838963,0.008558114055176579,0.018143526838020292
80000204,0.00779636108690645,0.02663736983609622,0.0009346176775918205,0.0043953232000732995,0.025260940463567014,0.018096320377707045,0.020286657566662952,0.016368497352153316,0.00791097853643958,0.020450083986833765,0.013767008248957754,0.008952212742526605,0.026471104821829166,0.02162346788534336,0.014367397932038546,0.04465034693213784,0.02335491178781599,0.028576751337198347,0.0252239178055395,0.024865864525600193,0.010192649389422876,0.008806611527089283,0.017557256640678504,0.017300332521589107,0.013484053911738292,0.01668706331627099,0.011486143852305154,0.0,0.024626223827294923,0.013426585137307085,0.013687289952427054,0.0,0.024568569200915196,0.015820427311983746,0.022347142159255984,0.01523426844851607,0.010916276041771266,0.0,0.0,0.0020112599759973637,0.015466850755250118,0.015942144060726256,0.0,0.025589122413723395,0.0,0.011601844960625609,0.007839197511703097,0.0,0.04140492511046463,0.008410339261412476,0.0,0.04286179547375164,0.0025385270248449387,0.0,0.0,0.008226742598507038,0.003131364473925469,0.009427882322934896
80000205,0.013072970492858594,0.018544144692236628,0.013711900165900832,0.012220484762831111,0.004800534013255143,0.025948055886703538,0.02238962428410539,0.03995565606767381,0.024704477978869654,0.01759512416790345,0.02914710396087881,0.02320603377261888,0.014924456194723835,0.02816293678201468,0.01769072565743532,0.03193368760519958,0.011891945371031071,0.0,0.019356370713438115,0.021491202069035695,0.026241702937253523,0.021903463994207707,0.025171542153450535,0.020326927443449393,0.02791396511971884,0.05379733771556229,0.019196680405831106,0.03215941414605883,0.007714817124420656,0.010399386840706357,0.0012040964350292704,0.00012268502918903927,0.0014838363009024166,0.0025957842692775424,0.0,0.0003098126009360899,0.004313123381490618,0.003433553777477718,0.006887382803576997,0.00929511261372645,0.0008538560943027921,0.01434112105549636,0.0,0.00686285715514763,0.004518357895506191,0.006643325131460949,0.008299683642390943,0.01141764014831096,0.0024017289762227317,0.009995263669593137,0.0,0.0036373859112126825,0.0009608431880058156,0.020796852787580408,0.017737141905337185,0.013382540391392677,0.016032065694930105,0.009846788827202763
80000206,0.020951653613217207,0.014509883657165639,0.0133799750934435,0.026659120681620418,0.02204949227735908,0.01335495356365237,0.026905065001695826,0.022008451794758594,0.021840250351494336,0.02468304102089516,0.011936924536231274,0.029570199250963335,0.022353413712451753,0.025706523010163226,0.019288689148845104,0.02482270970798424,0.02874737098909722,0.02833189040975778,0.028414160506230156,0.035138715108185205,0.011604926364280361,0.02846975000431687,0.00048613828359102317,0.027122307953563952,0.02058772451795628,0.004487507880825809,0.024596928844133965,0.02669699318208969,0.025879651680801315,0.002424232242398406,0.0,0.008758795443405966,0.009679775132846515,0.012147163836297551,0.015120183758408982,0.0048848214640596676,0.010989815188774827,0.022395439851039808,0.0,0.0,0.0,0.02209891227931774,0.010900090965311327,0.022111064089418993,0.019109623398683218,0.0,0.0010551301612387722,0.015580554475963243,0.021540222610217687,0.006526627260974816,0.001970810886776086,0.012521017533039292,0.01583498913137791,0.003957311398607234,0.01724970242739196,0.0014591456592346055,0.01279437578497216,0.0077813136534638835
80000207,0.0,0.01311734322584683,0.021157096825427206,0.0017438749631632593,0.004163495910701047,0.0,0.0057786445057253525,0.001997340409041721,0.004575275714267491,0.002867670555805357,0.0,0.011820870999284918,0.012210959214961497,0.02827315273740862,0.0020194427122705153,0.014328675223444306,0.019761232002309906,0.005376642046454466,0.0007082681797125166,0.033983441542642205,0.0,0.0004316357848773,0.010440574596022819,0.0026993370749016144,0.0,0.013826049218408624,0.018258118322744144,0.012796627707054125,0.005979092516780857,0.02441628226519682,0.022046417086081807,0.025049955929351452,0.013623920427818924,0.00605997069289441,0.0,0.001786650486054625,0.022122583333288714,0.01252706274720297,0.012378554087940205,0.015522472390275094,0.004669934792931554,0.020674363301151265,0.020078181665915407,0.029531405968508607,0.023120624727552806,0.025168328746885377,0.02643792793452376,0.030763866146730615,0.012614813267738488,0.007643632996158012,0.015075163477280057,0.019453432188208733,0.050503358228825714,0.014653984555597256,0.055507685668407025,0.02146162980407271,0.01932013795512833,0.017621971486800735
80000208,0.011363432692393427,0.0031534749317541485,0.023479596927011744,0.0029148566522338194,0.02861111807398046,0.06520176076737083,0.01016601307411826,0.023484418280956976,0.036207539686876976,0.0127952718401048,0.029531674515422376,0.026349978070794092,0.017393854856238882,0.01428202330619082,0.0348050630833128,0.02211247529484778,0.018825495507222314,0.02766740261608574,0.01793285893685137,0.015149604012432625,0.0177717792321703,0.023224543745478766,0.002532010593704456,0.02557008304924776,0.0,0.021460772767950224,0.010336294704724329,0.017180121013969644,0.013504204515274797,0.0,0.010212420502302309,0.007744152855768006,0.004169492211028154,0.009376626473107311,0.020598065478744276,0.006679591202556116,0.004171270070961343,0.012555447543659424,0.011467924698635511,0.0035186775186253198,0.0,5.463491915639553e-05,0.010764895366630122,0.008229717100785352,0.02079308714252719,0.0157867384813939,0.0,0.010659274237688084,0.008908865958367375,0.0,0.007151107238659505,0.0,0.019085536447743634,0.009528014505781876,0.02470347478445466,0.008947310263713574,0.015959133006261596,0.017120953646703133
80000209,0.010160229185032708,0.0011888569259807563,0.0,0.0,0.006990025532049202,0.020427317535214193,0.0023340165367099932,0.00958607560147908,0.014703385329353906,0.0027939568553380467,0.0,0.015410392576670644,0.012098008485729162,0.02712681357565093,0.007422175995267621,0.0,0.02697897359387552,0.0,0.0074594418428529175,0.00644536472412347,0.002779567215191733,0.014501379903749492,0.023780639018063016,0.00843410766945869,0.0037127674671165707,0.024494697631329818,0.020504199897720458,0.007244862092540849,0.0,0.03362946485178055,0.021420741385055488,0.009185072186208643,0.007827480476161301,0.010631934971222761,0.008940231436049806,0.012688342481278838,0.03579896267285671,0.03605559826057016,0.016284993079629773,0.03694356023253233,0.02072782128745028,0.009193463107538527,0.008687542246442788,0.020526326827653714,0.033375027268827184,0.015424482565902006,0.014861480364999402,0.018629637935638876,0.04737285240053358,0.02580419723624327,0.014332606561948928,0.016246204963183193,0.03200255173884594,0.032494550313250437,0.014757974240968814,0.01500322426939632,0.02128905496321782,0.02310834618138054
80000210,0.010421141816913261,0.01093275654797868,0.014260912951183391,0.0,0.0,0.019136826343367924,0.018729083769550525,0.009992550175114443,0.009960941927263609,0.012613055914975836,0.0,0.03213380810244385,0.029754605847861937,0.00486595074570984,0.0019060447345561674,0.005922195357421559,0.004381982118999932,0.022116589499424327,0.0022841373928202107,0.027309873786367147,0.0,0.02106937881266874,0.0,0.00013867208158186854,0.01488880748471093,0.022013068184438312,0.0,0.007869062084736263,0.0023522026322381376,0.020506301086268067,0.01645313501084624,0.008444156884225637,0.015602334514783732,0.019574166684259767,0.007136066436577393,0.015241409012108319,0.03628947095335186,0.008208721804349362,0.02104767802323239,0.04601229690937157,0.01595448187311151,0.020829062403290733,0.022735385028305487,0.0,0.00900759412378693,0.025759535022381357,0.018318291449599653,0.03291849903552987,0.019743712224088363,0.014547158557328698,0.014886987825558057,0.009719265784066289,0.012792469216769575,0.0,0.00845881534522607,0.02930598190576508,0.009464896560987939,0.013610136740760573
80000211,0.012607362774662095,0.017204975313548903,0.02909857149642059,0.01307885656859116,0.014556233842908313,0.023070117591250005,0.004303414893832604,0.0245057376556853,0.028948228160672888,0.022336912576643143,0.01015991040301052,0.009411171836912402,0.005412778361442852,0.015385798305013729,0.044350819479664745,0.0024206269570776523,0.043282173103800135,0.040547318978691224,0.016800018067026412,0.00439024813476611,0.04483527470227848,0.038135012554160595,0.042391506517280575,0.011034449659407405,0.006801470350395308,0.011746027039014355,0.037994679043028674,0.01881470639349221,0.02107324778883548,0.0,0.0049627718848190595,0.007432996609257045,0.014413259829413334,0.00666354714631477,0.031086743850510752,0.007567846583953996,0.0,0.004498106638039839,0.005262754627304669,0.0017643336534596218,0.0017037248494304574,0.022243641228386946,0.006207054982484715,0.0250134681418263,0.00418376251212575,0.003941750255878631,0.011378347248800205,0.0032892990805038066,0.013802100414133586,0.006713203850361966,0.0,0.007140823718617275,0.0039318203265404274,0.005615021769587321,0.006720273632334274,0.008426819183103186,0.0,0.0
80000212,0.006031543950345068,0.027902188006655265,0.028984910613960836,0.012711518141578323,0.012192986227131419,0.00296358426031566,0.0189855201271732,0.0034147996865971724,0.009819885318846203,0.011580156893758783,0.009454130215582779,0.024066191318368672,0.007155128503664148,0.001652445880465062,0.019212354722130922,0.002123633801652806,0.004175991701887724,0.019495890566954024,0.01880573059045004,0.021336029339802366,0.022398058265279165,0.008926256509252488,0.010629574147219722,0.014974527731958962,0.00455716197541687,0.01051667890615871,0.02818365665689664,0.0,0.018322952855916605,0.0029599762170985744,0.010139084855858646,0.015437442225642287,0.01364338658098043,0.0,0.019914204076797903,0.0,0.02321486402440401,0.026585704376874974,0.023400863015268163,0.02396118507529041,0.0095608152393391,0.023364917283357895,0.020975127887959293,0.015976558406159403,0.04817546708163064,0.006181789506318087,0.0023952659256307835,0.013479385556163756,0.0,0.007943490297023941,0.03652770411454334,0.012125312862491864,3.20373867505978e-05,0.00807483931504029,0.010174734511594178,0.0044260058385591486,0.01059260195615688,0.012225548397119436
80000213,0.01897954030486635,0.012267780540127955,0.00901368211542987,0.0,0.03449536502192166,0.02621299102496287,0.02696295503940924,0.006383843738283733,0.019991445007460282,0.03564752332191312,0.0258084629284999,0.005711433758870158,0.01384960230554767,0.0232849965040814,0.0039166063722897255,0.013865322689781311,0.029431258632636192,0.021250193722032115,0.017858913096841365,0.013898635992536993,0.05080613343119932,0.01775094044134705,0.03841004135538977,0.038434300438930875,0.022428804507951462,0.02675359476660227,0.021681239448518328,0.030290006219048884,0.019814428991361616,0.01372596036036206,0.0,0.008566728494089501,0.007086604960577318,0.0,0.005636317509533105,0.015194383297697716,0.00328975553576874,0.0,0.01752915291539217,0.005193614444445719,0.00948237069841117,0.0,0.0,0.006943009372779327,0.0,0.0,0.006826692536479472,0.0,0.01613456020702786,0.00941729952491114,0.015080175265539454,0.0001990466621894931,0.015016069090246288,0.01525496245574411,0.013329032401842165,0.0,0.004104419632457503,0.01082695753916745
80000214,0.03975577224132701,0.0,0.02409757980939973,0.014659718210918772,0.01950119417593875,0.040874259643829285,0.0035838334848299603,0.018767284924424085,0.023700703916099738,0.04080206127270391,0.019416714843737613,0.013379320858377324,0.02078255958710895,0.020689429711436516,0.013375347707207509,0.0372092141106185,0.021934702690484496,0.014868340176568254,0.001447398627592286,0.021384089498488808,0.018642265461965023,0.009996923938309667,0.014992667004553012,0.014612262555092565,0.0171871439968947,0.030056954260356306,0.029061248119152904,0.014247514119159388,0.02709783739239948,0.0018471274126554567,0.001069581521350608,0.0045257972284464725,0.01331970687126725,0.019518743598285274,0.0018678801885781981,0.00908779972540748,0.016889105046616174,0.006160634212950516,0.01328894949662543,0.011757001316717851,0.012465527621204751,0.009313234985460616,0.0028482077581803884,0.008932989425295693,0.0,0.0031965690685391832,0.01946750985172347,0.01774511339692963,0.004460112755992258,0.01700622920326321,0.01711368962602818,0.00994712613081436,0.013883604960529294,0.00647812984622952,0.01564136850864009,0.02080542896236862,0.0036019172998524762,0.009656898354197651
80000215,0.0237078240630554,0.02593400439404898,0.0045372266367949355,0.015246200134554782,0.022323405763332634,0.019053640137861684,0.011420064532220752,0.02080255115110816,0.017568075403921257,0.01940567401272768,0.016225466733797697,0.026893768090522602,0.04035388899428548,0.037234413590861076,0.014498059557719331,0.01764682545631711,0.017126297629544256,0.01182784949623845,0.020890737548539064,0.02072092362397768,0.0421518070601367,0.01545284082070144,0.02250554619478481,0.03968746384440397,0.011328777026937367,0.024624837750560527,0.025696614397388167,0.02327086377201,0.024544155937108597,0.011366094390230145,0.017493069955388504,0.0,0.0,0.013616939330395532,0.0,0.008998424978316388,0.022751101391566372,0.0061761041874866945,0.009198274127258257,0.007122956207717735,0.011673224575782414,0.00313756630499547,0.011518777387529417,0.0,0.012931067779749787,0.009140374268046626,0.0008821347669067191,0.011034083851843325,0.00044100925807632335,0.0,0.0007956720653293715,0.0026075858266743114,0.013123643413735968,0.011320875269310963,0.009135535654840243,0.009715822551825046,0.002473783159441147,0.013972054118188946
80000216,0.012514386501665148,0.001447387887443762,0.0,0.019734299868517022,0.0,0.0,0.0032408285250531896,0.0,0.016304262467147602,0.0,0.020036382364443932,0.0044723223301012405,0.010344480789603051,0.0005259578192450406,0.0059963189643036435,0.01584472233333383,0.020032732185743134,0.006178604421322607,0.020024413044035995,0.0,0.02167693595493834,0.004353517966245495,0.011048622460054574,0.009474614216045492,0.006464895469802858,0.024255130801690734,0.0,0.025542202393863345,0.01786925821471598,0.016659244193273394,0.05025359331825965,0.0029673532820492536,0.032839829259178596,0.0225044564456071,0.003652843649981428,0.028529693064836444,0.022469303739809546,0.03576908612727333,0.0234833677871055,0.017332647712278042,0.019561863676274365,0.010174044514505822,0.013024199438828512,0.01866559645580344,0.013607213595829986,0.02276538151639404,0.03771711913226685,0.03735945284164015,0.02150430057169959,0.016534300944521515,0.026971300744416442,0.0,0.04332734566613289,0.02315497378282377,0.02940086944834171,0.02677361968242115,0.0010036975188611114,0.022796268889844495
80000217,0.01889468627252717,0.01604886683819977,0.030936091475079138,0.008106820704252449,0.01477483672403607,0.007660555193379312,0.02592599813996333,0.00395859039120762,0.004824808788505438,0.007913923917696252,0.007432022354664926,0.003756925563971227,0.0230403635394554,0.0,0.006730907197706044,0.02569874905923805,0.0,0.028810680021877234,0.0,0.01448776733417785,0.011509038591276987,0.025473920216111567,0.0,0.013074097315971733,0.018575743732830587,0.019845754663713258,0.0036888938527490063,0.01495093466476249,0.015881415643855097,0.013762720187910544,0.015372322111520054,0.0477405738726894,0.01456242751947973,0.018314922564021195,0.02163029848133266,0.006429851708779829,0.012415200217117442,0.03992782223585711,0.02520103026585983,0.01955948185131861,0.004508005083792955,0.0017433549402683074,0.0024800364992115104,0.03895906913986067,0.003655471832859192,0.0074110959302575745,0.01793706578082567,0.02199103916042507,0.027668030022262195,0.00914309215586558,0.024469806207856465,0.01696138283058852,0.005482732763691421,0.003418923532580536,0.01889786898817823,0.013439294166936504,0.02558863459004336,0.0050001657054025645
80000218,0.024304546127975193,0.00598125943224878,0.028507725105585035,0.009459698429939758,0.0135623504928441,0.03016605067839728,0.030726701362052813,0.0,0.008787474251056564,0.019910322159331337,0.015209594497980379,0.026156862788787042,0.013483255917732704,0.030267740578213048,0.013313476426932204,0.013981961340124291,0.04550721723609451,0.01141405417405935,0.01548358537525103,0.012064220347489328,0.00021005977943090308,0.05014886622939518,0.00391186449625233,0.03938690925632176,0.009893823172087503,0.014663438609494334,0.026062456124769488,0.022758932616917835,0.010247006967511359,0.0203274816110597,0.0,0.015230066248182132,0.02998744535581454,0.01183566676942555,0.019350905488894624,0.007719039687415733,0.01376962762465437,0.005498557529225867,0.005873914812955664,0.0,0.0,0.011698386198154345,0.015445474118983908,0.007279678976568005,0.013344218205031396,0.010919472530386595,0.013866447582537389,0.0,0.003923639261462251,0.0030114464713512238,0.0,0.013818758921505605,0.009037873918004312,0.02246084359372414,0.006676094470944316,0.014202410129691884,0.000953832782912446,0.02364212268804652
80000219,0.0,0.01120465886743086,0.013946313997248942,0.004237286804435274,0.019100843317177093,0.014549591377070214,0.0,0.006976084681943945,0.01899691892368511,0.012086477377491588,0.001880985966337177,0.0,0.010857549806523698,0.0079896708690782,0.00836363474296809,0.017441759855195287,0.015987122960465543,0.0023407795901831193,0.026564341141599026,0.005907601278313735,0.05182168583530412,0.03055344132268522,0.021698212290557312,0.018809329145643584,0.027484817272202988,0.01816442241624502,0.0016566613609300727,0.015455692877191967,0.009913178768130049,0.039594881106165,0.011905965921425819,0.0029797494528513865,0.01423742824806643,0.002714964913357731,0.014681409055363184,0.0,0.015244924939714194,0.0027746004215147284,0.0032121157150877965,0.05040732862843972,0.004025755657444752,0.0,0.011815381195139175,0.0009410864894861427,0.08571200468173824,0.031242792913102346,0.0,0.0,0.02605126981198525,0.016177291627264324,0.003696457820409979,0.0005027193084142815,0.02017672424132987,0.006803002119643616,0.009803799230306135,0.013669372022089803,0.012252849441783684,0.0037996068423201503
80000220,0.003291345651074885,0.0,0.0,0.005095946037181198,0.034813622583663585,0.014465205868194834,0.009399632037196431,0.0,0.008526097715164977,0.0074586772773837465,0.006748085122880162,0.0,0.011355216016848716,0.0180615083108039,0.009373121880221536,0.008880676073381255,0.019396317066900332,0.015484143013341684,0.0,0.0015064787062642694,0.013804886609161548,0.008116440179382296,0.008814099719288782,0.0038075703136725603,0.015054990192522946,0.0,0.0064371895598113885,0.0,0.007357042944334243,0.021478440893765487,0.02563617070329163,0.028139703455075705,0.007316291964694259,0.032465457454561204,0.037635912428633206,0.0,0.02477483183426031,0.02254956530591131,0.029758618757999827,0.03034835321546953,0.030031340154365996,0.021636970294215234,0.008060848708320687,0.02575391230043241,0.019031157413224236,0.005910443942357291,0.015574381449370915,0.022720113081361203,0.017760151961215245,0.008273361895742857,0.02837003490889365,0.020693368255896696,0.02120087355189389,0.03476664182598591,0.02271232765023353,0.02690367618597009,0.01836645831538197,0.024408436641974007
80000221,0.01431383749249668,0.031107280163575023,0.019774648748393082,0.018714350067208667,0.023560153876193955,0.027882544904595363,0.03455854774894005,0.034015780165983,0.007662364192165404,0.032966147606919585,0.01580413321892683,0.02332434012210045,0.013486791853364035,0.002252735834028906,0.0072119614727338376,0.01650721298171445,0.026576580048574466,0.018195325418552327,0.017170242141598385,0.01482324186048984,0.011552839243247341,0.029434837825673927,0.01978749154660509,0.017404610126101516,0.021243770907542443,0.029040225188376644,0.030584408785886124,0.03128639306932604,0.013382864970024754,0.01638080992094962,0.008093429544557914,0.0,0.004755040139823713,0.009717923902563944,0.012127581600792196,0.01945374691040647,7.049340170202482e-05,0.0013929779585822998,0.007514348602675053,0.009848974835663845,0.012634897607649328,0.00804215928008769,0.01861317537513064,0.014451643883716716,0.006698631433162636,0.0,0.007603256843680426,0.0015954506173001396,0.0,0.03054729747339242,0.010116808170367825,0.014209036714657982,0.009220784076087183,0.0,0.010404512336288517,0.01436347490051985,0.003290760298681299,0.008380064425064351
80000222,0.021460510326048857,0.020961788732754054,0.006231831212273773,0.01796427976407802,0.0,0.0016878657790522517,0.013350881986719361,0.0,0.003527908460673995,0.0031220999988476727,0.0,0.01494702318404431,0.011400377091341108,0.0059840831248857765,0.000407890126407386,0.013677399978146784,0.014500575687546167,0.0,0.013050608193980708,0.009909002112841559,0.0059712358920393045,0.0,0.009341097498606265,0.007702942864961897,0.002853495558967249,0.0033505603192732626,0.0,0.02075424439666187,0.0,0.022433966891962174,0.021567383628181256,0.02628237207815995,0.029738749668541262,0.0288614566826019,0.021933579317257597,0.020540253972658015,0.017646072844432942,0.03234768947663851,0.04182338505177122,0.01595856308343572,0.011022512549910454,0.005006522036734869,0.019189845986056366,0.010748237910068929,0.008863944611728122,0.0037141222435292066,0.029397192708840798,0.01877563448552717,0.036456207478600074,0.033932457589385824,0.018075844627023385,0.012508036493008986,0.035235188254001855,0.03257660697956219,0.02274361095229369,0.022223390011278425,0.016883913227163434,0.014603558896312928
80000223,0.0,0.0,0.016908281820442475,0.014880485117032535,0.0199348068358721,0.014466804809864137,0.0,0.030532479561232256,0.021289026110250134,0.0,0.0,0.018957193908867298,0.0044675870495113285,0.0009848378577301821,0.0024558905037268255,0.0019509571032644548,0.006815033575842752,0.012701810877921016,0.01764579425926518,0.012017137964179752,0.006523471976869046,0.001825049092512467,0.009067430702966466,0.010765946580526094,0.01907295871189119,0.01167175552974596,0.0,0.0,0.0245080159623799,0.021716997457082974,0.03707578693016884,0.020483353938434968,0.0,0.01963836265276435,0.018439815220164947,0.03556031238951094,0.007411481274809795,0.009433160662000147,0.027992383285050403,0.026315641815318674,0.016773560616366073,0.022782920894354068,0.0,0.01820896643856401,0.0039972256261422935,0.043544719507588814,0.021130028290870417,0.028328864930954305,0.005194187096695493,0.032386765175061984,0.01932062329472212,0.02979971470577026,0.015176053322800656,0.012369925240401827,0.009370221719447108,0.0,0.03811698283291921,0.014539374940750948
80000224,0.007636494535441489,0.01267304725758702,0.018200972411606377,0.007945287627224617,0.013163096178061318,0.006138278217837365,0.0,0.017757297400601793,0.0,0.0,0.0023889258521777026,0.0,0.006619846385332708,0.01523099829682097,0.001324362728046316,0.0,0.004194429389935262,0.0,0.00818443418973886,0.022994731785670852,0.0,0.0,0.0,0.0,0.0003122838873814005,0.00018780165552149603,0.016464889037508302,0.004102799210903876,0.0,0.028504773383677517,0.014372651370650778,0.010951870571881956,0.004753721464031908,0.007107622181499333,0.01850279381532879,0.04520385858894495,0.005787562501969802,0.026405882312775627,0.02311366743207964,0.020147612872653587,0.023247720186647596,0.028707134725853574,0.015210045654688385,0.014009907628296146,0.018922027274351213,0.014819630935255717,0.02696887962408293,0.03850324794520298,0.018583130291012797,0.0,0.012493920926327404,0.020342300341645907,0.041510410845980415,0.050485284655044364,0.047897553866715965,0.016065129228285343,0.030154851654444433,0.021705087520041695
80000225,0.009346026935143172,0.01652464559795571,0.0,0.0,0.016095073931298012,0.008309489461065243,0.006003579238922537,0.023638257514655946,0.012583266562969455,0.015371224386498088,0.0072658538144759754,0.021560898811616318,0.010315895876968684,0.013060123295647035,0.0,0.0,0.029932165630044378,0.009441414777169133,0.0,0.006472937952187405,0.009362904177667006,0.014774190901112594,0.022361162264790475,0.02451155746132426,0.007203119496826014,0.0,0.00874620098943923,0.023256269998587903,0.0008428521215624274,0.009705133809698542,0.017802179118826117,0.01609608622224032,0.019004753680691024,0.011428271378090896,0.02202213626309333,0.01600711650802095,0.036965258772248454,0.01956664062443898,0.0180116975404198,0.02278533613931077,0.02936525894958275,0.023716647739325282,0.011920352237166728,0.02831798136892466,0.012510195217793774,0.014646320452194854,0.031897439801154705,0.013240689264722286,0.025276842621888382,0.03438598366948375,0.029864526850860076,0.012868867112838259,0.01792672219956028,0.016294798649706427,0.02294632460841845,0.014887108968466805,0.02775585415488091,0.026960564196121528
80000226,0.01785365240211083,0.0,0.022884148109970096,0.029070158687421507,0.014679836093442632,0.029445305847531314,0.02839841323975131,0.012114982918407199,0.019593219310465308,0.04387476900770815,0.019895203664662898,0.014347107804908492,0.015667713923917737,0.0,0.0206358546640436,0.043965705686091844,0.03186094459273416,0.016542927722995836,0.029051950655858732,0.014112609513973189,0.02767389326152064,0.02048203219167408,0.01963543502616761,0.01285739321866681,0.017894978388170446,0.012194195777403678,0.034037173589177704,0.04230026227628727,0.030008095207187797,0.006329569567138068,0.0037290983477035206,0.007936932922738277,0.027299304249913826,0.0014886346659849575,0.0,0.01726639394703713,0.016157671775164355,0.0064916559620030395,0.005999917943718542,0.0005913461531530173,0.012048623488458194,0.0055223354420125305,0.0031451261985466256,0.011020968301235674,0.0,0.007745949143743682,0.0,0.010104160857025413,0.01747459407688848,0.0026032420933516233,0.007806286248082256,0.0,0.009670549440494424,0.02911147833394608,0.007722576626570551,0.0037394460142277795,0.01115417211161868,0.0014952784122130944
80000227,0.009198965316272477,0.014808927009872758,0.01567609073708155,0.03842925280464348,0.011548550475714955,0.032592212744982,0.024424908829444893,0.01754619782738716,0.022385937363583,0.01098658976197592,0.011085367691200696,0.018399406011030843,0.027481433591388015,0.03183531227485097,0.032269948055503886,0.029066806470912945,0.007972153616938584,0.020840162671106742,0.016498775966318536,0.02225966541349967,0.01904282477534457,0.03338617591320804,0.02134269156008727,0.028064571149682336,0.01014039565563059,0.024698032003968036,0.028315402263993004,0.005573625042130483,0.026591085322027315,0.0036858253065942237,0.0005824558154244442,0.017553450970057553,0.02140272104551874,0.01969805261985515,0.005062588827265918,0.010717589129716678,0.014964071700761509,0.0014976869984456242,0.012428046557193408,0.015702621750676927,0.027573289059332422,0.0,0.0,0.008530181503014309,0.030645803848666647,0.006482755937996697,0.008850124439131274,0.0,0.009888380771765045,0.01509510076923039,0.007414672324121649,0.0,0.016210804379054988,0.0014702148287519651,0.013670131426876005,0.0,0.015389553701442727,0.007261729079436063
80000228,0.009757747463120095,0.00151951119162086,0.019144637141204134,0.018912328631593398,0.0026157724706683525,0.0,0.008778024205766104,0.00136364783314237,0.00854675955436943,0.0037595034366243087,0.002273262590824131,0.007037836399133427,0.012445833825028774,0.009793703048379968,0.0,0.015493367893415337,0.0067444393106708715,0.00890293636483392,0.006280577994928227,0.01973183170560833,0.008737470811681658,0.010828134903848551,0.0031681523255178354,0.01689786507713072,0.006727844008720646,0.0,0.018901533561481075,0.015161766232523254,0.0018693236807481445,0.027484903617930573,0.028145579929004044,0.029686466923027854,0.029666406783903893,0.02591965391771015,0.013099126698144427,0.051993059369223486,0.02398234003107561,0.02779447836369799,0.017809707058656327,0.016158013060623196,0.039074673210151706,0.00490369388717734,0.010228241904634287,0.022432270496753382,0.0,0.006862047231935874,0.013065773138040034,0.014739019735706212,0.021119616871783792,0.020287834758206676,0.030365845216791743,0.02313034736227226,0.005035153007750802,0.021878278283844393,0.008458057451276868,0.03242453933572207,0.01887436568997254,0.023101969515153524
80000229,0.030240865622209647,0.021161053912652137,0.026028922765194903,0.011970699475402276,0.01308515256388488,0.02552536680693747,0.017338841930341534,0.02670880310917945,0.018030829520942433,0.0,0.04257163566875224,0.0,0.02369000191053592,0.01992446420147927,0.020574346617863084,0.027584719070035346,0.021646339709158528,0.039074214657302785,0.0,0.031095671192450294,0.03677134892947189,0.04056406296233399,0.013702166386001819,0.0500343614121652,0.0257745376429492,0.010882130375349462,0.014092006892488641,0.017119678706000764,0.028445890106271132,0.003469065920816051,0.0,0.0029081629664140583,0.0,0.005296929332275351,0.0,0.0,0.0065410763127671774,0.01732044634692181,0.006083927478965763,0.0,0.010982801528861587,0.011717953565248717,0.0,0.011030297457313173,0.0,0.0022733256679106258,0.0013824429738697153,0.013864133421714548,0.0,0.010938095984858788,0.0015148350747005398,0.008247056871840481,0.004829448624163397,0.030089629124028103,0.006101220490017884,0.004382683174254819,0.0,0.007220550633059878
80000230,0.027757888279265813,0.0286936929299541,0.03890408843842193,0.01729041053881523,0.01020617487498497,0.015545086711698434,0.020045105539336402,0.03052368157147267,0.018339424341648,0.005812859022529113,0.01537013065468426,0.032993677214781844,0.01070727929055006,0.050081831913405546,0.0258735970142501,0.022599058715384875,0.043948694845546615,0.015362610687001618,0.03521771766750762,0.03686365233483101,0.016671730928944264,0.014507359741553849,0.026898927937235646,0.0,0.019090806946991185,0.02047594896896648,0.02874318585180284,0.02351601352253727,0.03405305424550537,0.01747128921646941,0.008096369557504474,0.014494545018504945,0.0,0.013152184602836663,0.0,0.0007104473548931905,0.014669136760136637,0.003607627817513424,0.02118884871539949,0.0,0.0029062218758429863,0.01472289773946236,0.0,0.005735386963723872,0.0,0.008060265276120538,0.006469878807399635,0.004392595000534411,0.004343687912702974,2.1830527922606458e-05,0.01299225168478042,0.025841096821035376,0.0,0.016539212464038416,0.00036367128226119124,0.0,0.020330821581163623,0.008761685079667514
80000231,0.006213464093863108,0.0,0.0,0.005702705252888549,0.012160275636539505,0.0,0.01475314510168378,0.006287263206374941,0.0,0.0028867093057466557,0.0,0.01897192066911668,0.00501222610221773,0.02448549979722748,0.0038335773835395156,0.0,0.007552759276658797,0.009175370714902573,0.007169554065739267,0.021094730418554797,0.0035696722984127857,0.01732278944733182,0.0,0.0,0.009916257555212185,0.0,0.0022211757824551425,0.010466199323133155,0.01097416119595867,0.04972460772722833,0.04602522669858802,0.005370724923924063,0.01348855590700539,0.027685297113306848,0.016286685618416077,0.0310404265779964,0.0195959692301135,0.016926885732098447,0.04144449664835807,0.0,0.017876257693512154,0.01750669248874237,0.02181786962153372,0.02253013600685,0.02893689760751033,0.009370194806373723,0.009166459265331552,0.028924974201821385,0.014613388896449978,0.02069928906045272,0.025808884632707852,0.0357034117114295,0.025388211431481983,0.0028437644774759754,0.0247242452976457,0.014617201601022778,0.024266322708422817,0.03948521181318233
80000232,0.027395048350878193,0.01727289601984392,0.033329330710261305,0.014791770753681972,0.023707351051289596,0.016079843977615655,0.018788449396617998,0.0,0.01595935863048568,0.017829662324966383,0.03413752100759721,0.044089314777770984,0.03969614267928396,0.0014253999504839402,0.015921103472815328,0.00957878044032463,0.02308178476691271,0.03408347530818157,0.019971702700507528,0.006217142878679875,0.004604551198230661,0.016157990222958114,0.0009737573024982266,0.016991426473014843,0.01340385730555123,0.011616872567564539,0.006338716766843623,0.025999544063410988,0.025601493945817816,0.03177022830733409,0.001724769361469695,0.00652904755522044,0.019021879661875688,0.0,0.023185815499081712,0.0017225804496746808,0.011651824106364686,0.012223938689192436,0.008621967862464306,0.010556340794704475,0.00011829907546042967,0.003918193893405016,0.019273703489867892,0.008612714201457379,0.007928765374149414,0.024271497432601513,0.01886253211104445,0.008605948911102291,0.010462959562620245,0.013935808858207955,0.008478012696847463,0.017977055288906703,0.019829197285480302,0.02928101712553019,0.009016762538886827,0.0,0.0,0.01829384783409959
80000233,0.0029474753253388767,0.019950770840999964,0.01340062239469905,0.013579525841722057,0.002802398386825362,0.01933708784175255,0.011810498813440979,0.01632806172873143,0.0,0.015722757503099663,0.009759453755363452,0.049654960060746135,0.02240013785007515,0.0245092339703094,0.03092370294167572,0.016219602067095246,0.019476335236703193,0.01017757611122205,0.024409730951173998,0.02594173443730809,0.03872129069762121,0.023817564125404932,0.00894211556283764,0.03232898340108856,0.0,0.04980878077478393,0.029648554179427723,0.02669650649750559,0.04273422965093459,0.009211362229495434,0.0002444166011712719,0.0,0.0,0.017276986887077284,0.0037128451206690557,0.016238413156048764,0.011740670793970403,0.02501275224981879,0.01983099612605912,0.0005981680051191594,0.013875080067436618,0.0011713435429404194,0.0009379164463879318,0.0104104788739712,0.015355942594942095,0.005649305026924249,0.0,0.0,0.0,0.0,0.007949293664443784,0.009603835501941936,0.00713859946997131,0.003943501806012171,0.01100990964409271,0.013400314277934693,0.01701300275463672,0.02668259148024621
80000234,0.006849021838701337,0.026617793411631785,0.00269255383722507,0.01354639868936579,0.042028400168476136,0.022814672571045583,0.017605592548104055,0.00969652214757772,0.0,0.04530497347053727,0.017879055669932253,0.007023264091627434,0.01615324019331942,0.0,0.050342670693544075,0.021884918372529177,0.0,0.0,7.061251566844186e-05,0.05544258314542009,0.03130792382773649,0.003153631439135611,0.01678815631894566,0.0,0.016925434543943973,0.011620325931317602,0.0,0.02929322028256261,0.02690567467140699,0.022579342414050473,0.012920703344676859,2.1273464872482795e-05,0.0012743085123639905,0.01971235909723781,0.022006128878899602,0.0025792151166143863,0.0019185501288314208,0.015384545110680025,0.0028792065785562438,0.0,0.008347634413011193,0.0,0.027355187833005952,0.0004856164131553966,0.017265202552950592,0.04803535079237588,0.0024621326205426387,0.012923817032082043,0.0,0.018795063130207706,0.014421687003744172,0.011288492853366033,0.01092315608978375,0.008391105611001006,0.006674668733887085,0.01571654239885646,0.013239676252998638,0.020759950615587653
80000235,0.03558541547098336,0.02134979193326201,0.0,0.035076325067822677,0.0,0.01763280577521426,0.03193839707374507,0.013173305619586871,0.0,0.02834571470959983,0.008097391596875789,0.020887741504039128,0.018848038894301745,0.021595154810462345,0.008366081208753878,0.021007187354459837,0.007026127265759136,0.009533739089075262,0.017384136719501227,0.01918213535515854,0.001754260681618421,0.014482834962813341,0.034620248938431956,0.0059334627188317,0.02892754486604531,0.034269494119099395,0.019213641419202954,0.02601280317136777,0.013074632533436785,0.017359490198386254,0.012699517249909543,0.0014978141341697754,0.004417712687599734,0.01842348261108296,0.012953118115543106,0.024876432720053004,0.009153914871013384,0.00520469818823129,0.028634909521564805,0.031025130480930863,0.015462650398230629,0.011639899922089353,0.018040811528730244,0.03302346652789732,0.020709401173147738,0.0,0.02278877791886606,0.0,0.0051820974599946995,0.0,0.009728321708741666,0.007801889882205044,0.012276131513061825,0.00516036087287459,0.02063874733517299,0.021828342173410956,0.015224645622579476,0.007107167221793031
80000236,0.020138274783357273,0.008137154647841902,0.01793253599069178,0.04622161036024426,0.03273375199887591,0.019760596937244218,0.009537997921403286,0.033840093207900275,0.005367566950423381,0.01984902357872974,0.0440088573354024,0.02409496263336801,0.03642055146187814,0.0179927351401777,0.0015207703162422614,0.018092997726691158,0.021215344607664836,0.013706201809203337,0.03137171394714903,0.018681852787150306,0.032324041680960515,0.029204530997482322,0.01591244175098975,0.026014975341789124,0.014622799292123557,0.007503097271735483,0.015354535660885115,0.016930698590611106,0.02273755151887615,0.013825148102131821,0.0026301891209297617,0.007525122836551408,0.0022259499713868838,0.006862137854260521,0.01948138400844113,0.011319291821032544,0.019632381231468734,0.006820038909371132,0.0068961747522290106,0.016276930021522987,0.00017220379958018047,0.01740178568119772,0.0,0.008345706762679336,0.004842504423879117,0.0015179180872633706,0.001512071437409031,0.009687746836909423,0.01047081637695573,0.01467389367030713,0.00849437958446853,0.0057875206728294,0.00913031152664517,0.010329474710026564,0.0,0.008097600571754855,0.0,0.01238328244100351
80000237,0.018784700881984123,0.012949593641287668,0.015439178391330879,0.01035460242059757,0.02233719217382704,0.01507907256476657,0.0193498718940495,0.002832708432984389,0.01780823189174616,0.012824110572999498,0.0005386402258748815,0.005617033310755266,0.01727378047495109,0.013617334762119244,0.0,0.007882204761211192,0.02716492487432488,0.0,0.0,0.01621596420352871,0.0,0.016235998000940173,0.0,0.024704075338549115,0.010785875772123322,0.0011431858091757166,0.010023716514442381,0.01854613098106806,0.01326004933275528,0.015284568262585898,0.01660957071213469,0.025831644568225096,0.01952551603690859,0.023574047631305193,0.016675627261682834,0.021097143250817692,0.03097553312438244,0.01979406603231259,0.01639900760048749,0.032205598767752225,0.024644186730517766,0.024552045553360456,0.0198013256596253,0.005437504870241943,0.022911526234494644,0.021043759319834023,0.016252359144653398,0.02735582388926803,0.023128170660284414,0.008085873383565877,0.00817247503173801,0.027417191048838444,0.011082584989738149,0.012634080283650007,0.007388964349406924,0.009490005898289229,0.02508453355445808,0.03294856874311904
80000238,0.014535864740849481,0.008816852750216174,0.020377357494519906,0.0,0.027863096321059842,0.015240475216352167,0.018145782999261197,0.026663162693237655,0.017919027842446603,0.011044752301856137,0.024129904668060094,0.006003964245932192,0.017049923939624567,0.010496540681200556,0.010171257074411272,0.008012198466223436,0.03380889554786728,0.01987396692420313,0.011404207437537353,0.02186732419781108,0.01225116232451785,0.026836039359184508,0.02544193618942336,0.034075430181173635,0.029509399231769894,0.042715812636384895,0.0,0.020197348439931595,0.021739340623323094,0.0015136203014609417,0.009271956130142695,0.012702177400770686,0.030098713973839845,0.010772357717708436,0.0006538037760451167,0.02386680185235679,0.0048998389813547805,0.0,0.00184770037622529,0.02133645810057633,0.005857220251421097,0.004915931352254274,0.012462216853476184,0.009752742888696899,0.018898028629263198,0.02926054887979027,0.0,0.015762146771189787,0.0016583005848799233,0.006555633497123627,0.009183150229822806,0.005426511913824488,0.007588863372687107,0.005455473781617901,0.007509785637876923,0.028107632151324814,0.015421756716641104,0.0
80000239,0.008864659361200254,0.0137687032220817,0.0072172667616886114,0.024844635494695053,0.01544597592329424,0.02695059116043335,0.001974082601984072,0.03244166652977064,0.02172242796485687,0.021213931690619376,0.011815107699088556,0.02382121580166853,0.010747031942544383,0.03889216267163061,0.008373371302696197,0.020888442919867998,0.016361764246098445,0.019251996591266536,0.0034152390928683905,0.04024653226537337,0.013900061350170741,0.013619401967468952,0.0186705990314033,0.019660344424403085,0.020310589957506165,0.0,0.013877651562004534,0.025661905329244786,0.04007585628558306,0.01171403863311177,0.008137948425269832,0.0041076381671030756,0.0,0.0,0.008758893632584258,0.015333125363359762,0.008393276281225824,0.0,0.0070958686958841714,0.019580373521686418,0.022203817790824535,0.0025884812911631276,0.013448619715759582,0.012853717458956604,0.010287761863051689,0.014887687584264177,0.0,0.019805428217655033,0.005182886812051524,0.003984798082550497,0.01826057100305313,0.008048094204787987,0.013215327775902855,0.0,0.009704609202303423,0.021114043732294432,0.007208461292293746,0.004970036178797654
80000240,0.009196718258103417,0.019985764991833226,0.010894749048347458,0.02129567187923729,0.027583146377041942,0.011637075851658537,0.03587855943823617,0.011167918164768881,0.020377670796458237,0.01971218881636053,0.017628913952727716,0.012116654292454102,0.01708492223072004,0.027128140835477266,0.03418913386687503,0.025805283297031002,0.01438767767994596,0.022233441064803502,0.02879248328528748,0.02453591761325774,0.018128529007492115,0.034253137670458886,0.02237571266785211,0.018956349542585488,0.023644328715526363,0.0319371921787605,0.03618142233469127,0.016007717676271765,0.006872943901235263,0.01417451977063677,0.0030351756542136227,0.005321672652426551,0.0,0.01640961253547685,0.002600419525815621,0.005848312387873337,0.0006478444158269382,0.017397806703758338,0.012733283149966662,0.020005813239654342,0.0106813975028281,0.008620841155508555,0.001997469547002035,0.022435176776250114,0.007721937949488541,0.012614683716645378,0.008069620798979184,0.0,0.010589393524112041,0.017848106495732523,0.010627268417441193,0.0,0.011060818767841662,0.0017920263094556963,0.013944066013547005,0.011268742258509275,0.007011963219947207,0.0
80000241,0.011670967979181567,0.0038883488558281026,0.012132865942916859,0.008996580826346308,0.00389481762728244,0.012539345710945782,0.005778301332863933,0.014860617493724956,0.013614732558347156,0.00068932708766059,0.0012825894463577593,0.0,0.01120560650092503,0.015547965521929856,0.010125911110859795,0.0,0.0,0.007722678235348782,0.02263634909804172,0.007344510148153816,0.001657453145005787,0.01469617656720464,0.0,0.012207992149641701,0.023836256492894847,0.022016281582657775,0.013712335058225748,0.0026195762092595426,0.023256009215331365,0.04509335841795725,0.0,0.00949589199423348,0.0,0.016020518915806543,0.039512808010646217,0.015527194803509801,0.020455168065966367,0.009592650075394596,0.02721776407718099,0.018254279325383215,0.004585850249093457,0.026063468019471625,0.014290265544667407,0.039980854501096945,0.02445766482453446,0.029051828171388898,0.026678060289122934,0.02571490175934804,0.021519944758436143,0.0330299224353555,0.026517534052384054,0.02453414305770862,0.004754291763895732,0.01663479568019953,0.013861392218665636,0.020168324032807553,0.024855909461477272,0.021454756246658224
80000242,0.011078762774886787,0.007824463832839476,0.031589373560386276,0.031600560466479,0.03392643442989865,0.022207451172369618,0.03353862834430769,0.017012058346591696,0.0009115184452723345,0.01701583331606727,0.0,0.025015610594284227,0.02445417066091297,0.025788987022979857,0.03234970195051843,0.03143385969079916,0.03247543448812143,0.030020285596466127,0.035513127258575715,0.012108061497276714,0.032429085804413185,0.018854528466702786,0.03746279196903584,0.01456872627384809,0.012568073274715687,0.025311224439675314,0.03321226391939269,0.007611072709650964,0.014487365535701853,0.01215328003061425,0.005398376462279014,0.007553108407934303,0.007572427181429759,0.0018340727096888827,0.0,0.0007913752275747133,0.010956839461398415,0.00461170487884538,0.02897800548114735,0.007349871603331037,0.01331213255003411,0.007912679055923504,0.013603341373548171,0.0020552746719832583,0.0,0.00503349922132996,0.018502964397277978,0.0,0.0016898412171669245,0.009801074817055578,0.021987949784984712,0.008499094733090589,0.006042538879998463,0.012639354861509139,0.0,0.02944834953904856,0.009953022303763244,0.0074466255440960175
80000243,0.010351529938379093,0.0009676515094733846,0.018053329823170157,0.01917358154109677,0.006514506229240162,0.0,0.010935142839315596,0.012421012005972723,0.020503250506377222,0.006532056738905182,0.028826985002440325,0.0037873104368647092,0.01540000564344181,0.013322845461773916,0.0004108317217693076,0.011355966234354732,0.0,0.016664411403995074,0.0071410503008376225,0.01013819017922794,0.010666647110147958,0.004767047125116035,0.010101566379174629,0.007613101680861449,0.0,0.011732542807079471,0.019052250246608154,0.0,0.02143473333422197,0.031551436119876985,0.022385968352821403,0.015593292918703747,0.028521138175976134,0.0373298689389685,0.03304048481892667,0.02362836734976225,0.005863852703450681,0.0249529047001422,0.00012759641206719572,0.006775944524550682,0.02944896987420244,0.004111702830891825,0.03324514165513891,0.04303321459386635,0.014173549312827152,0.012077711487145768,0.03287212924996236,0.025507525365461244,0.02354988477194767,0.02329525615095366,0.022590196023392666,0.036751736658459495,0.01399910547212654,0.02726278032465852,0.02018587139122495,0.0,0.02511625826168075,0.027676725686776753
80000244,0.007847914132135876,0.025438446230033128,0.036049700854854,0.02085533101424794,0.018132988729095714,0.017469895134494283,0.030703108193636412,0.011375745604122132,0.024551117794807766,0.028602487074795433,0.00797562771875065,0.016569552857993903,0.02659121028152389,0.023651982648538822,0.02047562772475812,0.015918999861200073,0.029812564032263136,0.017211039544265692,0.025845846603707735,0.027542618215665282,0.007807404598535905,0.02490847796365027,0.002263197992791895,0.01318635183697595,0.024324121578387998,0.005238453719195233,0.02967007055395464,0.015196739557115929,0.03138466374016714,0.019879733965417982,0.0077546959907067265,0.011608260969645038,0.008158210884470924,0.012752654711839976,0.01192484502168359,0.006476063911107357,0.014799749562726394,0.019941965862274393,0.0,0.009665865657851696,0.0,0.01582845928084268,0.009426205385681926,0.017249014743854783,0.007976575749594036,0.0026549837145109314,0.01797364428158312,0.007386051325678364,0.005567100633755145,0.013924198011183385,0.0,0.017444085411147586,0.0,0.012822434112108082,0.006224023912939136,0.00571270412844717,0.012347225775704226,0.015384182263878696
80000245,0.03170624296072674,0.0,0.005732657169431099,0.06017624767987086,0.014090689994173605,0.018503043508328165,0.0017152450787079263,0.0,0.0,0.010660292765753544,0.026935324594576357,0.06373200969247811,0.013381379176012757,0.0009120994255684128,0.0071607644144092335,0.02104773985684175,0.04138191910133749,0.026381912896352597,0.03238427949054849,0.015085551131463369,0.03230788580700618,0.01053017705262193,0.01394545878356042,0.020061123379828943,0.01794378862432029,0.02640032313888738,0.02159015511430261,0.04697521474695787,0.005451935577824796,0.002838122363690602,0.00866165867430893,0.010215202634753541,0.0,0.016898544480270148,0.0,0.001845523355208977,0.023538822824204733,0.020479973704541226,0.0028568177391372677,0.007306268778603283,0.0,0.0033149927937801533,0.004007684879073043,0.0,0.01849535694369757,0.034064957392953885,0.006813023633593426,0.0,0.024236050944165637,0.016842517773269124,0.0,0.00616300989696611,0.030551100877125034,0.009832046406349177,0.0,0.011914943151165636,0.022404839739127037,0.0
80000246,0.008889359972376524,0.0,0.0,0.007289846822819303,0.022230300134203684,0.003069951752943516,0.007530252597391233,0.009432332557076553,0.01554549151949854,0.008445670709201006,0.01866930436874312,0.0031202704282401713,0.0075695969551364565,0.0,0.0,0.012459289243066942,0.014217370754871133,0.025124930223222836,0.01677684457766265,0.018177567512165302,0.0,0.0015184989512934215,0.0,0.0,0.003025959461903977,0.005204601329611952,0.025159050901917307,0.0,0.0,0.03257153417562391,0.02121975029803777,0.023398752198034955,0.0054802476133605635,0.02612968353762919,0.03683618500208955,0.020449029187461415,0.013787533009409813,0.0223338436117783,0.021013897923965696,0.01765963460890547,0.02537935598105564,0.012193660345278726,0.029455345443350843,0.02802612922099679,0.033971997929501875,0.024932974495991838,0.020465740510315782,0.019273178666503275,0.020530814165935427,0.022651611336683336,0.03771733343777138,0.011220755732783874,0.0315643479528434,0.005735316508125243,0.01536523373100284,0.010441868435026655,0.023023123292727293,0.012821426966083797
80000247,0.0,0.010033943253077045,0.00895969204216001,0.009928932664147124,0.0,0.01852906000666183,0.018452295150996854,0.01293699631694431,0.005649254397865069,0.008931641516975281,0.01981839178191358,0.023530129033945458,0.018986380937934786,0.001262647033850256,0.006712435795640102,0.0,0.0008945402128231274,0.0,0.017134584456632858,0.008056038976038309,0.02289577100560186,0.0,0.010490383145299667,0.02331710207043192,0.00592889393093125,0.0,0.0019667947119435983,0.005657367224702482,0.0025810934924845774,0.022915419167074496,0.011169478571287302,0.0023000839711089516,0.050677992563159954,0.051068971928651834,0.030529348341723918,0.03820613157550252,0.011690014450449046,0.019994483411135567,0.016541366297654847,0.015302551218160763,0.033744550555385985,0.006409759508374228,0.011127705937634501,0.009449759751258821,0.008621886816846096,0.038441952857906914,0.004341658852466508,0.0075701535505627105,0.03577953031775187,0.03305383917513331,0.003192806872781656,0.032404642072100344,7.650638129921226e-05,0.017992549601830676,0.026114332175526542,0.021486852393270216,0.016071520525948166,0.010110999099459953
80000248,0.007103537636945871,0.0006431878572568892,0.0008507048044931929,0.01634462070761347,0.010723712852511304,0.013797546730111772,0.006139401660191735,0.01820837558690616,0.02065574843395255,0.01422788894067076,0.022077932348486144,0.0,0.014898857436016424,0.0041455489428189165,0.005490688605634627,0.012553989603092829,0.020421892917240142,0.018290692233462184,0.010418973805538967,0.01956916830724152,0.002405266328571762,0.0,0.00238050545048646,0.006499665865854947,0.013731682392264917,0.017552861288622774,0.004411426819729456,0.015912927391023245,0.0,0.01722293762327204,0.022121346925930856,0.02484744361312365,0.019733199621973216,0.030278823318977632,0.03199743516797028,0.0,0.014797641459208631,0.013883204201103247,0.004833099985593008,0.021148787632168424,0.028948900872064778,0.008071247091935643,0.0,0.01564025191828679,0.017667750041511904,0.02679810108156414,0.012102804802250908,0.01948371705854631,0.016809580128328644,0.033279988775376315,0.0311423959048565,0.009404274327760174,0.012609377140221562,0.020736981936251394,0.030801624449655913,0.01986802643354976,0.028668867986784582,0.018111545116801835
80000249,0.018901014001928246,0.007721529248525839,0.013735644757654345,0.013243835888039249,0.022015619331849142,0.019692886269431584,0.004218160762878091,0.03408557222501064,0.02958966868689329,0.03338417854754133,0.022757721981640135,0.028227999827295503,0.013882229939999767,0.01841271459830917,0.027587723216520536,0.009889727157087115,0.017963274959712398,0.01212637192937141,0.027328730560573628,0.0,0.030290450826315225,0.011946676753877996,0.01900881120464005,0.0342047994346344,0.03104113902704825,0.02506171063433404,0.020039106454960202,0.00885593910994045,0.025492887652264092,0.014641966598889297,0.0,0.006070707630251048,0.025408977698481956,0.014253301151885561,0.015800927974409483,0.0023168479811282194,0.0012331733080993429,0.019302472036698787,7.869715656928268e-05,0.003338434566514363,0.02970168573285891,0.0,0.004316446758785899,0.002816016652751232,0.017003725898664328,0.023607849269134545,0.0,0.00802688338736157,0.0,0.009925221368748967,0.008414773438546018,0.02358774074044307,0.004803985536071443,0.002920943076183191,0.022189450498718503,0.015127489782995945,0.0068822920119517095,0.008537800038724471
80000250,0.01565870929576707,0.01299781048947542,0.0,0.004904386926372857,0.021006372667744383,0.01630983056268564,0.007738665844268438,0.010419072911969963,0.024285022925773128,0.012869891278483649,0.01973938735355404,0.007348602182373657,0.01871911689228249,0.0048933018608569466,0.020805037039009447,0.0,0.01681262353862386,0.04017882995138147,0.013345449422152267,0.019514242143667454,0.01615130257748587,0.015039014565480012,0.020403981510058032,0.010078547219197497,0.0,0.021583121717111294,0.0031299180254151086,0.0,0.009752180929072965,0.018327495749338448,0.019658376715948073,0.022681257743052845,0.01783490760806462,0.0022511821301527514,0.03166518897028184,0.004531045950911664,0.012544128459323593,0.021660205210445375,0.003635121601900517,0.012162203037946089,0.015736157611579656,0.010102198011587647,0.02191182972387184,0.01864818765002659,0.023578710413729435,0.009594064489310362,0.026150791277449296,0.011532470433856395,0.015543894924154677,0.03907020005773787,0.01714078743364631,0.0,0.03561386034302214,0.01853683276140693,0.010770883297357372,0.026813446797354673,0.01575438387397838,0.00591934036863375
80000251,0.003135494746696069,0.0,0.028645668795664225,0.0064261094826467795,0.005683322832906921,0.008366459179418488,0.0,0.014045535321998434,0.00878969643057489,0.020449103201481272,0.01689878361468172,0.0022431818698904595,0.012834425169865958,0.006335142151412749,0.016358203505978216,0.02051366694960395,0.01289038833996009,0.0064056474880320605,0.01463679087013466,0.010133658389038722,0.0,0.020526927662321375,0.008418825321677282,0.013086515196627867,0.016231994937208286,0.016010196343558988,0.002427313243573245,0.019390320791826256,0.008530148416296133,0.01730878261842911,0.03306198874948259,0.029376170223027475,0.021405826704967216,0.014522678050229328,0.029522891359209283,0.015576675931805338,0.022394392647551716,0.013988474980202396,0.020631200655767557,0.012718830017724399,0.01590154476763593,0.024725336473024655,0.01397560084929848,0.02515092781735919,0.026068158390114105,0.007128165452612193,0.036762328748155326,0.0,0.024235919148343662,0.01421284504593129,0.027353216026783325,0.000566458184624244,0.030362285871645397,0.00800967533885072,0.0319370248539436,0.023987740316628422,0.014892675541414194,0.024441357895344573
80000252,0.0242756783256293,0.029778536358864946,0.020919641149852775,0.006846695277430775,0.021506485367184594,0.017238629284477298,0.020965603906333334,0.019671790034405112,0.02804024733557741,0.02411414157560936,0.016381370656942396,0.03326949188122441,0.03294614595072986,0.02320271516119101,0.0034132218288298118,0.014539238711816244,0.004418099376499151,0.021626240998070638,0.02670453978631071,0.020944451334927602,0.021953252281497294,0.034209324262351425,0.014578310093437226,0.02504358477883431,0.03586451893354813,0.01996278881151343,0.032368620884374526,0.023612665586283034,0.022439133907927112,0.0,0.012551302688365023,0.008899064405402947,0.005996490537427504,0.015556863476846127,0.0,0.0,0.006037861835079306,0.011887674861018216,0.018698533088728042,0.0,0.0016207687398061615,0.0,0.017751937705007482,0.0,0.00930040063008319,0.014518514145830271,0.0020863162841326384,0.005069878396704239,0.003760308974156145,0.0,0.006274963338131341,0.0038537978048426833,0.007783533901616558,0.0061841847954077715,0.009535299595855718,0.005596790278395019,0.0181195291339493,0.0
80000253,0.029562845356732124,0.026687995142818086,0.024399886170980246,0.0143610134335624,0.03209497882298788,0.014516220446977089,0.03003375082443556,0.0142700944236941,0.02485989317766982,0.010815870840718831,0.02059311555637975,0.012674301582180546,0.02519924849819588,0.018947706657608,0.005785945172454975,0.02801861273033777,0.028918353585994698,0.007892916614222801,0.008301109695618467,0.0054764435717772715,0.023959012453857058,0.014975769447731244,0.007328912888396498,0.02669065416237508,0.029654662481770476,0.027285435186584193,0.023233186672678215,0.035954304798989326,0.02460879214808777,0.020812831529810207,0.009468935561119666,0.013374676650199497,0.01335234762757585,0.00565463404506086,0.005146099544599496,0.006301979783058545,0.0,0.0,0.0,0.004642776500756332,0.00834230617944965,0.014454827613192098,0.004751750874749171,0.02675149489604977,0.0,0.012203222629031058,0.011988166245469228,0.01813560870660888,0.02070034241588057,0.0,0.01757015887608038,0.0,0.01158501615387103,0.0,0.007171262055152862,0.0,0.004299174456078261,0.0292112831863768
80000254,0.0,0.01410021196949065,0.015307360719374294,0.005376969499370833,0.002047482947376469,0.008143599476521516,0.0085826007601,0.014229875111364903,0.005554386372560464,0.0,0.01416247023756312,0.004933660592696393,0.009598987784826103,0.0,0.006781733016159525,0.008830718013077806,0.0,0.01601451439949189,0.003523308413606531,0.0,0.022416242743970652,0.013389562216777626,0.019532054073424333,0.0,0.0008991512593576383,0.019533772594849265,0.010437360077212387,0.006087857575472119,0.0036363856295153446,0.02451627379764342,0.014106214612279361,0.014841972654981576,0.023002017845598688,0.012985663854307269,0.032120041254819244,0.03070016335897091,0.020555458077469845,0.02119957222627002,0.034211288405475195,0.029834465443220468,0.026432857397588605,0.017038276530848148,0.0034313887888219666,0.014978367091385211,0.00438429575723078,0.023788217705746073,0.02067108994512391,0.033401918867838394,0.03167795949726386,0.026701306329953708,0.03279488995917379,0.008286337704349793,0.034581680405511586,0.013195528198182831,0.020595985642745923,0.010865854740333308,0.03356876233308211,0.03234162064012769
80000255,0.0016918462658169547,0.02564167472956369,0.005652445058439981,0.01995671505049317,0.03413144451867295,0.0,0.032994992664615135,0.0072207220201033935,0.019715244884239584,0.02754466373881355,0.015739296303280415,0.012528992458888706,0.06357640881610681,0.019825124934599234,0.01749195924505326,0.03004260991467165,0.03756269681410527,0.017990051198882077,0.019889380434269428,0.03716172571718936,0.03737829465278805,0.021303772723885915,0.014401717777126457,0.033689089878184676,0.023841731602641535,0.006748889873197556,0.031321545507335465,0.026980892730225685,0.019866381996232762,0.0,0.011449224212513676,0.015206454794585305,0.016464325887880236,0.0,0.012230437325707295,0.0,0.0048690726987200336,0.003552061728379539,0.0,0.0,0.011305322102812756,0.014093165237186225,0.0,0.01017699404245174,0.0,0.017519528869793764,0.0,0.004691409869346457,0.010254876390254254,0.002448945260269406,0.0,0.012470349734591392,0.014151553625108419,0.0,0.009193999828886407,0.013014604910660279,0.004375756518178889,0.0025697544459971026
80000256,0.0,0.021786243850246134,0.00448571768637817,0.014967946736060613,0.043138205009320855,0.017516788065542722,0.008952517814590217,0.007510974508543818,0.013839858857645822,0.00577152433438285,0.012287151792342221,0.00830824885369601,0.011925798659024683,0.016317261672733063,0.022419816628937966,0.01520316346131088,0.02541637168147326,0.03786605047819542,0.01962831722437209,0.0,0.012734221032508793,0.01053182425161877,0.017071752238985115,0.015999014047349856,0.0015138464510755373,0.0,0.0032834633436723444,0.0,0.006477362733897087,0.0,0.028861517540097942,0.007062887723297199,0.028014858337337366,0.01927935870094006,0.012987281028227562,0.0,9.174307165037966e-05,0.008629679718297293,0.00704577707636054,0.0068002054696287995,0.011908879585718141,0.02303316681871713,0.0,0.017633922543879584,0.001047813964373813,0.0006222626247830003,0.021832816001652145,0.00029365718457472417,0.0,0.0006027310543537781,0.007378311791040547,0.04012183281815738,0.019332720346245717,0.013998207000412675,0.007806992302459252,0.025549423097030215,0.0018261178303537995,0.002470777781066767
80000257,0.0008438055555585113,0.01522566185622638,0.01968601216046165,0.026131017609818483,0.00827780415017075,0.0,0.0,0.016173897311065943,0.01159013822333539,0.0,0.014604812635282509,0.005741063702660585,0.008525116373893178,0.013613465229968293,0.009249844353886294,0.00985712287748562,0.0,0.009945863076067213,0.009789055769465272,0.02010551473708036,0.005716251551183019,0.0031633628236620616,0.0066266062945660575,0.002518695154352059,0.0274554968649359,0.0,0.007733154806874328,0.009697878624835028,0.005555041996026673,0.015951205765508864,0.008621510828661659,0.02539441051970515,0.025705058401287475,0.01621115977600638,0.01561705725225674,0.03200242592007737,0.028309064882290676,0.02127629526372198,0.008852794495218743,0.025257724057308403,0.007343615057632124,0.02226659710391819,0.02113978786816138,0.022424764622641535,0.029151382651801366,0.02859750553309267,0.013977382399519601,0.03188754448332731,0.021837925442758532,0.015879186952464416,0.030356855981499325,0.014542006128973191,0.017592659510060525,0.02297527726989461,0.022298720879233964,0.028436590396506586,0.013396144801673266,0.032014863028983855
80000258,0.021755478522642226,0.009050890390314117,0.010867261045951145,0.01415202671536279,0.0028400425664278786,0.01593246193496255,0.021245144683181536,0.011885217897023216,0.03932913758027264,0.004098742786536815,0.0,0.02501514318296752,0.003604227349808062,0.013508916470407594,0.007684862823119984,0.05025722461764923,0.04374496646466042,0.05597721913268048,0.0264331717782598,0.043566812073426164,0.015797587465051,0.030789169666557342,0.019216041591774542,0.012729558735010514,0.028385664181562176,0.03467028136452802,0.0028385389265109936,0.0,0.029157985055530855,0.004431273663095369,0.019036902075976178,0.0,0.00917686790142769,0.0010607616232609304,0.014632415427892271,0.0,0.023712665414816356,0.005446526815659772,0.020862766102564215,0.011851943028984659,0.032047959159383355,0.008721226268194542,0.008455491862865006,0.0195839346386132,0.019743947123888644,0.004524510397092801,0.029200119922192545,0.013642649575147874,0.01224185112026318,0.0068495201907920866,0.0022224767688306035,0.025530390986325507,0.013642783285203939,0.0,0.0,0.0,0.0026385250970814423,0.0025380357711469975
80000259,0.018186034247310988,0.03408521814730117,0.012559303160004788,0.030604507835424805,0.026418114480580585,0.005723988977753913,0.012733993330460516,0.019542359727445502,0.028486651247894998,0.013423607351136041,0.013114672411752936,0.01423194968669743,0.02884436618444868,0.01929530878226387,0.034721755778377446,0.02655547472885284,0.03909892565869685,0.002352841342746563,0.022794836743171704,0.016286064210042608,0.009875853076316811,0.033618327083148436,0.039631937608925714,0.022810279146167185,0.0100400217264035,0.022573085577973096,0.04692227541214663,0.015796405296510156,0.03149067404318349,0.0006634971814366872,0.002905232633764444,0.004356083797702942,0.002613356797210031,0.004878265449612061,0.0,0.010728707502906488,0.006269048201477936,0.012026443253998431,0.007059677154090323,0.024250812007944853,0.013976474548361355,0.016764108991948776,0.0208472433531757,0.01217840704152275,0.0,0.004004905648603876,0.017964223152044545,0.007225381309187045,0.010115896339100865,0.017175550598846127,0.0,0.008474977250995538,0.004069626011444514,0.004638893930292227,0.004018500210209637,0.002567466794286577,0.0,0.0073619243842271516
80000260,0.020562433575944224,0.03645771552762782,0.03288565131682943,0.02293553960615192,0.026969539226252063,0.02916903369478451,0.007660394333616652,0.0,0.03125120465056219,0.016150151896922104,0.00836229249705998,0.022083940843945323,0.0028181294448940764,0.02930868245958045,0.01360161516557268,0.01972858402040947,0.030317621362657306,0.006259731062380278,0.013968253003024875,0.023457119854706207,0.025222167180419638,0.013432590573011499,0.016823927739301265,0.03372027779108557,0.027920287481368725,0.026784480865396008,0.032705720486941495,0.04035412760682164,0.009404674641986872,0.011401210626564417,0.007426133808582362,0.0034500733670781206,0.013423923111960863,0.0,0.004128478514804129,0.0014481131489089275,0.007994808703492914,0.0,0.0,0.004284935507545455,0.0165326062516676,0.0066681430213718865,0.01902103246644533,0.0,0.017256602510637008,0.004294869583593577,0.008227929129676254,0.007715956624576313,0.009471566517946839,0.0,0.004612120443100444,0.0044231520498767725,0.02422775966999243,0.011970775552497431,0.024541563200672925,0.0027927288990560644,0.00995761161742801,0.005661221871013002
80000261,0.031068214325348186,0.006688809125274576,0.03315759674539582,0.013320725730097498,0.02649557863135448,0.04009677348359681,0.004020794187779349,0.0177440598700346,0.049151594337495746,0.02311036974790182,0.030306766165358705,0.01661413043931848,0.015081771061345775,0.014631882156253101,0.018940525203773012,0.03534569471977409,0.030678257188764716,0.03288742481682522,0.031080935323342784,0.03103648424470662,0.01381005587318334,0.025967780874753706,0.02439619826918939,0.03506031803857605,0.0065939854554415605,0.0350381388620353,0.01338008369946761,0.021957333268529233,0.03228375425963009,0.011548038345041027,0.0,0.013971097301139684,0.0011962791229762856,0.0,0.003210600794245886,0.01045784891131016,0.0,0.0,0.0,0.0,0.00807291151725695,0.004391853967041215,0.02116446096444466,0.0,0.012170276257099145,0.0,0.0027775604731528837,0.004602518267713808,0.003879798499241686,0.01783774553147985,0.009336701679361497,0.012932303133763172,0.009486132460745847,0.0,0.0021674856650094583,0.020511570904924215,0.010040105055574471,0.008652603773389137
80000262,0.015180372124728411,0.02582873798576465,0.05848285765099729,0.00999434238785106,0.02097453801448437,0.01950599882371441,0.018203700273914804,0.007540421975237615,0.04353070129457159,0.02375518396142425,0.03146325399849509,0.03600589212544079,0.0030466354740399893,0.025632601118741695,0.010019251665225264,0.02737432834468796,0.07025295956857003,0.024104625539565792,0.029165263828082343,0.017839132566854637,0.026497857715822602,0.0033019451039831434,0.0,0.012250712768116661,0.024105114823702558,0.05654680403126069,0.008895616002056905,0.023511173911130216,0.016506899332326932,0.007424923748642672,0.0022261828912001715,0.019302756010512682,0.0023654803280787687,0.0163225309090534,0.009802445744905144,0.0,0.0,0.0,0.0,0.004397960763392683,0.0,0.011663063265102606,0.0,0.00959826132884315,0.023503384300091287,0.0,0.0,0.0,0.015767240102361527,0.012154089400915537,0.0,0.011072314596710866,0.0,0.017539338268698374,0.01032058154747363,0.0,0.0029097117423471618,0.0020870260420163605
80000263,0.019107604113808126,0.01258385192266714,0.016577239024300108,0.02771258410232801,0.0,0.01097322179260564,0.020621016089156584,0.01277209758530858,0.01196771167841924,0.0,0.0,0.0,0.0,0.027069232589963403,0.00666689849946121,0.011261600688140364,0.0,0.0017117735394436267,0.0030976900738065,0.010859155326743457,0.0,0.005038205915073114,0.008307504883808103,0.03074805021398037,0.0,0.01759068994246943,0.015813086065708568,0.01278054815803768,0.01496400554553487,0.0,0.007109096319756248,0.03238590151254857,0.02329111039734654,0.030781689962617063,0.0211450272735955,0.04527816869266559,0.00691118552437878,0.01935912931106421,0.03653274403702067,0.0,0.027196641228062566,0.01135620300120028,0.022008033723518016,0.016850251769084786,0.0,0.027864369663595078,0.015382291913707352,0.011481492683422594,0.013850150056204751,0.021737539277107233,0.011126345081437658,0.012514168529580344,0.005495103790301859,0.036532255150806804,0.02772425050550141,0.0029634927201227746,0.029519087820962304,0.045062693135942085
80000264,0.01052385566777623,0.03346778968555929,0.012894535480992167,0.031421362169036855,0.039601195791153815,0.022799937766696327,0.02151566883451894,0.02238658215693194,0.02583921569383842,0.010514435324736227,0.03413066872502213,0.04175172217198794,0.01541892950515627,0.020947934483545164,0.0222308481504813,0.03334842411832449,0.0025765278852182025,0.01272429547195082,0.0156955859118144,0.019741642356712785,0.0,0.035793590230671454,0.021781599895593803,0.0037361155757850814,0.017180118908466404,0.018331837737302962,0.030312262918155468,0.049053892085789974,0.023299127681568457,0.007311497374014141,0.004156580260124073,0.001724232847763251,0.004164557798244967,0.0011852627909145171,0.003544118672718762,0.012364641807642992,0.010014933850283817,0.02027501558013509,0.0,0.0003734889463158803,0.0,0.015354060064905188,0.01530951257151996,0.008586776238159774,0.017350641318407665,0.022722275292731364,0.0,0.002847660197878502,0.016877226851710902,0.0,0.020921776738877785,0.008918111423971862,0.030155490930111543,0.0005816977645221106,0.015091647483965296,0.012771684595150589,0.031221683906458943,0.00038173467305735063
80000265,0.019843308866518847,0.0,0.01619550053181218,0.011228118744555681,0.00026264006611971167,0.0060773250352105755,0.004282853502975741,0.012830288060274352,0.015700248565744045,0.004185920159611846,0.0074812194521517925,0.0,0.007145058991658273,0.004508940207165481,0.023087390174023684,0.008695707822610916,0.011692156461180445,0.014618750941426813,0.01364788368018505,0.0019595773960455315,0.002279865648223962,0.02989312411042861,0.0,0.014104662764649717,0.01552390218607368,0.0007875128912629077,0.0,0.01020104997007266,0.0,0.034684845402798516,0.013381995067039283,0.004246177941389081,0.02951498620889656,0.026193741851792785,0.031838733839902454,0.008053725410079926,0.03159106231332703,0.015224913815753575,0.012043801224526947,0.0038707757260842694,0.01648551867099979,0.020211391745935784,0.006085478324798453,0.04171085959344331,0.019961945014426857,0.03356442596274453,0.0036478630112101534,0.009205008781895702,0.012128854846732644,0.010092811090371153,0.04595491340122419,0.02200171118906115,0.030103753572485365,0.024897930569522095,0.0308520489899803,0.019133397039626625,0.041855144439736855,0.017367885709171756
80000266,0.013183618716302227,0.008604984930241902,0.004054379936801098,0.005774771208269653,0.007537058657922228,0.004568011250212265,0.03439873860208011,0.018114490036722587,0.014919190704678661,0.0005127672808396492,0.0,0.003622393368332353,0.011257001869049692,0.010934685622109813,0.0008812936862577598,0.05094840559560658,0.008719208249940491,0.024749703032386716,0.02235991386609374,0.0,0.0055392768089282595,0.0436107775844814,0.010566811955116596,0.036395834018173666,0.006553672787092529,0.014123506018097571,0.0030496260808239406,0.0,0.0,0.011230501793018027,0.009566960187721503,0.02674781616261314,0.010496456471280441,0.042538165169721344,0.0,0.01929194366809983,0.0,0.01767374425785981,0.0002370410467632055,0.020136191137060284,0.0,0.030617132763896014,0.0016241488433650227,0.004933874876587937,0.0012631586911035853,0.021372297786606976,0.013996587825608345,0.0004823202523234649,0.028879963892601408,0.0,0.020594485364274787,0.0,0.008735081117424,0.020604159254074505,0.030087243991311567,0.008472331877595324,0.021623791553867802,0.016941427282202298
80000267,0.020433978337796983,0.00487396330077852,0.028595967288658798,0.026862954387787165,0.019119707934293538,0.025336542627457888,0.05175235040671132,0.03535868170001065,0.019609257964777575,0.015257283718979435,0.011077982797144476,0.014434950041038345,0.023163433577786587,0.016865454672712592,0.03269989485970663,0.02118317330274224,0.01225744224868701,0.028761953691850976,0.03397868087160165,0.004645849620621595,0.021078371695648575,0.005196461584703934,0.008697484975655076,0.03208858514277394,0.01726929617681624,0.01671264477601244,0.008841567045851284,0.032393045196796554,0.003619679538607373,3.8519882283828985e-05,0.0,0.015621903551796592,0.0133206924052316,0.0030395721990745714,0.01037441065425468,0.0,0.0,0.023047718887599173,0.00958594405874774,0.009675074934497763,0.022005967503133415,0.0,0.002753252981832892,0.0,0.013184169557738561,0.00910990829344082,0.0,0.0027196975521241312,0.010707109274772598,0.0026493055934596844,0.003901069583569234,0.008335207527251195,0.015276084097754416,0.005085733963113615,0.009529433940985143,0.0,0.0,0.01670439187887944
80000268,0.0,0.030526003179386654,0.0,0.009979358152431549,0.07772853635097748,0.04773174257330791,0.009483555005113107,0.0,0.0,0.011900087903677407,0.0,0.010132908547295573,0.01068915086674297,0.0213487027150476,0.0026890486120653687,0.0060998247693468495,0.02901190226516798,0.007877480047995702,0.017992256011111794,0.05571941457309221,0.01343174368658141,0.0018716350429670845,0.011307184509364906,0.006379069955728588,0.01791010037703931,0.014267985292103326,0.00031584786094848564,0.007520296641818345,0.0,0.0,0.00909812115539025,0.005737657534314915,0.014878300046905471,0.028885386735745994,0.0,0.0,0.031861650870688235,0.030336137824998347,0.0007872743895845957,0.011632205577837703,0.0,0.0,0.014017644974935628,0.01666512898983491,0.0,0.023986226898242917,0.05694755366616692,0.0,0.007150407709648324,0.012198946630352703,0.016885291559513113,0.023864770610950166,0.03944345493321755,0.010467146279770889,0.005544397222802661,0.0,0.016111397709519724,0.008107890771759435
80000269,0.008505588212384728,0.0,0.01262802531342272,0.011925841112751353,0.01828447715441089,0.0,0.010513535521896164,0.015128983662359666,0.0028836892744469487,7.027572775407235e-05,0.03127167439956757,0.013346768800230979,0.02940961283487519,0.011200028589368692,0.007462966036926225,0.00258267577869161,0.021051062139669775,0.00678548278605857,0.006485371842235705,0.006553940205613322,0.0008772633197479062,0.02372377016932112,0.031711782573052634,0.0,0.02235055903479117,0.018412972529248568,0.004738801925248534,0.0,0.0,0.018879854387114255,0.014642807623291964,0.012061406223958316,0.022929280069319363,0.009170379289376569,0.011446421279827833,0.018035594868697206,0.03801034537321864,0.029573449732191833,0.012684860479921201,0.01682843422651308,0.018347302458803796,0.0026916579541953673,0.024436572988422663,0.016036823467682287,0.0019198948189333373,0.015146077671301756,0.015691773472209417,0.007518850914912693,0.05263871169143995,0.012065093773693745,0.01886587196866446,0.024835681344550706,0.023293839663532497,0.00848255404676656,0.01616491132386464,0.02703382997100668,0.02972049878555621,0.015335585342772726
80000270,0.016161673191662403,0.02170625590587423,0.01464451945330374,0.018546489010466606,0.014722577142401973,0.021694492836059,0.028454674193241217,0.02621105326386083,0.028466396386259644,0.023737197002856068,0.022238696485982666,0.025686579399942074,0.01630753223502196,0.010285701009598325,0.022272747946828538,0.010708594280553672,0.029295585501449388,0.02865809786687067,0.02825822851057405,0.02349374017928506,0.016034995244788283,0.0231705372799576,0.02478436122198575,0.031662324613264785,0.029474241068604336,0.027126476594049456,0.020653668293372368,0.02312638571584412,0.041969317194699755,0.0033256038082762254,0.01437113056167836,0.011402900390944944,0.0,0.0,0.00922060528502759,0.003742435626870004,0.008978230319684713,0.0,0.013343654389486665,0.012362086592230039,0.0,0.009578040500839484,0.013078021026276974,0.0017176796482493502,0.015591048975677622,0.01587542910694512,0.0,0.010350061312451324,0.0,0.0,0.002652189342840896,0.01738751926427936,0.025454709158667106,0.0,0.018610569258193235,0.0,0.0,0.0184183452968274
80000271,0.01512039648190708,0.0017489429904970434,0.012962010442121698,0.003647169120515209,0.03181700245218225,0.01293452372551538,0.018124124364160245,0.02031827754922748,0.035961599448434106,0.0,0.0010101591685482852,0.03317389439165124,0.04076841964073873,0.004818322142656266,0.007686024473005018,0.008659972393919899,0.0,0.003903367900564878,0.004848888276446101,0.008852821832276118,0.0,0.0015255575622110623,0.009683928897468254,0.009391145645024083,0.01069757215839347,0.022071856568848698,0.014478696366296062,0.016159806014824855,0.009377591307898716,0.03310054718374259,0.0040693900263996715,0.022083290315319772,0.0,0.009448844042591689,0.007655996902701622,0.00404922104962134,0.022965897308820822,0.008597708354247047,0.039007483492496144,0.0051731963695326654,0.004544638680931597,0.01734358933522522,0.01803806343581427,0.015777420993722337,0.08061203036014197,0.023825515677684803,0.0,0.015535094877372578,0.008561448851451712,0.03629542467577699,0.004408237915780432,0.04718818447428027,0.008961663160231469,0.0,0.015616394778108432,0.009924375079159204,0.017377109682566255,0.025768098588911412
80000272,0.010700739136525176,8.006459634802636e-05,0.01584851578041523,0.010465279018884135,0.022918075894671396,0.006624002138545056,0.0,0.0,0.03397048335662153,0.022545036945410466,0.00482050112517984,0.008214555872157674,0.01597247682581864,0.011799184745843965,0.006453859146267621,0.001086970755913985,0.0039061200556469097,0.004186607817372197,0.013991648511890827,0.009422932863317818,0.0006092926199583735,0.012025849709582625,0.012769047803752572,0.009541093055762381,0.010386605694830721,0.003992899213779862,0.02080316380455558,0.0,0.006176871183031611,0.02050051494350277,0.007949534940657388,0.01605075752573258,0.0027887052501707563,0.022883865625826668,0.008713123548895915,0.010617078931551251,0.0021582203450937884,0.044295405473271425,0.013595251432360487,0.017366135091871557,0.013097784787713335,0.021808391083376177,0.007438445951888371,0.021853615343758598,0.037867817005593093,0.016401535044332935,0.008219821639062534,0.014034166510888348,0.007877540483802745,0.05017804843564897,0.017398643066754815,0.014850239061313424,0.01793443132027383,0.04399128352792258,0.015748560610997237,0.02933830334319076,0.04093238651556806,0.03449094899506192
80000273,0.02542505131433727,0.0015240920092593065,0.012791915683750734,0.013301070420822722,0.0,0.026300309216909075,0.021005789018310208,0.004918208624292403,0.0,0.030898432037370003,0.0012055349917826591,0.016360335661917958,0.015289938573129916,0.01363636245797331,0.032846722518712235,0.012408528904747427,0.006036794825983938,0.005591014312538881,0.008324992877830034,0.0003433996519142661,0.004469618821348788,0.0016996474014827996,0.006817376465457751,0.0021049353057613486,0.03761135577832648,0.01213424675732578,0.0,0.0,0.007949672280419068,0.013796071596090503,0.03545916742181575,0.03464230000906942,0.031164416698485388,0.020906287499999506,0.026935433786692515,0.0,0.01921016431749172,0.018050117010975836,0.012845368931582708,0.06443945622119919,0.028186979161638995,0.018222253831366032,0.006711962752211836,0.011533043886461257,0.019267069547506892,0.012315756595763689,0.0020974381036539536,0.025012653533627156,0.03058702422411375,0.015503349238724944,0.004780273575936517,0.02449093004068162,0.0003954163578071366,0.018194567487768785,0.011039286673309303,0.017851901707647593,0.02436050225337216,0.014723366093964806
80000274,0.021213706479762583,0.006122742035142759,0.01512573879536351,0.0,0.035605153361945245,0.02020787518920191,0.011252664537444473,0.02216752813561029,0.010906849229334869,0.02349734018459196,0.027795033596781857,0.010002166584218137,0.03222843961416048,0.0,0.020018588948884496,0.008220899934444742,0.002906013048352846,0.0176450789913994,0.030957715885096583,0.007408107713882671,0.00964095190832161,0.008611255592821719,0.01830647736974589,0.03064374385455226,0.03345713297174264,0.03310408170457287,0.00979537862453718,0.02120043369808966,0.04092816116348825,0.0,0.013601390448316961,0.018006477569865745,0.011936483881344877,0.013637943604460436,0.021887675291193544,0.014849461853720157,0.025246380673166764,0.014422348332510496,0.01403655781468885,0.00586167554092152,0.023695224511089286,0.0010310173114044163,0.001005235705304583,0.009940823173200301,0.016283620526013433,0.010668423203795066,0.0,0.005483593784565145,0.015070172064604169,0.0072802986642136166,0.009617379530709179,0.015670752875670477,0.015154248896609952,0.0,0.00975137724294826,0.0,0.02185216181701731,0.025879549475817554
80000275,0.0,0.009320078410333686,0.01071312441824858,0.01989726468557352,0.0,0.014867652513355143,0.0,0.035866144800335995,0.017265916336935545,0.00966279615074811,0.002825818702138197,0.02384917046572419,0.016547992327852694,0.022675650125501295,0.0,0.01020261847149255,0.005677823730076868,0.010683269194572161,0.01163705163991532,0.017531477852345802,0.014995991786973945,0.017067879353076503,0.0,0.0,0.0,0.021186501863216224,0.020913276855778276,0.007788771604396333,0.01260678981670878,0.036165774586240984,0.017355359884954697,0.012934602329444086,0.010207041484361539,0.0,0.014077151494180004,0.0026875791182863467,0.0030078454373907476,0.01593179483033743,0.03121086450432111,0.01070766546129411,0.02085458369592184,0.0,0.04064054337471382,0.026318749220064254,0.0228628478448795,0.02079816197064358,0.006001787825984846,0.01759673765755987,0.01923939482989129,0.014013560953401802,0.02090586913467302,0.031174968888544534,0.019944946707956556,0.02404370732960074,0.028110410642384363,0.0,0.012935288328217526,0.03329871447505911
80000276,0.0,0.0,0.048100847497820814,0.01830114144793277,0.0318249407372634,0.018031671145623793,0.0023138877061860963,0.010662466363974086,0.027428701879707754,0.006138032346850567,0.02659564196827493,0.020918897082854798,0.01958101187036059,0.02424090521224938,0.03163352494218819,0.024305140734604633,0.0014389473929047535,0.01442870489388637,0.01763370141860543,0.016621084085543292,0.020374813565301797,0.027215489790359537,0.001815042460257765,0.01196048768599518,0.03211492564140748,0.0,0.023287898173800333,0.024022282608063557,0.0022548090383292738,0.01803593947113874,0.02371441269844206,0.004221784085092405,0.0051372124292448345,0.007252500073809377,0.01792744915203946,0.0009224839991652649,0.0,0.0,0.0,0.046713071136696566,0.006848935975608718,0.008378892527020688,0.0,0.0,0.005376995212480421,0.0,0.004015823588892351,0.04616393067977608,0.002177358044326904,0.03366629481595776,0.0034251940521887545,0.030089363038618804,0.0017174330163507352,0.003723803194094743,0.02180760965462627,0.0,0.013114207530084111,0.004563733134234214
80000277,0.045641563759625955,0.01856412756125051,0.015675176642487833,0.0,0.013638848517071634,0.0,0.027285580679917158,0.01869044397811172,0.00457210072040205,0.005168070995458864,0.03900348903791089,0.020967307280053346,0.011590266219705544,0.019447015135697143,0.02257272978814845,0.03370596898949233,0.030126529966269754,0.004222091341880317,0.008581651783440438,0.03470154153404619,0.023200481687543233,0.016542762697199925,0.007381666287079846,0.01602585183899282,0.036282479856202456,0.020426498803044296,0.03432831072337968,0.03667418284278658,0.02299638628874423,0.0015327538438867127,0.019830174701956773,0.02177058485369865,0.0,0.01712071743062006,0.014579073929237468,0.016347517077179376,0.011901245192045952,0.0005568623911032951,0.018683750129058114,0.021758826928929612,0.00985126457646445,0.0005943555866863632,0.004920195863082407,0.027209384244530913,0.0,0.004968843975650125,0.015258293956706625,0.01452582774397638,0.019238329846052,0.0,0.009619755961212883,0.018086154801215195,0.007407550934697753,0.01356393891346995,0.014471623590221009,0.0041966055352216924,0.006696125439708336,0.0
80000278,0.03931763387713471,0.023018515584788492,0.0451723216345466,0.01606182758462595,0.0168217300225572,0.01564634683171378,0.029776229684723085,0.03684771366199302,0.021364491293530286,0.012430123526429516,0.01774342721809004,0.035457114425020836,0.04042974554664745,0.0,0.017667392056641595,0.006277905221134987,0.0,0.020173846191754385,0.024435311859706186,0.02049142502742926,0.006804991113114632,0.018370991026472532,0.02353108907473969,0.010201457026303649,0.01623495812533721,0.014426423594163145,0.031850587236629306,0.009727120028221,0.012854903905391568,0.018649897175508117,0.016516445431307585,0.010599388372190988,0.011636777314611775,0.0005166400588175119,0.009767086980643514,0.005290356325576876,0.002436714519654333,0.016685809643296717,0.0,0.004683711577110649,0.011750247713256884,0.011973054521449986,0.018933392238613338,1.0669744789235026e-05,0.009239851690244697,0.011164852025709913,0.009670175168513312,0.004318941714309939,0.0008926574078855363,0.006340784663143054,0.0,0.00927177871854009,0.002057998818280749,0.011283504791834546,0.014798587808280831,0.033775713907852875,0.017799720073730672,0.02105086332554201
80000279,0.023608295967712495,0.017234192892782954,0.019628230333046982,0.046983872780898,0.0,0.032427213787824746,0.011237676351073912,0.01833268183152563,0.0,0.03290768363245841,0.0043224472060959945,0.008643630177656843,0.02902922715396132,0.023562889610198715,0.03697912474467682,0.0378492218062416,0.0007780528863387057,0.018169859076863165,0.02660533880878156,0.027037261379746016,0.026946490083181972,0.020209305086557373,0.01819643793945911,0.0,0.01683347600914145,0.0640865762170726,0.033397771959230084,0.025616224529299188,0.030337624041609966,0.0,0.010758047351524786,0.01255717126563236,0.0041201553467254135,0.011698916379067368,0.0,0.005764797330110366,0.002974015968175515,0.0027866024352903663,0.020590429204658173,0.01688265564778029,0.0,0.02541585434957128,0.0,0.003826309422494367,0.017593473471476283,0.016728146769965112,0.02544821150828018,0.00018185450213120083,0.013828228676951123,0.0,0.0,0.003861248162435503,0.0029596917134090653,0.022829419571954366,0.02351188667679558,0.005831601767860305,0.0,0.0
80000280,0.009477993678318362,0.031286387017618544,0.029426219104938835,0.0188186350618789,0.04112537528017197,0.02045538298057287,0.016092746395801716,0.021601437651790675,0.027517652487737205,0.008020103093925101,0.003974518829079482,0.03798602644085278,0.029286761431255717,0.011308815587956855,0.0153711245238711,0.019625509065425387,0.029993831312340204,0.044965267734935706,0.007626054851865701,0.015075288326950443,0.018896561962159716,0.02184664209674292,0.026109097434442965,0.02850448102186394,0.02624210553218321,0.017156656436013187,0.022784034879928885,0.014988588277784806,0.022034494932596852,0.0,0.018925797082812196,0.0018279825565946702,0.014155720593535355,0.025596061732070956,0.01328666218728296,0.018380775215475185,0.0,0.0015191654057117006,0.0047623513614488125,0.003222922209159876,0.0,0.017499645793297176,0.01574794879975776,0.005865788451867437,0.006656878939172209,0.004770171223222931,0.014466531680493604,0.0,0.0,0.01518873065751799,0.007434122167407852,0.00949901828590373,0.0030902825476234164,0.00821057499186571,0.0,0.0014860424323321366,0.0032534146751872555,0.0
80000281,0.01667224416806981,0.0,0.008940079209192717,0.018465143052288413,0.0,0.002826608194461567,0.004089713035936627,0.0,0.0,0.006318432896216387,0.007529115811189797,0.023662045878775302,0.010592922312629925,0.024968038453710727,0.0,0.03254317507729175,0.016252627719400222,0.00609795129575603,0.00854587055032704,0.014401540583579463,0.0022834327365599235,0.005947330549233796,0.01825808470457663,0.015326938126442308,0.005486192443390644,0.013339426587879026,0.010815966950395205,0.021724896455865658,0.0018326018373778768,0.003279638935944705,0.024983295836250724,0.0004024431754512483,0.01718716079386419,0.012830938499317737,0.0010379728936717636,0.02881584092196831,0.016309963620887692,0.023429302062252067,0.021294785145163506,0.018008921899021545,0.024206970969644286,0.014550264378155653,0.03773143777051795,0.011353945116041993,0.020209298895581956,0.015018553656553107,0.017146713961334045,0.020925334873546284,0.037528490875113354,0.008869871335937996,0.011792856393900973,0.04030188206207662,0.02870847143468543,0.013052571102221003,0.02840750419945535,0.013656300282955877,0.025296998248964062,0.036223724824689524
80000282,0.027953758281277358,0.014551681806312831,0.01665330065206326,0.03589435006152938,0.011351614433611058,0.02230826602539405,0.007314551334897457,0.029878157175333892,0.03233172036914741,0.030877370062214193,0.021722501738406865,0.018468441799321344,0.014009209865346426,0.0014347014669045886,0.0055865984133019655,0.011965196216967615,0.020654490596751864,0.028678898926117406,0.011066251647756724,0.020694308435756696,0.0029454894931367037,0.033911884903232,0.0297720645507764,0.01508028434095115,0.016434213893877204,0.042035336886747564,0.03499340921207928,0.004747774493349967,0.04439017959498878,0.010267800129034485,0.010439004238289383,0.009287922229819393,0.0,0.004747225672288053,0.003415793087030031,0.00377369033478314,0.013350004667885561,0.020137492603242012,0.005148534105458338,0.0,0.007509510201546306,0.01856655321124571,0.0,0.0,0.024947041909389685,0.01128871012066287,0.0,0.0026548303398707387,0.0032674101812320364,0.028586647994129015,0.02152168109933746,0.00488793492760237,0.011495259439544532,0.013829511500694463,0.010340624353347821,0.0023124996989751533,0.008803165414089818,0.005326997818157035
80000283,0.015593824811495582,0.009585307818010657,0.005098836428476207,0.015219610356708862,0.01814618491465226,0.006103464883100119,0.0075293472074140395,0.009278191647345993,0.007216723548977303,0.013267061724998882,0.007046417326353623,0.0,0.012479253671815837,0.001719937032542106,0.01574057937218309,0.0018108977896733817,0.0,0.006261720759154937,0.017740945051670964,0.0055476574599544835,0.01324747751205981,0.006956140202633307,0.01495645203935268,0.02254830849471148,0.012945776819633579,0.02559335871909281,0.0005534511313213726,0.01961886548541364,0.0,0.01414520290825618,0.01880893343649606,0.012922405026827562,0.038284945111145795,0.029922951109128664,0.008359451459943355,0.03322632831306654,0.0019108565352240082,0.02621830938578464,0.0019088060672098166,0.005862216975525608,0.008248329179251926,0.027053168257094282,0.025740020411170635,0.003758658879363871,0.024338434302476824,0.013673620781698795,0.006168181582753407,0.024800941755302116,0.02679130887088924,0.029436827441374946,0.015183790424418746,0.025956976520878725,0.03598440360081875,0.002067885585672665,0.0031787688235897045,0.010210828594492795,0.021199201675488447,0.036628048345114114
80000284,0.0,0.03184221412609648,0.089681376095677,0.0,0.00535331927931333,0.00974198362372022,0.0,0.014772833110680209,0.0,0.0021363214555958376,0.029105986311927134,0.0059238719736956725,0.012705264225498301,0.006904248353619142,0.0,0.0,0.006687250503589388,0.02683276537699031,0.017135969427462615,0.005213808151288566,0.009439441863162826,0.015428160297340406,0.002255558731436282,0.037035259132986366,0.020105545436077888,0.008141331811476684,0.015050994265060425,0.0,0.021182494185405302,0.00024912197711825197,0.05609783299350446,0.007979318232391702,0.022279587321036038,0.016196206264578794,0.016218255810728454,0.021420949895415216,0.019523602189144285,0.0005737731881191637,0.00031670417578665813,0.05077634624515064,0.014123029720850942,0.018853975820381633,0.011171326507963989,0.02525957008360523,0.002684536136016608,0.03304451945000484,0.014836186234164724,0.010261550343280617,0.00883129347174026,0.014696939006744245,0.0,0.03290924508976512,0.0009359880877131896,0.0,0.0221177380039733,0.012271621969640793,0.0,0.02374830307814608
80000285,0.024801584588598165,0.0,0.015384446069649164,0.03850577715268864,0.01861400089429957,0.01034433513980315,0.014577082390694768,0.016977191206242127,0.022137733864325423,0.015933185505293625,0.0,0.0143842432075489,0.014882084848562535,0.011932193982206917,0.005981035340055166,0.010123063352955024,0.002329027830396765,0.0,0.00020207401537597914,0.0,0.00903613465533994,0.01528929544280883,0.0004182180692285084,0.011064652206754344,0.018323712966967522,0.013550290158501763,0.0,0.0,0.019935166319350845,0.034383101106339096,0.019741139043054485,0.018975511347259565,0.018744140794066607,0.02360624867140266,0.011849225498004674,0.02240153146784701,0.03494448732748707,0.004166395404860848,0.033342376607996424,0.030250496144561954,0.015381063770949263,0.011492278308487293,0.009055720786921979,0.017493312169701257,0.029222271560985787,0.01481140337315501,0.001877375542494558,0.02029118592070518,0.019102808766178554,0.015630909147734677,0.015397556346717176,0.0,0.015109609770211769,0.015393392952196647,0.028157500200911654,0.0019600485529278513,0.024661078109759416,0.023613039868086657
80000286,0.0,0.0019398564033544436,0.0024654216373299013,0.018021564403704286,0.002016358381228067,0.015130504331594904,0.009207374555125786,0.020188913318895912,0.004497630519450634,0.0,0.0042819808534850625,0.0,0.015240353753044545,0.004030699989708128,0.009439010088699554,0.014931148545781057,0.0033206260241382,0.010155832881353589,0.0,0.010049101234365655,0.005628360825569769,0.01912978513281676,0.0,0.0,0.008967649719119812,0.0,0.0,0.010872975777468817,0.01735641449287661,0.008764080448434033,0.040089014105647906,0.015217293075413542,0.017090896973818097,0.03185138701262958,0.02367829152067446,0.04332961689327853,0.020187800305881593,0.016074302130560273,0.009328243236757041,0.04011134751355773,0.024745408103403022,0.023508248763883865,0.010634147753682691,0.02454246948505921,0.005957783067395292,0.02210303771067271,0.012691529300706774,0.030073330829697438,0.04693374830003202,0.014206245159016999,0.016861740510864292,0.026948482808733513,0.0475107411457887,0.023489579461664994,0.017600547783263622,0.032776389827504124,0.034953534109074945,0.019466452231195672
80000287,0.013560387290566245,0.005961139411437208,0.0032120552456060656,0.017635515636869447,0.007611623161397265,0.008014709001073643,0.006851054101725671,0.0016738153204433406,0.008061433889578145,0.0,0.0047244331401715195,0.005992267955855235,0.02142066818181552,0.0,0.02092396558922275,0.011691558161653917,0.002201898288615889,0.009920294773049723,0.00411780159036418,0.0,0.015366589389030157,0.0,0.017803851607297458,0.02148119322328175,0.006401534508772889,0.015600752027871933,0.0,0.0,0.010287829252326462,0.022680077946753974,0.025749925298058994,0.007443947663041949,0.021197261536331787,0.019534485297094065,0.028642645053392906,0.028417655198899952,0.0164966990771885,0.026552558408805625,0.0,0.03066928535269335,0.010841498949335497,0.022992831102598813,0.03090223714912909,0.02015401871525483,0.036726320268043476,0.029082004074083147,0.04132958000265442,0.022836757928318855,0.022933845526843237,0.026947617207016706,0.023859711649945183,0.014832501929091448,0.013914772406114795,0.006301843597998515,0.00859574348566831,0.030961518141752103,0.036199673355094414,0.010068425464600595
80000288,0.01790127871680217,0.0,0.019063589369393282,0.0059702036873851595,0.013206648764619055,0.0,0.008025563301050174,0.009296941178202407,0.01844831305676245,0.011511957553445945,0.008611118876822027,0.0101139067946624,0.005835395583606473,0.03575971933114424,0.020040827095315832,0.0053790910249811585,0.007324005968330254,0.010863298168627512,0.03415875713565169,0.0,0.015603192029073615,0.01623499513701056,0.0,0.0,0.00512474600272405,0.0,0.013192358157495171,0.0,0.017748170051983453,0.018843936243459123,0.017072564477501842,0.01836509948522055,0.012866197170427082,0.026582184795180208,0.006728000738349297,0.023177926393805243,0.009658879551158945,0.03460746009470458,0.020009612796628905,0.026396111355835434,0.006249945304230911,0.03331281824200091,0.015164368360011043,0.02236918607684556,0.019042324548313647,0.012618981910125192,0.028088251864664363,0.016553933391903815,0.019303508654837643,0.0146687769929092,0.017717566776657562,0.024184624200616543,0.013969713975715925,0.026743222854736244,0.022440539585228438,0.0005959768033256662,0.03452871795415614,0.025293330388411535
80000289,0.03770371786185702,0.032126675264280063,0.010440260530541506,0.03221537043262595,0.0187358885511698,0.029319472160859117,0.013313805372396013,0.025029999178528124,0.028031810913280213,0.00795003932002608,0.020003193708459634,0.018172435438207287,0.01682528007624816,0.015899658746140036,0.016136890425519797,0.015183583744358251,0.013100214045191986,0.01858362851241895,0.01683518120202806,0.030522416660503492,0.02049280604820937,0.032189391794096696,0.022146499893966342,0.02231340342330015,0.005766253230917955,0.028512905902931682,0.01411867972667644,0.020550823896417172,0.026740460302979024,0.002302267396645367,0.016094302971967223,0.013062547703310484,0.01712663236889861,0.0026272688593677825,0.005010171776333308,0.030007700436590946,0.0013819195261598677,0.011845491450864526,0.002545877251030944,0.0,0.0019899074212137435,0.013332178303330075,0.007865273414103644,0.009430378102327408,0.020096652307339247,0.012030463572944693,0.014943138550860427,0.0,0.009363258426312818,0.019289837675393978,0.007299673910553682,0.0,0.02166858868341351,0.0020245996090486025,0.00813873419493462,0.005654549564140738,0.0,0.007653511809098268
80000290,0.0,0.0,0.023971217076607498,0.009121251724770404,0.021915640566149374,0.008229468999978708,0.0,0.012287583936908082,0.0,0.00480792231507143,0.014484133153568416,0.0,0.0,0.02034439108967194,0.022717452368958092,0.007493830675121863,0.018603125183551995,0.0223495364046175,0.02892837972862329,0.006172986065014676,0.014965235082449995,0.016977896124694282,0.04261920753192328,0.016854753473414023,0.04369981831662696,0.004006478062590481,0.02164429125962133,0.005729850941204071,0.008405455090943892,0.010382094125523714,0.008440407633436427,0.04164538355165008,0.049241229498568365,0.0,0.005296236939404824,0.013716312344109343,0.02136550900920006,0.02142080987812923,0.008479326727144064,0.0,0.015448365965303978,0.006659920122501415,0.00039868361781610886,0.010904107845965332,0.025606456160730998,0.005113576595398337,0.00024387975389016298,0.016626865197481123,0.008053365026265451,0.025439313081732303,0.0,0.009182918714104829,0.03435003191362047,0.009923270445920737,0.01645778016623571,0.0,0.010499870409315402,0.022578537907688174
80000291,0.01280388023046062,0.010602513256438725,0.01995765826795457,0.007704567846498654,0.0,0.007186598250419865,0.027328655375068036,0.0,0.002470276779598908,0.01337225565274995,0.00587110155211696,0.008821140247505778,0.01704131336028314,0.0023790065288872503,0.0,0.008129886263639913,0.019596685395012383,0.01709647507272369,0.01437809008987715,0.0,0.002282981219412081,0.00016558969905847387,0.008056448097336879,0.0,0.01777439804662883,0.007983283771028128,0.009857654329032083,0.012937944093658978,0.0,0.032103722401256106,0.028429712385988532,0.013562477931927806,0.013631529102637912,0.004485890446969466,0.03705588154118228,0.036457807323383655,0.035916835376698354,0.03613612823660261,0.033658508176648984,0.015555946590488331,0.02037865849878311,0.02069421462202369,0.03281243352791246,0.03262191243169876,0.02531303219265034,0.012165317927484619,0.013783020528126712,0.007179608229157699,0.022512456047110805,0.0253577826288128,0.01770017423593237,0.01162154634551444,0.014212354544275144,0.014662296477186787,0.014197302915600979,0.017093879922501106,0.026166401312816008,0.02559989519408113
80000292,0.010030583036471316,0.0,0.0,0.004576481586784795,0.0,0.016171475843721833,0.014181284993354387,0.007849183858790498,0.0,0.015464757665505672,0.01120981229808385,0.01437434832707242,0.008472208415961772,0.0,0.0072812353766194635,0.0,0.0035998941555433,0.020662699666493388,0.0,0.016465636470952887,0.0,0.012773636706540383,0.0,0.013442610610206181,0.0,0.01783864790385124,0.0,0.009192878510824152,0.004699080828144453,0.0,0.03128225352696887,0.018652013701846274,0.01351324491670588,0.029758800655303595,0.028484596756508343,0.03049820156458729,0.007419447565351749,0.022736129160954244,0.017237730821830825,0.022786236266340888,0.005951540279932534,0.008841251230806384,0.007351475487053287,0.004949297463486783,0.0327077518928227,0.011824327416109606,0.022356725606512494,0.015328043799207979,0.033625266415799035,0.04228833557413845,0.023481765955961912,0.025325442241776387,0.020224745365911026,0.03407835134354812,0.019695842010852577,0.016156553008132065,0.021392696213291887,0.02784575379967503
80000293,0.025795082115673607,0.0,0.02311831663484241,0.017521060155004417,0.03338619855090921,0.02883369763873673,0.037928727982578375,0.02792447323183912,0.016403363089707003,0.019204621654614132,0.019071324591978592,0.027025582660052696,0.007481044336491454,0.01323336094722281,0.016359236465605637,0.010054302350644806,0.013863366673891639,0.004985963855556562,0.023694649141904636,0.029562619959766664,0.038831156917990814,0.030910986888329096,0.003270783419856657,0.017061352159239533,0.026034421209678308,0.023832397507716617,0.004313087652578279,0.028978992461753398,0.01816332560779093,0.01458143618068445,0.015428128362337314,0.008811514529571091,0.021439301050044306,0.008579613913218962,0.010255882685954723,0.01902902609675613,0.0,0.01836287038653666,0.011688226188255674,0.005200585910044003,0.016111019814873,0.0017651993789526302,0.009291663515814853,0.006557134988559549,0.019443831475952373,0.0,0.0072604478475912235,0.011132396266211422,0.002609184813387517,0.005895486235177714,0.008754136490064414,0.01842574051981604,0.0,0.0005831149581034635,0.013968453938867878,0.020367618963991228,0.022160995131453875,0.017193589182653284
80000294,0.0006644792155592633,0.013427208003199118,0.0018339017127755298,0.0233739641820916,0.01683136289603482,0.015886496574424022,0.01623026800394068,0.0,0.0,0.011544634901427604,0.020599920951520464,0.014237872916563412,0.015719511661880764,0.01898366991155725,0.006750475954815176,0.022967277723675378,0.01223587105316502,0.0,0.0,0.014343303951424973,0.02074155344410612,0.0031907539021523456,0.0,0.008823369358142309,0.01304625304095832,0.004514402165259378,0.00012683007726268483,0.004087857308405111,7.280413386479421e-05,0.02620209587789022,0.029116382726949833,0.007883506819489532,0.03313417920017854,0.01564262787471183,0.015499545634050366,0.003235214751200421,0.02178280343072593,0.00736216988840179,0.014954374607721052,0.02111210027786563,0.017595804715319886,0.025535527483335634,0.03012077740699431,0.016316475018190144,0.02185672602524355,0.015363143552591113,0.03519412730329645,0.026783531586612182,0.01717931174410083,0.015105585587494242,0.020668140220696053,0.006198329502551748,0.024444085200100166,0.03577250414403977,0.025798111045156377,0.005284092995230049,0.02749740028006721,0.028073648963452307
80000295,0.00510263162803233,0.012724295958483322,0.030213784964967322,0.02107477423047241,0.02933972182328901,0.025308543495279796,0.0,0.0,0.01208366664890446,0.03360884659692524,0.007974913207474364,0.010359590788656045,0.002557960286579714,0.0041130970070854785,0.027496379847970487,0.029697052462956067,0.007146330133928422,0.0,0.011963474271970859,0.0,0.016164109777769466,0.02373796637795585,0.0041698406007054266,0.013953041936938415,0.021300357558786086,0.009546898080740081,0.014512612574623893,0.00955910840281437,0.0,0.0,0.05878105657317428,0.0,0.0,0.010206978737382785,0.018727113039658648,0.015976928482600725,0.0343620211424474,0.031647491040101,0.02211335544343889,0.006902197795722244,0.03856704971417406,0.006248397612020571,0.007245949031099062,0.012443515607688476,0.015390755774128961,0.023830495316181415,0.02135630963421826,0.007602100914779813,0.019547511432672124,0.03603503198221574,0.023205951529982297,0.01135187978504965,0.012624257581308366,0.00928783644906866,0.004838245464266786,0.0,0.005264459079455686,0.016077644753011346
80000296,0.003519953372249327,0.0,0.004932123525056112,0.0014403021851208512,0.014443141392538926,0.0,0.012597267765465034,0.0034713224088403606,0.0022619346058171245,0.033096487683952236,0.016833094659674235,0.008762160884872963,0.013898274907721019,0.012635957727370343,0.011014804326439783,0.025469133412665945,0.0,0.023738946260454825,0.022546955282468542,0.0016014786214978822,0.006493483564957579,0.0253375631799948,0.04024560633086179,0.012080544998016125,0.0,0.0,0.013974593451468833,0.0,0.019518795834869863,0.018518360835305142,0.008457636480973436,0.01922102635672285,0.015267969245061354,0.022670907315456068,0.022084535749417027,0.0024070893547320188,0.010060300736355622,0.01716992411744335,0.007435384113991602,0.025147583821690904,0.023641000667414803,0.008009873432498385,0.005730135076548937,0.015928827091157845,0.019455448831725872,0.02775495340544205,0.02054061904393549,0.05820638219179146,0.029410998675043022,0.024552412447225263,0.03174033591420155,0.026154632091054626,0.015848023884567353,0.033170668506505845,0.01842120700178081,0.01367569118849396,0.026814255147495143,0.01591927201809102
80000297,0.012822755631490712,0.03592390356644795,0.021294105443890397,0.025034499095582523,0.017063584085973613,0.029874888822106992,0.009909784305290442,0.04118899671236055,0.04267871091950645,0.014398246780507315,0.032940570776224254,0.03364302988463593,0.025751585183685585,0.0,0.01221400370920821,0.012102217794683337,0.012275346455552474,0.018219855667296826,0.019465507261085896,0.009161549310789581,0.014918799870700007,0.008728582357108368,0.0034586774438801577,0.008125985878616968,0.01834473769339863,0.03748121352532147,0.0343644961400401,0.009360364108228277,0.0012397893656855444,0.0045216930383501,0.017546160281933194,0.019910487926214856,0.01326021066830039,0.007959160805052292,0.009145338596379907,0.013349483773267876,0.008731009088676687,0.004998650504563237,0.0,0.015042594400464992,0.0,0.0,0.02238329003770325,0.00863246630894966,0.009599997630446201,0.0,0.013906125214278338,0.01051438302396462,0.0012300528601128916,0.0042877465508610125,0.01586699447700309,0.0,0.018888895115420086,0.025779129621041966,0.026135976530836116,0.02229965414964491,0.007189180208421675,0.017593565943128386
80000298,0.00017676051390386953,0.02366770895450899,0.009686520886815993,0.01991606952383908,0.01667508143236881,0.00854559415297291,0.007941606267431444,0.026256535761922193,0.039332993881335175,0.01608858254574434,0.01258887692247846,0.025414899098451845,0.02135699160366459,0.03440404315040337,0.023736942467155856,0.027238410752352813,0.017021642205468656,0.015501564580215385,0.03831169391030538,0.03154804994330811,0.011922951271313202,0.01932004713608226,0.007476230796130155,0.01937783566475031,0.022523143330882154,0.02211853604837958,0.029016955766692793,0.0009550368058063747,0.013917592658631439,0.027937703353474515,0.007775293142420034,0.0,0.026386513020026037,0.0,0.010440966354082672,0.0,0.0,0.008986896326714235,0.02401308772127362,0.002126284535282751,0.0,0.010204240274518469,0.0011758669249024047,0.012009179505738281,0.004817323171531351,0.003504309309192892,0.001552831386733398,0.01235322327805805,0.011526871462885566,0.01570742036064881,0.021134425233354917,0.012434329685510075,0.0029956999478579446,0.009398606852228245,0.0,0.02537125858342171,0.010977684152689737,0.000499318116212732
80000299,0.01969622110781019,0.009689966811599973,0.03154014992743239,0.018678848384002824,0.029640720685281664,0.015108838172492665,0.0337086196949849,0.035670780750089885,0.04463254529954612,0.026488415012946746,0.02802898099395246,0.007229027390283088,0.00030770905690431945,0.009136582504283139,0.016481774741994193,0.010510665543635861,0.01949140361207679,0.016762112144714434,0.021486864321191356,0.030640776892798573,0.037852151190609355,0.01102686554411555,0.0020886680064725596,0.0,0.026694678250081615,0.007340122436559875,0.007603730930038748,0.021011366724182152,0.0330547834781642,0.021248078966337645,0.0,0.005807840343899702,0.0,0.0053079015381088624,0.0,0.01139371165682757,0.018706951777590686,0.0,0.010982824244164848,0.00791764132011195,0.020745112018985778,0.007438632424348754,0.009858805310594758,0.019789303045975322,0.013988214978698467,0.0024091872246212,0.003662518468154312,0.01155897420033203,0.01794307918718215,0.008159219608953307,0.01657267710695327,0.006732339788128497,0.015849633477491513,0.004930859544100599,0.02608577270032747,0.010084542811174841,0.03417830167524717,0.01794476265536116
80000300,0.014928098286811882,0.03532615936008397,0.003705297822174436,0.023537422534091194,0.022800856505956542,0.02248262889564576,0.02568548710153485,0.026329589246697212,0.014407359929995913,0.03435706851388588,0.006526728526480766,0.019664259601453016,0.0208237641247786,0.027537468949327588,0.02832631624186669,0.013974903262420036,0.012953087689411983,0.021456193573962893,0.026916475544302383,0.01689107811964128,0.018034865184235572,0.022550037269792107,0.011270160019754021,0.04706873246029302,0.036998163276057726,0.0126234950112759,0.036791229218054465,0.010247049008633201,0.024000028218953598,0.012877203015413606,0.005559935217037253,0.018253930312719303,0.007295566046613255,0.012460959715725008,0.0,0.011709580077854387,0.0,0.020679211096145365,0.006769545515840133,0.013501150117389137,0.013186405777158038,0.011789168910761039,0.012184884533826396,0.016429203273154013,0.016295645674380996,0.0,0.0,0.004731226827358238,0.007107853031553511,0.010654750032199253,0.003970350264025298,0.010254667417084069,0.008750281728076454,0.013351797946933943,0.0,0.009319095839702078,0.0007420074057459031,0.005169974115549996
80000301,0.0061040187230520515,0.038668920877570345,0.01633090767110298,0.0014626277924152927,0.011965110678048488,0.031236356544146547,0.01551290818505974,0.020996361887107975,0.03872458416782972,0.021665258831124627,0.005977155440483191,0.0018576666698402434,0.03126525152819568,0.012072978830116965,0.019623571256405868,0.019942936192806068,0.03113317727883636,0.03591168627041214,0.015931256382284598,0.012920355673237969,0.021409032013564804,0.020283464811006235,0.020758681151322823,0.024679566220316317,0.019783208998308557,0.016838886060606715,0.017937094832478528,0.02381969087642582,0.023068718364550395,0.02277356033745549,0.009877431528220574,0.015348528132030397,0.006580955221873494,0.010355698607712254,0.013272431181776193,0.0,0.0157127172687966,0.008189552499877793,0.006097834380096074,0.01633728968042385,0.0,0.010225929715274371,0.013964700989589185,0.0,0.0,0.016311284904039672,0.008557972515244976,0.0,0.02145706557276362,0.004341399941726462,0.00900303393838201,0.009967756655549146,0.010846726985590631,0.024792903891258905,0.006577274265628118,0.016099713454620784,0.010986470038734578,0.0034031747811585546
80000302,0.02941130665648881,0.01842757732854526,0.024159364636735046,0.039647832059931276,0.023019075424758513,0.009855836991886904,0.03470270229688784,0.02929632487233955,0.025408156451102473,0.00986975719357136,0.004897220838606441,0.019764476614966553,0.018940816109424632,0.013279652980045449,0.03081290842058906,0.03370578538804054,0.014839649691546369,0.014144310799997943,0.018201675894273767,0.02435747367297901,0.02523191481462593,0.01412186764155269,0.023305071576791334,0.0383104918191071,0.02908508603140626,0.02134925616681225,0.0296670832898369,0.006082839356632616,3.376378251874624e-05,0.005538500636999353,2.0655378166149587e-05,0.010093810119841697,0.00603455393020186,0.018897260031042057,0.020575526934277638,0.0,0.010838049852458537,0.013460612137257143,0.007850037025693266,0.02054903088153576,0.011444327756498765,0.0,0.01388092735294325,0.0,0.0,0.01199785434505091,0.009250987889378384,0.0,0.0,0.016969043026465788,0.016685768241033967,0.0033447302876024624,0.00297634488234634,0.004986927944267026,0.006757675990996671,0.023253021859801857,0.01982605241586217,0.0
80000303,0.0,0.012638789966505637,0.0,0.032372809136164096,0.0027705703299104392,0.011842497013080279,0.0,0.0,0.0,0.014928569990467632,0.024654838019643736,0.042781385895836244,0.00810837267625709,0.022457402732959403,0.0,0.0008612919327036213,0.003985633486018086,0.004147949474372282,0.010185988730950989,0.0,0.01232257999947269,0.0,0.00659598857629713,0.0,0.025433110759535357,0.010023975572752036,0.015452233042855415,0.022833925660405173,0.0,0.02294086719432304,0.005270154796735322,0.026379294668054696,0.01355654939562067,0.034944547533706016,0.012624794555045334,0.0,0.01971720948745151,0.021523427681218798,0.013858190830625748,0.009453990949887737,0.0,0.0036378188191179325,0.0,0.006310477845447775,0.01266938863518953,0.014910420545815461,0.009713457177529108,0.007153396567276163,0.0058440626743244475,0.02506918867784267,0.011077500984032065,0.025813953142688743,0.0130213174625557,0.0666818332240242,0.03482580218530038,0.007529805480048097,0.0,0.014694453492178138
80000304,0.013451703201970356,0.020885326123003208,0.008343178040430603,0.02053749263915998,0.014045076768500513,0.029140214836718338,0.022165949918177066,0.007803543695662307,0.029273800534355788,0.000823808980270638,0.031453228053818276,0.007342121364954313,0.023479713388739817,0.029287282930918854,0.025012205878421005,0.029098740799105995,0.02555046040117077,0.009968170944119363,0.007597181137478122,0.0031971414601239434,0.017799010049037077,0.03111937138687571,0.020518337608035696,0.01734907035938229,0.023014340805833942,0.02546461046844598,0.008250368685786637,0.01969081502599978,0.02341801951950801,0.002700043414162329,0.001333221800217614,0.00010549132561082079,0.010369081526816499,0.0082999970641993,0.017271972704162867,0.008963247321915559,0.011760921173886075,0.014683121341524307,0.032825915210798445,0.005264927949707445,0.018031822226344755,0.022489460677569274,0.0039615931055589654,0.013163686583656384,0.013627966694090358,0.012102076509935483,0.005635723717958401,0.010839502461465011,0.0097240814219699,0.026034818939334976,0.021250322193341515,0.009352094772061911,0.027426456436694564,0.01437143958875692,0.0,0.012750233754447065,0.012019881854817142,0.015922681163289813
80000305,0.017286369380607246,0.004717699345439498,0.042653331921103654,0.015042064100967485,0.01259643248057288,0.014768991725179917,0.01726282136707989,0.0,0.012535469880874511,0.014560932144844952,0.02984831238872056,0.03580392966575406,0.022647941382874803,0.03298343429479844,0.020306188021311906,0.04545552441374814,0.02089529538987222,0.024315825359731303,0.035227699932589986,0.015489256864780011,0.02618718418100749,0.02687456044795179,0.03556373705303046,0.014430403630590671,0.03668368438434389,0.038086275500026086,0.008058738664601786,0.019845862823504003,0.014639344875128928,0.00975122504653896,0.021317907588285775,0.007617375714961802,0.005503416276254983,0.0038678899344655408,0.013824102170511578,0.016016452175916865,0.0,0.006370417914491874,0.021525321285810792,0.0,0.0,0.011861121884746638,0.0,0.006000762895391515,0.018096414038984057,0.0,0.017512434442574255,0.006749114614091006,0.007248358739487891,0.0,0.0,0.0,0.012322150805395504,0.02042190612982387,0.01046486816712492,0.0,0.0,0.021209521555644015
80000306,0.019931195581325882,0.0024135373917605328,0.016948066381726804,0.017635481857838656,0.030579487367964616,0.02878269158747388,0.0,0.04601382814430249,0.01965292882419782,0.010014535477823426,0.030661368585980613,0.0,0.005812229413767393,0.032648110993103066,0.027868219286266687,0.0227427989788236,0.026629567111334823,0.005731582063241233,0.0,0.021225942354375932,0.029990768919970535,0.025001882074369368,0.020877978258695907,0.03259748881220939,0.025631338192283047,0.01186073930044061,0.03688615140876447,0.01392854785978264,0.03568715812807861,0.0031535762040861156,0.006791736234144876,0.0037443129415258643,0.0248728265407052,0.007539936364228081,0.0,0.0,0.0,0.007831868607062378,0.007523842053851158,0.01004728309933883,0.012677780553976187,0.0,0.012040448129101024,0.030220376571184693,0.0,0.003586189748983199,0.0,0.01698421794406296,0.004404613827174527,0.025583976550027934,0.0018001768839835581,0.013083469074264288,0.020269960064743554,0.01151713532272131,0.006711332323880691,0.02171360622783687,0.0,0.009243641858495253
80000307,0.022119375040458262,0.036729404216697514,0.020251616170382538,0.02054844385443259,0.028299370101533765,0.004097684455129458,0.04781582697163872,0.014899503161033483,0.01522147466043652,0.018069355190505683,0.00363801869875774,0.024510137545102964,0.0024353245952522373,0.0007081177680339168,0.02929206602425972,0.009037620147997487,0.03273817351706978,0.011478046009540705,0.02127737312377793,0.009443074217203869,0.041104195606517936,0.025228958963835844,0.022403682763193152,0.03080219246205623,0.035338241222132465,0.026130778695456453,0.017456634716827225,0.028892539287429866,0.03553318549647508,0.01590349933467936,0.0007860217969912757,0.0,0.016398996572684066,0.0,0.0,0.01647401241131543,0.0020397561200932862,0.020231235416523843,0.0019387070666351549,0.009615567297558136,0.01310888074535018,0.016812634281728574,0.0022385498211832592,0.009111695705274564,0.021303717459734646,0.031372847796105524,0.016276219515231265,0.001301835532126659,0.0,0.009252421717728557,0.0003569002051412011,0.0,0.0,0.011953033503582754,0.017344433080287155,0.005458669247111544,0.012015071188915406,0.0
80000308,0.02959458820561734,0.017011608164666868,0.015708949674318712,0.009050009563978292,0.03337193100466636,0.019404051196113263,0.026396359035552947,0.032445248626157684,0.03331399241196349,0.0,0.0011670330865286838,0.01956209639378704,0.012715200228598877,0.006866630762481652,0.008658707282200959,0.04357019683379309,0.01984196193271261,0.012487550295380777,0.004481883881572721,0.01310367316664805,0.002255819284529844,0.02294365240187983,0.0,0.024884107101860193,0.010621478210072715,0.051801147513808043,0.005736932059560641,0.0398584064089913,0.02099799775819342,0.002536398744487995,0.00891378975383395,0.0,0.014786606418647822,0.01716315500671268,0.0,0.021570239710006267,0.004247988960431705,0.018736768104251487,0.01934077425175108,0.002958719194275251,0.01036000383012762,0.0,0.018431630453154428,0.002510972744335733,0.0173897220473276,0.0,0.01205141776266654,0.03224629418756145,0.0,0.013595143745536182,0.0215796003553686,0.018576454635152076,0.0,0.0066539274434127774,0.0,0.0,0.0,0.01671880864295111
80000309,0.02292469791041942,0.014164208897077157,0.00484813820079533,0.0,0.0056604189638573095,0.006939393625567035,0.04300508011004448,0.015679608481241687,0.044202944823258254,0.007010282844981527,0.017316032554884366,0.009095499640682824,0.04922272495108451,0.03069286090165306,0.027637293145070206,0.011462266159804571,0.025336297870662692,0.024670444380375155,0.014545153952455658,0.003095221592684216,0.0,0.017622705784806143,0.02573634698395702,0.015042859520041118,0.0124167808406576,0.019708845283049534,0.014238357929665975,0.05170544066040022,0.011408389753963216,0.02710629761603488,0.020860586086515625,0.03173838423401126,0.017708011835023765,0.020817200024689838,0.012715234227244349,0.0,0.011243196620531535,0.020176680311644993,0.004991327340484193,0.012881505839625293,0.0,0.010606361236917173,0.006102265829172663,0.018886389901420303,0.010160044110195788,0.012256461730646871,0.014762322903885098,0.011197309529307389,0.005898982389098769,0.008048203448177728,0.001679636663075843,0.016981918341324252,9.698198054909744e-05,0.014114130061472219,0.0,0.007659758533471989,0.011883976709298033,0.009074802987919938
80000310,0.011813620226867374,0.027545328752207793,0.02805652158503163,0.03496868102311254,0.027174222337062057,0.020319185295229095,0.0261447823281926,0.021648103281480233,0.03462290135766564,0.03057611239721845,0.026439334379030895,0.020058497600908113,0.01840965515250217,0.015981071648674013,0.0,0.002957610943230766,0.03148981348250924,0.0033990294536689787,0.018670345522990645,0.012990276032251384,0.01853661464917898,0.009510672285658252,0.023342209602795275,0.01940930494465671,0.02212495608789043,0.016110791424354107,0.02187405512384567,0.023108401247550283,0.014786357552845656,0.004059904202504018,0.005345630881995688,0.002662012772505818,0.02084714692291753,0.021973772054458458,0.0033647065645735063,0.0,0.0052701743178378965,0.0,0.0,0.013654701389002398,0.008078076114117198,0.005124129292496786,0.024506288850466205,0.002436337099499728,0.004115546122868494,0.02116828529991232,0.007064708316539548,0.012524494025349327,0.0,0.028829181722245047,0.007120370432837071,0.01496101083564478,0.013216313554204906,0.009087445961495322,0.0,0.009820968103164147,0.0,0.0013435514469025873
80000311,0.0,0.00720432005645772,0.006222968873721228,0.023975487358096584,0.008386898213725139,0.011737001068495807,0.010383917305820436,0.019058297358980757,0.004435285125501512,0.0,0.0081892106301794,0.00655172396098823,0.01020191850670406,0.014522538414082173,0.016675116189672587,0.0018397817726197377,0.011072823921158693,0.008944577923569359,0.0,0.07052272350548587,0.0,0.0,0.0007709098859368461,0.017547345238549124,0.013004657216972195,0.0,0.013450362161895657,0.023837034628482284,0.0357573190959302,0.013869060487919258,0.014660023141426884,0.0,0.0015163363749118176,0.01374248962051856,0.024291301269174646,0.0050546238474107165,0.0,0.0,0.01528725396373518,0.04625310543802766,0.0028427442640731,0.0,0.01099715927994541,0.012228468184935844,0.00788346914761036,0.006273820284629974,0.0007229377579446726,0.03086180946901795,0.0,0.05437941523573882,0.0009788879827996374,0.008861379417475168,0.0,0.008229097050196255,0.009890325943026584,0.013062233312762503,0.029264188521526888,0.04095432507519702
80000312,0.008714630654698442,0.018714062083020525,0.015374777702924707,0.016838255344836562,0.0,0.008166279377152365,0.007329520398045205,0.01347135566590023,0.005528022722975794,0.01086819297932553,0.01707985979410644,0.013280697451123761,0.011104127448222844,0.012512827792595984,0.0055979858168126746,0.013073382757316688,0.0,0.0031611458191523776,0.0,0.005055848770562566,0.0,0.014944875338390078,0.01638600285457041,0.014800057332510835,0.02744539122037707,0.0010961785329638813,0.014324203861956526,0.0002779923411258855,0.008611211504581892,0.01226328672607322,0.03732643416806081,0.014258185660767086,0.013905927512786579,0.04975450870558138,0.004954034199418416,0.01908153501417651,0.06367131999114141,0.017841802274104226,0.031200023310397264,0.015635160771709955,0.009881825960383417,0.013008259248532817,0.022553835470991348,0.010085389161130586,0.027370289967658314,0.013105800199062444,0.03203340364081495,0.018109001655922063,0.015571585187008,0.022096732604059064,0.022597687886498213,0.017797339303720003,0.015032535474516445,0.012799788991660456,0.020127903995425495,0.01419152190206281,0.02284321258443845,0.0
80000313,0.0008351259283875532,0.006186556629628284,0.002983310314958365,0.01516954160574705,0.024778395314076225,0.01961180054916488,0.015465762602726498,0.0,0.000702457590469267,0.011220322699349668,0.007760237829448895,0.0,0.024029893643505825,0.02347321653571453,0.02212379630509515,0.008506880374737845,0.019399055990530885,0.0,0.019974989701036318,0.011556305255790487,0.00658022969570275,0.006307224361176697,0.014745974993190155,0.0,0.007788808342150782,0.004253914566253753,0.0,0.0035022241713874294,0.02077241305165728,0.029945935573519936,0.01166224715303934,0.0017121637319819037,0.0008041798035681288,0.021044133423225288,0.016195872577846836,0.02437109568917582,0.01732641292882232,0.012318971710254551,0.03533466032513766,0.021789892550057557,0.027146264161360473,0.021711559645225986,0.0,0.035146036437900416,0.0170921754972624,0.02384898015797164,0.02759933096900578,0.024122192427435043,0.0024879192452903097,0.011376487321351367,0.023971740914601428,0.01680569080488586,0.012054119924836843,0.02757434577476711,0.014854014979616845,0.01870395172387566,0.02101162801635546,0.030180962497750943
80000314,0.0004792887898335481,0.0,0.0048275754922061645,0.0019613172717760524,0.003659416427585852,0.005909420835543005,0.01729284407506522,0.0,0.003301660683769959,0.0012284971014673701,0.022248116420271774,0.0017366218904696954,0.010300011307491369,0.008540265579348241,0.009009008232271937,0.01809528349938106,0.006210917080142844,0.006834966738266062,0.0004373422521262072,0.003985627867385638,0.026053206365701524,0.013405330316722098,0.0,0.012243110029018634,0.019969451359433774,0.013540915439448771,0.0,0.01581620394837785,0.023780468882922078,0.009210764037961163,0.014931159763791798,0.018500381577908974,0.0179003830868921,0.013825326803041424,0.013509059577305032,0.017875677030745427,0.019654202984990397,0.02071390197808938,0.02778958523578896,0.02870103150640462,0.03512912937257862,0.008383503576817337,0.030870391176122836,0.03117632213624059,0.03270821020707077,0.018294358890462034,0.042832802859467035,0.03260457643962468,0.015851509234050338,0.008290928054634685,0.018540481311376762,0.013391528590926861,0.017423839820337704,0.01520987430585305,0.02065874400198371,0.039538354722346646,0.03218280991345927,0.03550348706674547
80000315,0.014826850098259112,0.009509554771388495,0.016602834951498016,0.007998135238675576,0.0,0.011996493327848207,0.017617613563523225,0.0,0.014390969606457686,0.0,0.014433445487840488,0.011814624864565993,0.012903819028010636,0.0,0.0,0.011006950046442488,0.01129248987360453,0.006664700504540548,0.03057464094673159,0.01129726107964258,0.03627559453256108,0.002472268792423129,0.011585978878760913,0.008659281146398714,0.01612706874094775,0.0,0.005532377993545095,0.014939847319391387,0.004009286578370878,0.035007832925134534,0.03401565897322952,0.01814102278799342,0.028683190863565473,0.00456728018028499,0.0,0.03148823088518134,0.01941398858283506,0.017007746980240525,0.012212901901636115,0.0451193952472202,0.03371858148928432,0.0,0.031233590212772475,0.031099085239505084,0.0020885354783777526,0.01618300858382514,0.022286610811010635,0.002328011541040888,0.003881353431389006,0.011679203320225227,0.035733724725051916,0.013332717179753336,0.025904417153048184,0.010229368606507016,0.005402276276020263,0.04691178601163581,0.020138739941804675,0.037548806661569525
80000316,0.0015274430633531427,0.016070110913853682,0.003596104415075701,0.00516218643888075,0.013949116006712567,0.026501046585386684,0.01600420590240576,0.015261420676223618,0.002934865725490263,0.03591427381576932,0.011953605118660941,0.009155597200183713,0.003988811410224415,0.011794080631035478,0.0,0.011847973053691575,0.004744021616746094,0.021882008476311856,0.012380007133875897,0.009476061403048644,0.0,0.01810257713301079,0.0,0.024431083286493523,0.00038343648192420797,0.029354204389530635,0.016707374367732,0.015861227633271757,0.012279745263341578,0.02997276242133415,0.008437503180877083,0.0,0.03743323197333228,0.04795400394295014,0.013883931952578985,0.008623614006406256,0.021445350173816394,0.028736417308023243,0.03198357404559059,0.034271438089790954,0.03486046628250889,0.015728318075636086,0.002750560737437113,0.007745234597229936,0.0024496486718115717,0.016204670811984945,0.004816729389377839,0.029691920882647382,0.00791640503323755,0.0,0.019432072168929653,0.01036495765700243,0.025473186437637647,0.0,0.02310070841341831,0.00752288150883407,0.018498971363964833,0.019825054960522153
80000317,0.03717394738489202,0.011460884613607666,0.031755231053607155,0.022247458401538425,0.02579848975809394,0.0,0.015451153116688987,0.011446506419670837,0.01612060069640643,0.018411283761692536,0.03177332170290634,0.009884886813700875,0.014771278173462906,0.01901183875439322,0.0027742796740507563,0.02534129355013897,0.0,0.006118866167892357,0.01842118537419818,0.01978007896299032,0.028645476952543877,0.022047015212032256,0.033480335933164046,0.031224545377014284,0.016130685011077246,0.03285163008601474,0.017288651058712506,0.015486300719113423,0.021657390438300176,0.02368767090167253,0.004029448888901195,0.007203721761115602,0.010471926164136442,0.01870490093022796,0.0,0.0,0.005551627710592537,0.003010717814132367,0.020770070434353367,0.0,0.02475953671042051,0.009976880609921109,0.008509631853719857,0.02296708214750687,0.0,0.012675876088210978,0.01690138644243738,0.0,0.0,0.0018881284143319728,0.0,0.007497506729343993,0.012786713405217526,0.0,0.023911740131993528,0.022338439999292276,0.009672793011804586,0.014884466816584382
80000318,0.0058171769456273085,0.014628829658666681,0.006922152423187904,0.012421029941839969,0.018106409061411373,0.0,0.0,0.017954103188709387,0.019814624584449173,0.0,0.009422244118005093,0.01993537409520648,0.01786953153800061,0.008140646849620027,0.0036280325157482776,0.011804656682233725,0.008926493976729066,0.0126435566503236,0.0,0.01288238935632605,0.015590402075488835,0.0067937976944321635,0.0052631416371006915,0.021285384285004552,0.003907688306860049,0.0038048074487190215,0.00024058211608619576,0.007503723115846584,0.0,0.025644279209979307,0.02283176141508993,0.023265726818067798,0.021548130888513768,0.017425999069031688,0.018668277746853413,0.023744898213273424,0.010617564156754205,0.017148193541506998,0.028473807360464728,0.015478985058568725,0.02873790274743055,0.029538697580109616,0.022273518004370146,0.008660437699615504,0.010030215066397875,0.03120019618885616,0.01010980168733768,0.03637345005202092,0.016466893587566304,0.004224566809725397,0.0298546847353046,0.029956108080732676,0.014337593993918023,0.015114850086229474,0.0322361542728227,0.011757460791922884,0.01903967993338843,0.023044158744227865
80000319,0.0,0.0038002015376004217,0.013096090518060375,0.006354812848347637,0.0,0.005943180469754525,0.0,0.0,0.005518060788487364,0.019694359891047116,0.004497022945617635,0.0049966320729022615,0.0,0.005333355832266487,0.03910610782627433,0.0,0.0011311606174798884,0.0,0.019905155488041844,0.0,0.07649767163278168,0.0,0.003922289485911764,0.008576865574929775,0.0022757763475643993,0.032848922715530485,0.012823399542201705,0.0,0.0,0.029684085878423503,0.0,0.001174480551268169,0.02660462181916475,0.006965716768017415,0.007904737838965838,0.03635337930350744,0.019159675559609835,0.017606200156429525,1.6452803050937476e-05,0.01861374436277113,0.022160402767844232,0.041716872239890485,0.006814143323604946,0.008879462665982748,0.016717321271992828,0.051142917934936825,0.0017975076233479098,0.02558853958702285,0.0003795111521900795,0.0,0.0,0.01965290202023806,0.0016480684156073915,0.002463769764187606,0.01573675744218319,0.009935662221866962,0.0,0.0
80000320,0.0,0.0,0.0,0.011344549441970062,0.014306333542963604,0.018455029934346542,0.0,0.00960169987227956,0.0,0.0,0.016143861139784426,0.011459456032389619,0.002742159873985242,0.01246190393150895,0.01794215648359935,0.0,0.001423541510305877,0.014987160678702718,0.02692146109610526,0.008525316820181091,0.01726403427339259,0.013139861884743134,0.006723842724961033,0.02543086499792656,0.012240650658226375,0.0,0.0015842617341650577,0.0,0.021035957523956084,0.020574659976773203,0.029863984685724664,0.01957343161231206,0.01478384036906781,0.013252015984120109,0.03338256229034006,0.0252303694244938,0.027119986618828643,0.018631447237982584,0.011725482199520045,0.00010349202307142184,0.0210173482997041,0.0007356303892516181,0.03178980522188064,0.014924396754233892,0.020193272504100957,0.023762238175536982,0.01560548440111226,0.02028355238578001,0.011779365773310674,0.02321514122746342,0.02318273923130312,0.01643911423250749,0.02208418775770333,0.034433872816782174,0.03186187223180822,0.02830898683244441,0.016645390544397985,0.016567096671852796
80000321,0.0,0.00967216695761509,0.015959580840864178,0.0,0.01443647799365039,0.0,0.023605192552825408,0.0,0.015899300433935667,0.015701890186417884,0.0,0.019558437919033805,0.00759394983040108,0.0208817083705351,0.02223198144571329,0.020851530021278014,0.01555178236377136,0.0,0.0028774458838308906,0.004202438525606629,0.01166361798324375,0.014935811016174054,0.006310957105194534,0.0,0.01438340569310431,0.0,0.009409714687278211,0.0,0.01859880354352254,0.024675391400039607,0.027800807694946014,0.007487887057583399,0.02002967933821416,0.023084460363032383,0.03718761495215286,0.018531067171564716,0.03903486883438003,0.000525354962020812,0.030591787045878963,0.0130213983955124,0.031086616572993546,0.030885292153859444,0.0027830701364234107,0.022134043442738314,0.020694551005735428,0.04004326923203395,0.014069308793322556,0.0,0.02460707790146177,0.0074965467861310905,0.022901209952362906,0.03549444846586633,0.0055881326543455664,0.038653349982424305,0.00942730132540926,0.02269402136298307,0.02667401010284131,0.0182062271941215
80000322,0.023014862454910006,0.0029701363886721014,0.0,0.0,0.003814949577921747,0.00016330281482339874,0.007216026444855666,0.012633532795072665,0.0035485183156018047,0.0,0.041264602067824056,0.052360572869753305,0.0,0.027036683944324905,0.042388027962847866,0.01667373629088377,0.05934928689438936,0.0024576714761598375,0.0,0.007705246457921634,0.015018755939377995,0.0106234541371502,0.05116358538577361,0.0,0.004944359742920126,0.028055889271178698,0.014841956880327179,0.0,0.0,0.016163538428182345,0.004049592501345045,0.02021875728188417,0.0,0.01500396199753621,0.0,0.004048162685964316,0.007669060763794772,0.0,0.0,0.0,0.028938647896350724,0.0015892760975984514,0.03357749421828158,0.0,0.0,0.005809383337105521,0.0,0.005239985436161,0.008930130928061362,0.014701811560634034,0.02794545817909137,0.0,0.0,0.0027084227630034185,0.040766494599717734,0.0,0.010146854561096756,0.031694185175001256
80000323,0.0,0.01675772912392972,0.00696301966322941,0.029346940559431937,0.0077629630930410795,0.02728377100011129,0.011015845040731304,0.015395337835102996,0.00010843410964446187,0.0,0.01302578616061751,0.00064856316695823,0.017167960196823047,0.020901386843184305,0.02050429322153286,0.0,0.0,0.0,0.0,0.00025955051772784795,0.0200585410334319,0.0,0.007773139922734956,0.0,0.015317875148148528,0.025709474730725164,0.0,0.025150251219492787,0.006149008263076998,0.012322937289366094,0.022317293053693604,0.006578215576464108,0.007807337564258128,0.027373590487198795,0.012267224018825953,0.011803528044880355,0.006326882352005603,0.015007701900232536,0.030659021590678598,0.009030750700248249,0.02226359992409984,0.018943845248423626,0.025912442980686175,0.03822905417500368,0.018486327867675463,0.03572456558983534,0.03452413366656128,0.0364664522677152,0.03472004197879193,0.03101160424959705,0.035088710548641856,0.007866942235602635,0.005493754679201133,0.008440365713164035,0.006510555942323492,0.01798049398189507,0.012406046573822053,0.031219154957194843
80000324,0.01707985239247694,0.01411848529281143,0.016405667221268825,0.004458375307730324,0.0,0.028838588277648985,0.0044770352752324235,0.0,0.025367153522377034,0.0022653313886868195,0.01086770433527351,0.0020452340676472922,0.0,0.01026931421139437,0.00073324316288795,0.016851862665503498,0.012713676394800338,0.00770216803098602,0.014951122218106407,0.004743843946987764,0.016321783759222913,0.014250414369072581,0.002625971018271504,0.0017813777179055115,0.004268865413044149,0.0,0.004377892379756036,0.0,0.010509315948450369,0.0,0.027525156137329837,0.023370467597783866,0.009961835511274105,0.011379051700319297,0.01352997862945412,0.014703894268077035,0.02679218446261063,0.0399202658064616,0.01419546263764861,0.015063189193997876,0.016034178818484044,0.04234322907813096,0.015064845601152137,0.025941383893898703,0.02449788527212993,0.025631688272245656,0.01613062661440261,0.027162865464041546,0.015451487117459922,0.030764065568195737,0.0061206332891354355,0.025847359658903696,0.026629102131222365,0.0198866357469514,0.02852669924972258,0.016082111231378253,0.021388470084219912,0.0054330703098318224
80000325,0.02833481490558357,0.007805976461438014,0.013007480658003718,0.02843119491389355,0.01622140652719107,0.03573420844881244,0.03411066840763414,0.024320147493500307,0.03233272341361053,0.0146725864253043,0.0,0.0012857674210388392,0.025264872302565387,0.009103000947284511,0.016538334423744704,0.03323609723294162,0.01783992198024015,0.032689796143767914,0.011356074077103262,0.02784851407390314,0.033921991674073226,0.0037169949455688545,0.011347003615611436,0.021830945739015596,0.0,0.02552065600601692,0.018116850834150752,0.006672664661467367,0.0141147142632248,0.0,0.0,0.01654655900996407,0.008396537388728559,0.010925767270655754,0.011717222800194998,0.0036224577777895037,0.011812141959759223,0.013425836126351004,0.017920088398771485,0.02315805656171932,0.007094007663369172,0.010216620215314604,0.018738638343429346,0.0,0.0,0.0074379520384100515,0.03357489917079478,0.01075417571815489,9.082552467454448e-05,0.03185136591383714,0.014022348080607818,0.012971100501974881,0.019795493172684663,0.012256683336284584,0.013448319669792801,0.009324618423362734,0.01381273852407369,0.01009026337654788
80000326,0.019818964500299914,0.01428736149918111,0.006666408953519631,0.027498299047851924,0.00588618487589752,0.016041219037926754,0.020109389982424137,0.003409681998902802,0.004920620809271865,0.01996093976530623,0.0,0.03742220292744093,0.0,0.0,0.01016606487807767,0.017149563494651358,0.0073528575999902345,0.00857171348891027,0.00041142693982135247,0.0,0.01885441832599902,0.010068968681145755,0.004429298594222442,0.0,0.018165690781386745,0.0,0.0,0.004219789790720719,0.0005520071902735144,0.006653500675954407,0.0,0.01983597084675571,0.02262189721100875,0.0027806175482568704,0.03776531461081456,0.022215044048854785,0.007717664833217642,0.018234760027132375,0.027440842741352386,0.019190396750265577,0.010863859485143927,0.03191526437578389,0.014132341411104515,0.021210120000378665,0.025071105766448356,0.027127072608197383,0.04154837695595778,0.0208297602258184,0.021645403279711626,0.03738012048508519,0.01770234135088227,0.009597948578663668,0.008485895310466294,0.01168900751189899,0.030540510434544522,0.023795214075638112,0.03144360043115944,0.02318600497071405
80000327,0.018405755405487344,0.006671887591352766,0.00925021544267203,0.045206186516141916,0.020151072173020812,0.02846599479636747,0.011383560221897796,0.0,0.043240570355273615,0.005631468074686109,0.016345208711009765,0.01889189801791506,0.040087685842031054,0.017218870867022618,0.030722516343822927,0.02574677240392311,0.020648593783001327,0.04497929751495185,0.012806928059032508,0.006374555593642265,0.023474438836415513,0.031177450227749044,0.03130010245136124,0.010747483392362641,0.01735202849626459,0.016660343496006213,0.01802158335641554,0.02151742779514358,0.02791409380725402,0.007322987787142008,0.01408807926110907,0.0016068121059054842,0.024733005725077462,0.02091072481827532,0.010361536687884318,0.0,0.0032059582646929005,0.0032322345179995075,0.005680654830636609,0.01913788079862548,0.0016817489751626764,0.0,0.025218656312017595,0.005896706427861025,0.002733798503587315,0.025317883173048592,0.0009772165785848148,0.0,0.005425652872000652,0.0,0.012124092260591515,0.024192996619052554,0.0,0.0,0.0010681743710341197,0.0,0.009393696828643832,0.007295680110086844
80000328,0.00830838703167367,0.0012870145129027515,0.002993806448163463,0.007042892538485944,0.0,0.017644724624111784,0.011883161826244224,0.011523545583081062,0.017010480898648126,0.0,0.0,0.0,0.009398436980903162,0.014152688499279021,0.0,0.004904779565718003,0.018841518200953263,0.0,0.009227457322910838,0.007547282332341043,0.0059311353683652,0.006765069492094832,0.006709110431610299,0.0,0.006002674525403119,0.0,0.012634889193172549,0.013652415534275316,0.012003008036259274,0.019546620205600686,0.03629994358180697,0.007729825243699005,0.014854299221355153,0.03293510499462419,0.04014275496991384,0.013058928167713724,0.018828337543494077,0.031797271509749536,0.018029035835484198,0.005888072950526769,0.03999152113533133,0.0,0.03393279736002273,0.014942345948478538,0.009852990030332054,0.03718186651158254,0.023695823284289673,0.01793097987727325,0.023673024427575396,0.017302110873279684,0.02654148411985869,0.0218802846671691,0.022249245750058568,0.023554713598523416,0.02864583645231507,0.04360580154517425,0.028366191743412185,0.010602360843261414
80000329,0.0,0.006601059590204374,0.018480438876596818,0.006301781464599529,0.008179508055813633,0.02753226666872231,0.012571519757552694,0.024955744195796204,0.008367141076078478,0.012838363214493186,0.005989513569302361,0.014461551910789858,0.0,0.0,0.0036977479690552756,0.010889294834039361,0.01135982885188183,0.0,0.007532416196761431,0.006097433395281842,0.022384613577858287,0.0115959496608317,0.010725753941535222,0.019901602229049794,0.014866055320415085,0.013753351569861653,0.011085828080674424,0.016897601572704167,0.010092024631949015,0.023342955863188856,0.010537383899109385,0.03992096085039064,0.03904109298299265,0.02811618220063068,0.009973223922386788,0.0048772142394873,0.012776543192898886,0.032065848010962676,0.009610200973185802,0.016423179826328675,0.01580477275046216,0.03988396863704877,0.016961301793736564,0.015717987473489816,0.02627541861671866,0.040621619383528255,0.025191824924990315,0.02114791286086906,0.013715350472188236,0.018623877334256897,0.012455357666278186,0.020969610540352485,0.012677099557710745,0.02171893745608003,0.016984876497993313,0.013545698483638288,0.01563923108325312,0.010168450161052712
80000330,0.014560890409913069,0.015297329322345208,0.028514531731250712,0.025032818368368466,0.028497845126929176,0.02199368017417681,0.022940103930914026,0.00870763857222231,0.002252568371825725,0.020452908187245215,0.011123976160196248,0.017320523694701623,0.0048600454204760415,0.021947768469331188,0.017067259676557273,0.025347222851430783,0.03508390921841379,0.023799010637700256,0.03247338151071982,0.023599191920693496,0.025694727318658756,0.0353556398823817,0.00025837056943638835,0.015047528984145788,0.018021503017114575,0.03685289840007373,0.022719865001325487,0.029619957625588576,0.0,0.00613511332218522,0.030375764269634526,0.016198879342554418,0.013010169158062532,0.014832800190497342,0.0021566685276535125,0.005857298923458181,0.019360532500182655,0.0,0.019336830314809695,0.0,0.014119409245787985,0.009868834268626003,0.0,0.021168318440951135,0.0,0.0010271343410238377,0.0,0.012745342733303865,0.005423244318934708,0.0026616219035042656,0.0038204403441564456,0.0006771486183340843,0.01790120806221981,0.0076726326833604355,0.011138181429260735,0.009024870273775475,0.011843413326983026,0.021296215618372933
80000331,0.006995004904796003,0.02313858397904494,0.008120437614416392,0.008256644080700433,0.010789107971305542,0.007868709013857384,0.004442978583656514,0.0026113564601256394,0.006299093306045829,0.001879793996223616,0.017920696060854606,0.0,0.0,0.011104957297682612,0.01189334668733545,0.03853578838519676,0.01061958061109328,0.0008237081557799616,0.004254333962752917,0.0,0.0013934407609191154,0.0,0.0017253166404263699,0.0,0.01767889362041276,0.00970428826943699,0.02018039750184075,0.0014352611009654777,0.006389946641115127,0.004078389669824492,0.003691616315142147,0.02098487505913797,0.022825280068309025,0.005180931310586201,0.007031927980765613,0.00010085740970517642,0.015718953190324035,0.05000818187969614,0.007729638137072413,0.01904173673666273,0.005379811803509512,0.019170072479517238,0.019212833978931,0.03084544901346902,0.0,0.03305688989744738,0.04411626100607726,0.014628613242395498,0.031083860516435226,0.024122312981202654,0.01987474245164931,0.019228497564630444,0.03611320809806765,0.0028615769097637893,0.028245602010642187,0.03884697689856676,0.03528402367779754,0.02672691942128579
80000332,0.02655601197689553,0.03611288234875675,0.0,0.01489318232159798,0.022181906350900567,0.02941360177060167,0.017276066421139,0.003741244782405395,0.010279240774602558,0.034805928221554705,0.035576881252532326,0.017956924215177014,0.024542856980706993,0.012759050841096966,0.03511245326612466,0.013061247559904258,0.01916167568467487,0.0422665009947113,0.03340737769077975,0.009855191646276216,0.019482374788014664,0.01962083132328852,0.017368613538458127,0.0,0.023834546499718615,0.011473232670002277,0.030540599505369977,0.0,0.029415301978398332,0.03746227240780694,0.0021305357695768036,0.03201288953829282,0.0,0.010293243905308736,0.012669603064343787,0.0,0.0,0.000940391346694688,0.0013039859424876083,0.017569792578732767,0.012322591991494512,0.01013701919605352,0.005920402041328932,0.012739030921287005,0.0014510927460204333,0.0,0.008077334743640738,0.008040458583270483,0.026991121013098744,0.0,0.017804852017934757,0.007603196651702076,0.0,0.015394097118479258,0.009053800665133194,0.0,0.020219452561161266,0.0
80000333,0.0018489616215414994,0.028282934208758756,0.0,0.0046259004006288145,0.0,0.011536522817055868,0.028048093763969502,0.016508464143050666,0.014669569913137724,0.007943999184890195,0.009956687094968577,0.002443191608834578,0.004047634138347134,0.02056172123712654,0.0,0.0020628340413467463,0.0,0.0008577914811182738,0.01054666070428965,0.0090888520508361,0.004005322757307003,0.003559121741207845,0.008940839748203705,0.011300803943578536,0.006661172117370496,0.0,0.0,0.0,0.009848475365606088,0.027307101874656077,0.016306645436164936,0.0318602875627206,0.027064819401750016,0.03217953850541813,0.022581946805454448,0.021614985793679757,0.022872497383931382,0.007407393161094681,0.028847584170142215,0.030055216909595454,0.01784327438072804,0.02131217968318129,0.0031241157507564277,0.03290364137937533,0.0342793805382619,0.029485614568157247,0.043136511325139515,0.029093261747695186,0.041250209689832715,0.0,0.03210216764312281,0.009421535141028644,0.010806042941607617,0.03274518084026799,0.02526811572915064,0.023700989932821295,0.0,0.03621233158703059
80000334,0.010132700450838847,0.0,0.0,0.016473830303877602,0.010806065957191633,0.00419350946544618,0.012767531627496567,0.013851441018068495,0.0,0.0,0.0,0.0,0.01608245468528828,0.00839828348295425,0.0011295496577572012,0.003120638198543199,0.014558478769059769,0.018544144087181316,0.008206840415802006,0.0,0.01194608477564578,0.017769357570551706,0.0002353847892311395,0.0,0.008570051831321287,0.01294741722914335,0.009057210795737992,0.010636674342068265,0.0008322729349548952,0.029069396367381827,0.010259672961455673,0.017448419630707788,0.01756450524730652,0.023818124506027476,0.014722535399510824,0.02119989220572932,0.016350127763629714,0.02076543653574915,0.005968311886124175,0.013962268843765354,0.029778289399455597,0.025449591380523703,0.031003324029658316,0.019474294376048223,0.01885522574401164,0.019349943877449937,0.020180140181860356,0.04413303027978099,0.030061977723889778,0.026757738246188514,0.029175795305349576,0.028031687544852902,0.024169240317409205,0.012694824527695612,0.029790324781700548,0.022752206297940118,0.012576084164723772,0.009058486731511873
80000335,0.0018502181498968296,0.00447370865184946,0.006594669237292527,0.017251615797511544,0.007812480426483538,0.0,0.030471157412676877,0.0028959936902116707,0.004455518975603974,0.01247800584158406,0.016621091608060412,0.0,0.0,0.006953779895263365,0.004263671530609814,0.02652299382139191,0.017178006919682246,0.024016570141593464,0.015936214928167304,0.0097040036807484,0.01836646534718208,0.007624837805510974,0.009699474537972258,0.0,0.029604959766102144,0.014895420211502109,0.0,0.0,0.006720543953148237,0.009445546878025481,0.03401427103199824,0.00948747412069386,0.028378242269236124,0.018388475292943508,0.0356577434491668,0.022756870709467567,0.018607410353713504,0.02923553140346296,0.02017886171254107,0.0004766745703603919,0.03254799972961554,0.025557811618384926,0.016516592567979795,0.026603641094370554,0.004462861980055346,0.014318256368071167,0.022219387878024854,0.018309627564269133,0.008471452190820815,0.029186064692769024,0.035590518427023356,0.005158385448962961,0.0201423039208209,0.0,0.00996289708791089,0.026227515025147214,0.02419100236640431,0.017792534012760142
80000336,0.008776772611513307,0.040812303188878706,0.003842039939758492,0.005335173825908736,0.008108570609655417,0.0,0.0018082001241216845,0.007255718552312867,0.0,0.00016511914892276618,0.0,0.0,0.005519290129386256,0.0,0.012998378112468139,0.007905785445146002,0.007605593990597153,0.021797078558782743,0.017629055943313755,0.01022255857718458,0.027897047553099,0.002154590666267157,0.009216616936797895,0.008162660159159377,0.0,0.004231985245891764,0.009014328310090797,0.012182278020006118,0.0,0.004383132465413852,0.017579130253039317,0.022769634622774235,0.013853112730621295,0.018493622670638657,0.030629783278460138,0.016288979164014398,0.05044969233696214,0.03617529419745486,0.018381041364603647,0.01625791717892943,0.007542869811081902,0.013804297912300499,0.02311235260495187,0.0018666897293673618,0.010902876743455607,0.012970630442838294,0.006162439789498293,0.017014513065408975,0.03649179471314966,0.0272202400478603,0.001069728856011529,0.033793812328398974,0.0346162929935662,0.03587863862953976,0.01910021571475741,0.035822317844301316,0.03020493865091887,0.014053218311303189
80000337,0.021869046389648608,0.0304844428060281,0.00815260899504076,0.03397876626352431,0.033048308219598636,0.02145520861068468,0.020492605851821017,0.027029708620436535,0.02363814907422036,0.01457643015952421,0.01738550031928987,0.010733194816430714,0.0,0.02287922135645339,0.02465525348041047,0.021769584198525167,0.016553842958892725,0.019145257701366995,0.021219524445735306,0.03324284032314826,0.01674815015817737,0.0,0.024861013339151486,0.004496881038747561,0.015238280976871079,0.00232350053406288,0.018554243671968087,0.04257201400768425,0.025752661186979515,0.026210670060653342,0.027167737888338817,0.00010941229462269148,0.010024661029306351,0.0010870098459608664,0.004127856226074819,0.007989508147187031,0.025148439527472255,0.0,0.0,0.010220842336294507,0.01008710072780224,0.008360886865847912,0.011395648838004617,0.009533463817612445,0.025370255942434458,0.006416532397065784,0.018968811032276017,0.013215300289239016,0.010718024381877961,0.009757949747773323,0.0025113585712536577,0.007410962210228061,0.008797848400868986,0.0023932092760503704,0.018238780765980036,0.008405116335066822,0.0017806762043350779,0.004914420632079326
80000338,0.03760658698480393,0.015630329984281044,0.021601087395729725,0.035962222714372306,0.03737397719348061,0.02553484940019689,0.03049504265108096,0.026191757059176493,0.006514396012310697,0.015342529686946656,0.014130144650608285,0.009797413149033447,0.02280686451144902,0.028257204440896792,0.031040391728430254,0.02464124848508506,0.025092568463662923,0.0,0.006384584316931667,0.023095296885293756,0.03057659950117947,0.012653621204478807,0.03420640243826712,0.029984058917668168,0.003951221991244785,0.014166574122376159,0.02610107861187944,0.016351661501327018,0.00040268946576552534,0.014029470260282086,0.0,0.014209119053003157,0.0,0.0007049332999444923,0.0,0.01106758872569111,0.002669545402065721,0.0,0.01965563592981762,0.011873731420031801,0.0,0.006374659287209905,0.007120557319510736,0.007097795910521572,0.012400786964685044,0.012523322031929353,0.017294410327799662,0.017572399883186634,0.018316921578606114,0.01921205594724386,0.01592643976673254,0.026875176388253465,0.005821340340400377,0.009100058561641436,0.008748899467992344,0.00011618754634103387,0.003952167141108953,0.007834078883413136
80000339,0.03550360126797346,0.03842392405946,0.010739322922088778,0.0028686144674411745,0.00864457972864537,0.023589929839180627,0.0013468128294175552,0.008266776162213982,0.01387112336583181,0.023371136238896507,0.02479321638315228,0.016616682195626214,0.0,0.0,0.02950219981190605,0.009645294173196815,0.01126272437762773,0.03979717194431218,0.018336096347557253,0.025536006905925737,0.01541125335994455,0.025178614273345362,0.025334052391374023,0.0,0.0,0.0327697756837454,0.026343392136340606,0.03519672434802096,0.028530258995083917,0.012811516463730712,0.0013224855248798635,0.0,0.02514283920888971,0.020333364817497875,0.012494802472473879,0.004495760383660857,0.019214032844251484,0.020224084666937116,0.005374449942859282,0.020138898372840858,0.011323787240285973,0.0,0.021848178267857638,0.02167060339760818,0.00918005269828679,0.021935702550213994,0.0,0.010580780915459023,0.004237804196788101,0.01280887258336419,0.022435945448841667,0.010902562216960576,0.00929750326664327,0.016471392984356546,0.00926659765047811,0.015468495047822429,0.0,0.0
80000340,0.02825895098659842,0.008039217562485705,0.02841517799568099,0.01883352077426783,0.04905075341212021,0.009819884085768747,0.0,0.014444359119872224,0.026344393499353976,0.036933496792801515,0.045874175967780664,0.016442072294903246,0.004097611109210273,0.0,0.014798529820835514,0.01966231918953129,0.01814678940406665,0.027093922989968582,0.02356657909695936,0.03518611722656455,0.03147121179760401,0.023018480099722967,0.010840144069005516,0.0015142078366363202,0.02509018510762778,0.030531135196538713,0.011438263333224667,0.03792210264781326,0.026268712270157896,0.0035273977820562915,0.008602925308188888,0.006127998750265652,0.005931431930408762,0.010356316572317387,0.014508342097729688,0.015389204748356604,0.009155392601805208,0.026323908192170495,0.013733121296651387,0.0,0.005559880228214174,0.008828398437276562,0.020643968876523325,0.017573667464245605,0.004285603177397686,0.005825912644637988,0.003097632726401267,0.0,0.0,0.01845554575015011,0.00927423850922911,0.011385498511918208,0.025763450862980247,0.010121572328772723,0.009175600447110075,0.003025443878916633,0.01135960889713127,0.029763649591714774
80000341,0.0,0.02647317249973293,0.0,0.012212395683975419,0.000485337834651671,0.016463565559290377,0.025190275585607495,0.008985096442253176,0.0,0.010082077795574431,0.010219741655227882,0.014626060501173613,0.0,0.008995760721720378,0.0005972167489732583,0.010429062008854207,0.043338278492965544,0.0005565462735276995,0.018472066359596223,0.024503085210673518,0.003140730830999114,0.0026086064837890373,0.020985240451381955,0.03176754797473688,0.0,0.005686498562268789,0.0037757190254712842,0.045683434326195066,0.018421811296910034,0.007627128977731469,0.005469099953769592,0.009492353098240154,0.016142122449522567,0.06569276892125497,0.01175967959193513,0.0,0.015867037186356864,0.0012867748374489516,0.02619098085744379,0.009525600012938505,0.0031583576753458505,0.02801427356515445,0.0,0.017659851293135125,0.0035761611313391605,0.024805894833780866,0.0028864262206478547,0.026026748881679287,0.0031182617169985727,0.00672902529745982,0.0030404715183596762,0.024471384998504573,0.008471873510984457,0.0,0.015585958575573496,0.016122748534730138,0.019784267891306294,0.011750586092707132
80000342,0.022813728970740254,0.02134365714669692,0.01054234556848106,0.008711786706295929,0.016777468780197955,0.01787604524140253,0.017266137924493222,0.021590453390186885,0.017934991018402912,0.04021727240844299,0.002772139085143737,0.019222948796972738,0.005953323851458214,0.05812921032462086,0.02669156101654137,0.027683546875444522,0.02130496590547474,0.0018070998835261526,0.018925413997658715,0.008210217204494672,0.008785953439079012,0.033015599903593706,0.05802319418530402,0.01713036402464607,0.0185398673940923,0.010598640038171406,0.004478327602894175,0.02867741486813552,0.04373408065272149,0.0,0.020987993582426895,0.0,0.011435298152040467,0.014991922108010479,0.0,0.00706897222429984,0.007613671167103706,0.013698669212890511,0.00800713430624433,1.5966819865033258e-05,0.02609707817889024,0.005197090609777326,0.0025831726685819414,0.007482867440046444,0.010678925183705387,0.020967786846326244,0.0040850752231166975,0.01683654094764662,0.0,0.005197465192460692,0.003531985166972032,0.0,0.013953286454834166,0.0062095421320797674,0.03172207857174272,0.0037065445962480943,0.0,0.018735675613366927
80000343,0.028378911955471087,0.014258518990308076,0.0,0.03662369250149508,0.008869071117751063,0.020415806340612394,0.021004310003053386,0.014710166552778469,0.0,0.015199293509558438,0.02381737815078548,0.016960434467256705,0.02600609108303721,0.016577970290588943,0.029889485734357003,0.022007169459492954,0.02468344008027189,0.01038477779662219,0.017057334202412216,0.043387505390001066,0.016842843366054246,0.011483219998268011,0.024162667088004373,0.015628071362414432,0.01594034322726768,0.02462561911985518,0.021109980444248166,0.0300194866110879,0.017851960581046874,0.0,0.008284476570048662,0.007908636025435444,0.02409441017438857,0.0108793636807929,0.0,0.0016149881091876192,0.01081226193290706,0.014167508636801888,0.02538946852439333,0.008066123782840757,0.01126860932000458,0.0,0.016718380161761297,0.01949945069844807,0.00856522745534831,0.013628970114715316,0.017608051529532702,0.0,0.009049924871129086,0.004049262341261208,0.009091009754432835,0.007305267549840602,0.005167304483589535,0.0028622168458796783,0.0063018136346283,0.019619580937117572,0.023606315398478052,0.0
80000344,0.024677603996514287,0.024361097106276933,0.005959334863759497,0.028076938286670305,0.008723003686999596,0.004690565804234971,0.010391509457250519,0.022039484148837447,0.017410751655777535,0.0075827035822682125,0.01613394108371175,0.014087105669670986,0.014774545613815391,0.030665370608857365,0.016913894444739314,0.001570847601340736,0.0257093169056624,0.0252671736125753,0.010710163256937553,0.015550492311514208,0.012919035747745913,0.012522662337490173,0.027261165561533518,0.005942891307268829,0.014029597968257649,0.02331190872835361,0.015443000463511254,0.0,0.040395193145319835,0.00832597273356497,0.0031225444706335674,0.019444818106903357,0.01805219755848135,0.012042405967755415,0.01289891446800756,0.01584890390080373,0.022866519277158125,0.0,0.009190432250429965,0.021954896647623377,0.02644220701806355,0.013464857487955886,0.0023015790633927223,0.01598996399425305,0.006647476094667992,0.01065897892463416,0.01317061118705809,0.0,0.01319927221214134,0.004661119582914408,0.02162993411580543,0.009490092365268982,0.008535890260962692,0.007304090459116983,0.015255665550290442,0.006299204568697318,0.004239546261553454,0.021790017976139366
80000345,0.006702060198533822,0.026976440080791475,0.010906384292369935,0.020908692292305638,0.020673031269805565,0.007679962318292591,0.008997435794230018,0.013472014071506874,0.013619347789357852,0.013632657872449572,0.012956492569718042,0.009103630663605698,0.006724290501544437,0.018926431495434465,0.01879647343792081,0.0014677774319773555,0.02066614363808659,0.0,0.020446091065991163,0.0,0.0008244339533836394,0.007871207368447198,0.0,0.01345617820382686,0.0067109800060179935,0.00830385095752637,0.02916078063488563,0.02150888254060362,0.005707600107364053,0.008790192436130908,0.023834291293618446,0.021815412892578337,0.012868830983431672,0.004339354095823541,0.023887946677286165,0.0,0.043397458867980555,0.010826835398997967,0.020865812192270915,0.02271202088708143,0.01697376899549712,0.012902186562604586,0.023731527600132953,0.024562789542882057,0.0,0.0,0.027958130646376318,0.01949102978925134,0.015491315512126442,0.025991348951487976,0.009639583992068856,0.007035396321665909,0.029177885531408477,0.011337851046262814,0.011743817736501232,0.030655971871369765,0.03318859667005811,0.030720666017061363
80000346,0.0,0.01699582495599998,0.019057542890850415,0.0351258047542796,0.026770182421828912,0.014404568786712616,0.027379219346247086,0.02924580680924413,0.03440102311326865,0.01948364405339447,0.02546313309497764,0.014941989138782096,0.02993990607684694,0.020901106648411095,0.02654380418663063,0.011899863001505855,0.023475109495109888,0.03751591363274459,0.0069766595064271845,0.026485324085210423,0.004066556309040336,0.0006814771946381124,0.01639987515754575,0.01927840886052388,0.029905934670676957,0.009200901460484339,0.008875846171400846,0.01226971445016413,0.0066826032240771315,0.0,0.0,0.012825347038528079,0.00669406107341716,0.0024872899324689546,0.0,0.023795949715603913,0.0,0.021080575816397624,0.0,0.0020133705785436236,0.007180267197682028,0.005221191652390466,0.0,0.0,0.0011788046427720026,0.017338249333510025,0.011698268531127104,0.006240194923951421,0.008773594527470252,0.0,0.010476432734795683,0.02292912679354308,0.021931575549406127,0.00919050805114995,0.0,0.00907672759989693,0.018679788367284393,0.010339299083875986
80000347,0.0345756123897959,0.012786342171487228,0.0,0.003595338337733614,0.009805569884583185,0.0,0.016828085657612738,0.0,0.016825844126888676,0.01276601872698999,6.014965208622765e-05,0.025801064777928238,0.02679090178718763,0.005227037531543205,0.0,0.012445726282672497,0.012756578703375751,0.010526313468554106,0.003931744032098092,0.007481223188402939,0.007217710791280303,0.009872883920588363,0.0,0.0,0.0,0.00927255787724255,0.0,0.00932830296606342,0.0,0.0,0.0018248112328647672,0.01566445761926135,0.005429680222364013,0.06755755225619765,0.032318333621379404,0.008730107243669653,0.010710525267045681,0.026959547151838896,0.005106742788620817,0.00405951020408502,0.008983950538684182,0.038793166093530326,0.015029313868493904,0.016408754393066174,0.013575662602525374,0.02743846047683716,0.024102474093649018,0.041503706593866235,0.013026117062136786,0.03303605516245476,0.0,0.021776051996069513,0.04375350805075203,0.026662011537124098,0.013419912778075072,0.016467387501347824,0.02771023337932588,0.011680919516911853
80000348,0.033884199650088286,0.015434485192487612,0.01881609481077026,0.009745326943849235,0.02779718210344276,0.004864390936253242,0.01223607802420236,0.016767564100739377,0.019891691641754618,0.01005080342917396,0.021693576315410544,0.022544158685387356,0.02407251147742587,0.0171673011191985,0.03767247687608042,0.0,0.010653322030928563,0.03582955819443517,0.04004032994164735,0.013709444096173017,0.014158399736522257,0.01978324556742237,0.020744225002408953,0.01460071381452653,0.014604775217316908,0.0010149674027842843,0.0,0.020068125032728666,0.05605089267293207,0.009587014998393952,0.007894820122308162,0.0128139003478838,0.009584370650730697,0.01850502415211919,0.011768248951550191,0.01968286113719248,0.0,0.017469257762085525,0.0008914316730446952,0.00596947828348592,0.020895991213214296,0.004044437237557963,0.004016058004361842,0.014673249331580979,0.0027351254763844004,0.0,0.029384901402502085,0.02267545750344424,0.004768557521234387,0.00843594150227987,0.007541784857240102,0.011263124406729826,0.0034619430410355516,0.0117739597784341,0.0,0.003124094640537527,0.010669697591744656,0.0
80000349,0.013707536414573741,0.017514250196853938,0.039184369288849524,0.055889309577916414,0.03980065536077943,0.043213619394613115,0.028884198795255372,0.014217157977584842,0.024630242076925803,0.03204954819839341,0.007956238328118448,0.024521106814476744,0.03477662924848827,0.00795222064388785,0.015610725291835137,0.025598843580713522,0.04173948884409908,0.013437178136497786,0.01165996592341972,0.031653581094656325,0.025518619664454203,0.01256672531579598,0.0,0.016594800980333828,0.02413016760819184,0.01233036778005025,0.007369095976948618,0.012674347168529653,0.01581860922650533,0.0050808318424782626,0.020979010148593262,0.0,0.0,0.0,0.010044529326640472,0.0,0.018028601846152306,0.020943972771191203,0.0,0.01344479243251119,0.005686325524878511,0.0028588143516168037,0.005048318023808631,0.004747499367028044,0.0,0.010665018970009495,0.00032077887888457777,0.013049346347907722,0.006746180982755435,0.007420882194182576,0.0047736330394607465,0.0,0.0,0.0020432575803984282,0.0021668686260456196,0.011419840067515908,0.0,0.0
80000350,0.022157527267973088,0.0,0.015107825365197622,0.014887611002246646,0.012093269056584982,0.0,0.0043448263629500515,0.0028278846017166194,0.0008039073751986021,0.004830550023197683,0.0008965803780470177,0.012635906669843426,0.0019020749989957127,0.0012379662611743504,0.0261225548313355,0.0208093686832725,0.00025257315786355374,0.0,0.011594756845426176,0.015071768942515303,0.004357221521443832,0.02151567485392335,0.0020488362663019784,0.022141699133259682,0.007208532731295617,0.0025944406082498116,0.012320070839659272,0.0044398755204256455,0.014412269301610907,0.020950989217468206,0.018476349016398656,0.016071793815645,0.018454949392273726,0.04501460042341301,0.032665762925373966,0.01814310749635933,0.009545086117345296,0.026530846417382153,0.027147529527097716,0.03334531643219161,0.016116137886326248,0.01526451851410619,0.018600396320088718,0.010658816166404421,0.017590415959005564,0.024705406768742864,0.013867762302271332,0.023538208118726575,0.014392189988454925,0.015704813509670196,0.0056191539488979775,0.03561831882352362,0.015338449295233886,0.040936472351332194,0.03720098403074817,0.01870582935955485,0.017075980189058447,0.026579351867031444
80000351,0.024960483985031773,0.016963071552049815,0.019016399775290276,0.01591205252584149,0.008366015626533692,0.006095810846190982,0.027748609816069584,0.01633708415850796,0.03872472778353285,0.02368704806015263,0.0,0.004301467178324099,0.01724778751942887,0.008963161710914836,0.012294455268145868,0.015169055250467115,0.049955250188610426,0.020826786710404995,0.04184964999879396,0.002966508774990964,0.027186552410945995,0.05393268279956778,0.01758534776133105,0.014583576758445307,0.023165798613927147,0.01485284984798909,0.02724416547555806,0.010287898085978568,0.010877851102641951,0.0,0.00961925879654045,0.02109969305483343,0.0005328424129822794,0.006911695183922884,0.017000079713819696,0.0,0.02542654940840377,0.004182823569460763,0.007741306939088695,0.013359980934444673,0.005746770409105356,0.0,0.013651403546266335,0.0,0.0015747336263743424,0.024871631772045315,0.003688440717163943,0.012177255008695516,0.010454840915903688,0.013883003822736906,0.01315460487927339,0.020514087334539396,0.0052498731263275426,0.0,0.01252984863536017,0.01269101346086882,0.0,0.015320214804794875
80000352,0.039192830390820145,0.023270176282104434,0.023752967321249062,0.018650916807901,0.012188672357385834,0.014134902098020995,0.024732795512921145,0.019746353510395904,0.0,0.01870519228857965,0.030279637396504532,0.02853781452498694,0.02673007851228152,0.01361562476462028,0.014908899718159478,0.013885965002644662,0.02001295141792127,0.002822732225385972,0.016897853015261737,0.009317499871454235,0.023151868525080412,0.039329292030735305,0.030599982987290605,0.008109323087694983,0.017626738009132795,0.028047001002188345,0.011346114505352792,0.009528232838328498,0.015609808505873684,0.009694940492794872,0.0010165334449111555,0.0025521119188203177,0.021946039812067445,0.007156281272286644,0.001977867762368976,0.01886628033927001,0.02365153942254207,0.01876193665795981,0.011844063119129854,0.016711348335463158,0.0,0.024179427253887522,0.014061195209586794,0.006301064198413198,0.0,0.01011723876270697,0.01600217344989687,0.0,0.01615352667272381,0.0,0.01031627699773499,0.004989992160694091,0.024023687067345083,0.005599141794653115,0.020768827541580947,0.013248160491768279,0.0,0.015240747153436625
80000353,0.0,0.002281686796273218,0.0026245319360746386,0.023738656650502704,0.01148713464450324,0.0,0.0004996633659321386,0.0,0.01618128706799646,0.0,0.019997357042500833,0.010907664549743214,0.017831768311970943,0.012720607577559854,0.007814639329654056,0.023699886333007802,0.010699800241034708,0.0028587229684612554,0.026545905490322534,0.011927557807342967,0.003604198624872962,0.0,0.0,0.004043012432306812,0.0,0.0025037296602878453,0.003408392118927046,0.00011819200125428572,0.021564679239077008,0.04708620601423699,0.027814569295907,0.017305679726904864,0.03523410125847361,0.02435107489172249,0.0009986251887124512,0.02146843500194981,0.01361712652844839,0.02315420700601569,0.02666250545579431,0.0023496059958329407,0.0,0.01533127128177336,0.04248246234587976,0.00603877481907745,0.029445838231829502,0.015845756330074363,0.01743313945273002,0.0168779861880699,0.02430910035360942,0.014131588502817259,0.023304952286835677,0.02934281997176691,0.06182615653872347,0.004635591261731454,0.04045650231421037,0.034878937300715264,0.0,0.02203343174898039
80000354,0.025361955605083652,0.02530506369753954,0.01526862544858132,0.02805218176285195,0.0303411006185832,0.021896590530141504,0.05167972876834588,0.03863222198762704,0.01584943438548963,0.022935968570427585,0.0060948316050513825,0.033633570470596875,0.020601299136574956,0.0165419733733402,0.015651425654106654,0.019771575053505016,0.0015956271460047906,0.02124013781291085,0.03299788772446441,0.04128715808298936,0.022303763382834508,0.026078193964626597,0.03227776226530172,0.01884302996522479,0.028100758595228762,0.027551434093517135,0.025307668838859886,0.013616145920484731,0.0023102922951095065,0.011043022012598895,0.01056227378115341,0.014323389616829931,0.000621382631166898,0.020818698911045933,0.0030989190161292627,0.006431881828982974,0.018111656570855443,5.96954014257596e-05,0.0,0.0,0.008101961005809115,0.0,0.0,0.0,0.007746259979300182,0.0,0.004409473860802454,0.017123490984088434,0.005159524398226152,0.02077313454506401,0.008036089695810784,0.008840189315394112,0.012648684580199453,0.02138631127605702,0.001456792455250252,0.007489539287396598,0.0,0.0010889618506015896
80000355,0.02776549513502464,0.0,0.011046405717267484,0.04134266779187185,0.005507388840464337,0.020556790415258472,0.01320985572759905,0.016062177551266845,0.0190655848238125,0.03034375341661068,0.023961226145211303,0.03986757116733313,0.012526054597664637,0.022094569077635032,0.016484331481520672,0.004388925316426674,0.020925861361955227,0.015996191558583502,0.024651458848419273,0.03617857162734459,0.02495722170635588,0.026384984041271615,0.01998697634124601,0.010056094932838988,0.024836004796495125,0.021846772234705717,0.03594592406482688,0.01735136573728374,0.007901642845629957,0.0,0.0,0.0,0.0,0.009598601575242815,0.0069253214457591665,0.0056590795157159535,0.01665722959029734,0.005681732490168505,0.011004352403472611,0.005741518356226571,0.01087534710570669,0.036060270728437205,0.013537982789633163,0.0,0.0,0.01923143191775137,0.004753911360418093,0.0,0.0006423102118018236,0.04847119146022613,0.007318790277178928,0.0066658626661640005,0.0,0.011233102510660807,0.011760626276112003,0.009834814254218246,0.0,0.0176161773605068
80000356,0.024425977637635855,0.014006043287401284,0.020693779988474558,0.0,0.0,0.0,0.01823485468416501,0.04495545145148678,0.022287329909536076,0.00461219037629662,0.01171126271269974,0.008308243868907246,0.01476560639660403,0.015021167553075393,0.0034749958780283855,0.015560484300188642,0.01674846771863103,0.017810152451539,0.011507321730921451,0.01646798308688389,0.016969088679104502,0.02720712731468635,0.0063905898329917376,0.01133989085968706,0.0,0.0057656929040081845,0.0,0.018974786851666186,0.009296764490691115,0.010685848568590553,0.04084204770533411,0.012417678178369737,0.0074775919945107,0.010050836060943775,0.014814505313943524,0.025390724856493876,0.007397740527097494,0.06679638935285041,0.00888774489325957,0.001967354004675279,0.02444569444311992,0.020091116971416738,0.007811072055003644,0.024252977368452555,0.029478586376274485,0.018544975295226328,0.0,0.012399139652261667,0.04109693688365366,0.00490403276843321,0.016331344409102364,0.00508372496534579,0.029195295969124086,0.009259356944746867,0.007083773496468763,0.02535272467882801,0.0349138972177024,0.03702715801385791
80000357,0.034311943316709996,0.0,0.010726227958877862,0.029507455862631544,0.012667452645792283,0.013096493961116803,0.01051698045109789,0.06147640462436655,0.0011127005661377115,0.025135095320622167,0.03008951072634219,0.02851697252976576,0.0364942983138923,0.003800362833269961,0.016415093516597538,0.010756758771220462,0.0075611598701451925,0.00041566939066666755,0.02980084357699621,0.016959494041497453,0.03595711949952071,0.01748166441565208,0.017695023776376627,0.005743332020733068,0.01674632049015941,0.021532301706791167,0.030225974506137666,0.02145753120347835,0.034900249876186715,0.0,0.004659033078956646,0.022239333302752576,0.0013429358093815843,0.015169727108482347,0.012960893094540056,0.0,0.004639852510691418,0.006093858229644051,0.01685918498237996,0.008748370833274713,0.014565095709791186,0.013192086972026375,0.0005953606026459148,0.005561184783833879,0.009372238570254965,0.0,0.030017253644065763,0.014573498231457914,0.003074434626254605,0.013279052231339211,0.015471206056409045,0.007507538918040082,0.0,0.011409386340254828,0.01663294422365021,0.016118425659874983,0.0,0.0
80000358,0.0,0.013547892565184952,0.03589633448934873,0.014335314472567445,0.008167876174231554,0.0,0.006002191180358125,0.007668595343835535,0.0,0.010598218362003932,0.0025637009719516332,0.019566422487823195,0.008458564662932076,0.004869951141098208,0.0024403967325911918,0.02107297339161726,0.01147683748173829,0.017427997611638026,0.020523285662330457,0.0,0.01001491895586172,0.0,4.271036789547513e-05,0.0,0.0,0.022551967818123003,0.0029812504009954642,0.012311203729268262,0.004535167013060323,0.004353117792619374,0.026293644619022297,0.021234046511439772,0.032409649344909204,0.020197898848285576,0.004130512981632324,0.02209494292959869,0.020828340430446998,0.03627999825419732,0.034186207511645354,0.034639798343147336,0.025526622989995074,0.02910660308291557,0.016830482600432826,0.007494582494725996,0.02850524059462275,0.03956299184720822,0.00045231685934129156,0.025387476251963966,0.008976089054383149,0.0196563163485901,0.00967818874352657,0.008000548519049562,0.014505765059233906,0.046168418219485564,0.035288210986698314,0.031757674622187065,0.017934360781847302,0.020673826292852995
80000359,0.011173703923973103,0.05087625792512778,0.018219038655871395,0.021910610236601423,0.02670669852950564,0.023531632347859696,0.0034754499699428247,0.03232227459360203,0.010635765541754,0.010442496682094496,0.038561306360378036,0.03461000442910971,0.010560168928045793,0.029361295919333473,0.0009363156366610785,0.015536951803531105,0.02743408881230273,0.02239770749631261,0.0038374660256077155,0.0014503549870831633,0.006280977282907258,0.028675810892505177,0.031604783663409484,0.010978945334969896,0.0435364511158379,0.015099593364253525,0.030123061472162302,0.0,0.0,0.007621470140803511,0.021738606299803356,0.0,0.019172643578234023,0.0,0.0,0.008169822519015898,0.0160241716439026,0.0270346348831304,0.020731508017622906,0.01754160555269422,0.0,0.0,0.02095436709710555,0.010659372901246975,0.0,0.017783591828256638,0.0008360367022944274,0.0049201447647577706,0.01136562639635117,0.0,0.008324951456071771,0.018644317518240278,0.009440088839922863,0.01697389194825215,0.0116146881998534,0.025726859895726994,0.0059236169829703575,0.014252857176779682
80000360,0.0,0.007905382068815735,0.007607220276124178,0.014108649510643863,0.007914653452214124,0.0,0.0,0.00967490552614193,0.0,0.004628082990037987,0.0024381022214835036,0.02389621364859404,0.006588127463760033,0.004379052152285354,0.020839492638687382,0.01947537632955679,0.007657340752663235,0.015446852278841065,0.02337887857414848,0.014391808105085183,0.01825099641045165,0.0,0.008782735481343944,0.0,0.009493200630912135,0.010509053803759272,0.00988982133282137,0.0,0.009158094381424156,0.0,0.03399182481448899,0.026353741041678983,0.021239726334330616,0.042575795784576986,0.02264001256003413,0.019255022074700444,0.01985338962245605,0.023584416652681992,0.025710257277883126,0.05598793841810918,0.01879309155944816,0.03122004906180085,0.025364132847396845,0.015368224992328207,0.02302645749582173,0.031202569986995488,0.030445494084368894,0.008097684599851822,0.014203183516173556,0.01803365528408146,0.011407994864762246,0.005853763411235165,0.01990899362229963,0.013030502363354849,0.019185744582424797,0.018875593629886032,0.020524006025142857,0.03392238176439261
80000361,0.0,0.0,0.015150134615072091,0.016233004553037535,0.0013549356103101167,0.0078482119593918,0.00945679100619894,0.011814000392269451,0.004970157472577505,0.008108330443491888,0.012146131752606473,0.0,0.0,0.005825813054041461,0.0,0.01489206311354799,0.017416382406543057,0.006811802470814706,0.002908871307289515,0.0011519730693829435,0.01392248708664067,0.025359260989940777,0.013143472485839405,0.007074995724808021,0.0,0.015356759804182468,0.0,0.009302213879809621,0.00608425968285671,0.042785972582548674,0.022138064745473307,0.014907974524871916,0.03675520646607381,0.04322584625548496,0.007279959464323004,0.027487199565998665,0.026672873154187822,0.014482462887447105,0.0015463518267713025,0.01789376244376081,0.025518635075718245,0.01149976759223136,0.012844653803491106,0.040285644036574766,0.01811230666037929,0.02595906388035302,0.01663789123422869,0.025829597969287802,0.025557483074220236,0.03335900960747464,0.010791913805121981,0.02033397998979994,0.01947307026005419,0.03276302906915363,0.009206164275249205,0.01761103266194126,0.019197989355279107,0.010142740329008072
80000362,0.0014275687192567216,0.017226425409871106,0.0,0.012188194417426659,0.013032419660417302,0.004030792631254225,0.004693779865277855,0.0,0.0,0.012893026535223466,0.02887082841340608,0.008455394582952854,0.005354357566518523,0.010986350177693862,0.006899801449996788,0.0,0.02992514424795445,0.02109528164688827,0.009156831063269161,0.0011842555538087087,0.0013288996013010991,0.008639557760350658,0.0049804389271380835,0.0,0.001007929822601689,0.0040072001436538655,0.04047277489621172,0.0,0.009306647330943947,0.012836430169362095,0.017373820953011532,0.034135753300928405,0.04887168183823706,0.005610819996282575,0.023485667955272783,0.01268248235981021,0.003626091852204378,0.054191747935486874,0.02086603878638521,0.023608491901184154,0.026702268545976807,0.0,0.03251923870422382,0.0027182598466482396,0.02691316276081679,0.020765763646522484,0.0314547576035414,0.010247553562755949,0.019656518821963908,0.02954054107926444,0.025453497610688453,0.0019065530086726414,0.015577527017248221,0.018021936388122353,0.03933563575454394,0.006492666674593001,0.01523518776782976,0.03240517732182973
80000363,0.006574515483015698,0.02116265770226293,0.00821286965065182,0.022828546806543167,0.004706706365954738,0.008946879739159605,0.008978411276317063,0.0,0.014045436453718075,0.01588244180249354,0.001344471164008018,0.0,0.0,0.0,0.0016473202491552516,0.0,0.005185415822248536,0.010740149662904295,0.012998900163468495,0.013800651932764882,0.0,0.014135504067635746,0.0,0.013039257929090295,0.002377031505847619,0.0,0.012187931872270236,0.01731875791897042,0.008652899732208582,0.01574587585679957,0.02147673026939622,0.011313325163852174,0.015122634400811259,0.009227316529974348,0.04020819311620712,0.0,0.034406351666663136,0.022885967536187754,0.01715339820380109,0.010006241257397106,0.036013003372228014,0.02012949868743199,0.007115630227757397,0.01993767056862426,0.025281148687026567,0.032855025248579306,0.02128621912866,0.039989159375225077,0.024719021756126364,0.019462366637106106,0.03703821671125288,0.0,0.017636742693022997,0.025187010767071905,0.02778729583232842,0.02669878062840392,0.037964217622039505,0.004432028714945055
80000364,0.0,0.008495249742980097,0.0027696478051198493,0.0,0.022178783817393456,0.031175139507098076,0.0108655679143389,0.00694928090224056,0.013089876479064443,0.027714610666218435,0.0,0.018213382718592665,0.032674817324669786,0.008381287711270285,0.010996395023053324,0.007326509170815802,0.005233199646941472,0.0007784758275413941,0.02266664304558657,0.0,0.0,0.02110283647130367,0.028298074253896157,0.000519733891061293,0.044206111379254655,0.02151210399776409,0.03840311158610891,0.014212478116195712,0.008496206045267242,0.02577649724942843,0.010950883737528597,0.006617029286370084,0.0028817572996080463,0.012806323550409773,0.004057505590984454,0.01771640779600894,0.0025079461786176416,0.037082584409703155,0.0,0.027381012388701734,0.005735299079029716,0.0,0.011657077827667076,0.008553519946100251,0.021228519906257175,0.0,0.017994688814476554,0.015907999687059093,0.0048950946880779046,0.03369150414152935,0.0,0.021143514995632787,0.006714526559660077,0.018391021771948332,0.017677529703105464,0.025375000876853883,0.0,0.0017037412505489765
80000365,0.0,0.0,0.012759470501293902,0.022639651699286233,0.02893094763018709,0.020255942470751177,0.002218665863985674,0.0014752894106831887,0.021572891198482966,0.0033726149233059798,0.008622974911696335,0.02463439684952339,0.007112821912194651,0.004188142707386072,0.012113328828155405,0.010109472330023149,0.014857891677100577,0.017134296246467583,0.007483734947470244,0.0051578104220144,0.005119917880869248,0.025270533000238557,0.004356716847140907,0.0031575299787294977,0.0042318853750851135,0.010555358427790281,0.0,0.0,0.011785656951229918,0.029729406400988426,0.013862329922025084,0.021084633506398984,0.026325408469741948,0.03053079686357224,0.01847562617373563,0.01349847670836589,0.01651960849356584,0.01002052210043488,0.014580894272833623,0.021757677140724425,0.019690298588399168,0.014179571666583166,0.024930609901226666,0.018759494723140223,0.0002872280778316134,0.02294832695661402,0.02895145086534376,0.03110229929455467,0.010637491681850868,0.03233219440840871,0.03749915008962627,0.024245569155443628,0.012428084243766693,0.028842043630353517,0.013159590054584483,0.02652376601805559,0.01809981931087122,0.01990098966812542
80000366,0.0036127785406779188,0.018867355780204004,0.035592916275286886,0.0026787131088505927,0.02840373860714579,0.013127194770676977,0.030008863934822973,0.0,0.018648319496477078,0.013960469753139904,0.01304032573827455,0.01851858855617403,0.008722688674080244,0.03810048825890136,0.051621741034575196,0.024379072462258507,0.0,0.007710045177638538,0.005054716729226815,0.03470737444478982,0.016616191775587506,0.03234901308293183,0.029177438083079783,0.0006255328334485039,0.032237517551931924,0.013471947897594164,0.032444927073023815,0.014223444006418205,0.04138585811851695,0.013672376022188423,0.0,0.02311586714143041,0.0,0.006179471085721949,0.0013414342815462968,0.009102853050461367,0.004209174697107666,0.011846983131357795,0.0,0.004591575999595653,0.015786035163100464,0.0,0.0,0.03482623801776942,0.003874129340847777,0.007106891274931855,0.0,0.00224487848113606,0.017267442939602102,0.006472577021242268,0.0232607510830183,0.0,0.03776884188058116,0.01978042516997319,0.0,0.018886325091282942,0.015059078746823558,0.027018696360476234
80000367,0.005688048975887045,0.013055201998712967,0.007522487043458499,0.01046611301282062,0.005416954496464281,0.002248746016092811,0.004563251899317392,0.010851538324948645,0.006575190898573363,0.0,0.006230527577192214,0.0,0.0,0.01117999904475707,0.013731684166604554,0.0,0.008463171241319806,0.003285503294444419,0.012753775494202289,0.0017403510008382327,0.009685845777473553,0.007846952071097178,0.023291480683659545,0.01640541974356644,0.0017219940267533262,0.006751682674252793,0.0,0.01631493094806964,0.015610645715151606,0.022405614504605598,0.00954551736977235,0.016971063628908007,0.02801888554360516,0.02879341075817833,0.007317171972465699,0.02113994087282332,0.024949609121208745,0.032632479224551696,0.028971180864796064,0.0,0.023680760226789437,0.015611480586156492,0.004972111170869196,0.017592401899625788,0.04045933618020259,0.015957511867607667,0.03774973271913058,0.014001644194105677,0.03416247936669428,0.04131949729720483,0.017914491398679473,0.03361081695941985,0.010874528175203808,0.026860599453778278,0.027371093678287925,0.027021003204541347,0.020905774639861922,0.02915586173123148
80000368,0.006508958472319681,0.005964495642314768,0.013287006142858113,0.007271368224572771,0.016265800870146268,0.0,0.011880514566078148,0.016991434368645638,0.021646484423002387,0.0,0.009209134682100781,0.01885144956429357,0.010997002854736385,0.03321920603587215,0.011078192671986316,0.009878142092843219,0.0006210052798803327,0.007081624397003454,0.0,0.0,0.007584585512476099,0.014426698650202956,0.009996531143888087,0.007291337457183566,0.01796864360132925,0.012395911221331263,0.0,0.0013569752807941551,0.0014844198403710222,0.033899716871728,0.02389551840466831,0.026766375164733805,0.0051386339334344635,0.014550864410335538,0.004039239162981984,0.0026302449427381964,0.0029121241344152054,0.019298599370207326,0.030340372031478734,0.021510008523953957,0.011420147259057179,0.028367623184441592,0.013529416202067664,0.05290548677963554,0.0,0.036871686119999136,0.0022216958567937875,0.02504373910593848,0.009085794418588426,0.014767253520685336,0.03156853004463766,0.03149323625911554,0.017938865056547463,0.028020157659673844,0.009253872901664703,0.0290956248488682,0.020622052407285176,0.006215982549884305
80000369,0.020519135551593366,0.027153309159008588,0.01987194168858305,0.008614189258396262,0.000264257419651291,0.022982407920537896,0.003389606260313868,0.0,0.02906517340091521,0.0256190047852897,0.017763756556573147,0.010669295241647182,0.007067756060207516,0.029270774191794902,0.03408926199352944,0.014478907958952902,0.03469466661522389,0.007583442185263272,0.010643934038981466,0.012278382649548286,0.016536842801730144,0.02668010991247682,0.019827806243738325,0.007911080981247636,0.020415950605619914,0.01644087231058786,0.03654479486144032,0.04017042490263461,0.02902217080105738,0.0013172486628274052,0.0014610670525688262,0.009641178762047667,0.0,0.04113315730829908,0.011203973388855405,0.006722978670126892,0.014050634542245267,0.01869321524882087,0.0144622886710313,0.01072280730628803,0.022535576385416752,0.023648754115723168,0.011000600547850896,0.010244977933641118,0.015857254649413444,0.004484233524748869,0.010971113763167525,0.014326772506903899,0.006837733765082592,0.013188752558628827,0.004082041773663765,0.0028150058175300786,0.0034021063972115087,0.016814539124378743,0.0,0.015554555896558417,0.0,0.007992371841680179
80000370,0.002155785053590831,0.006771511731157813,0.018166982701168292,0.0,0.010120649630337786,0.0,0.013863317101367588,0.007697314450717441,0.0,0.0,0.016566921107635326,0.0,0.0,0.006376036579485792,0.0074196269822492025,0.0020036202576274873,0.0006254274745364681,0.028655391169150717,0.0026740200363359677,0.013098057432796713,0.0,0.0,0.005389205502453561,0.015109755862828624,0.0,0.011291504662728644,0.0010570517968266024,0.0,0.0011442899831424994,0.014774794835844457,0.021088699995622247,0.024117945181372117,0.02269390488497126,0.04819253198026536,0.03416554681677663,0.019449369565044533,0.02767270700221609,0.04116739400081596,0.016235477614486144,0.0014688265779535016,0.03295790602766091,0.03342086084125341,0.023396115724657905,0.024810854509872707,0.02106832875943307,0.026634450191046297,0.03308498392296565,0.01067130901018483,0.011669463942002281,0.024070179210737896,0.04041692685510259,0.03557054697062377,0.020022489072278958,0.014113151634967897,0.023559684733281825,0.026700881508095756,0.0360203442980111,0.039113651381959186
80000371,0.02737894685210109,0.03248515922697761,0.02178814182766036,0.043551948466229895,0.02257367743117595,0.013551268442345575,0.018807744326736084,0.007815883950370297,0.012655469639893635,0.0,0.01894538329486187,0.02130863860635488,0.005791729429727919,0.016610211961562777,0.0006883599825684262,0.017170854271672573,0.013018337325306361,0.02528002488626553,0.01906752463421239,0.0011854178502765003,0.015334764395973309,0.01616692726721584,0.008316261816059581,0.012364791455417605,0.02856866974840083,0.0037908307423929755,0.02655054981513548,0.03529897147557429,0.015298543261907396,0.028591119893622844,0.010910785154363861,0.001886673936644572,0.01678418685591993,0.0,0.0078035483396457295,0.01210433855896355,0.02030012193614208,0.023741192999129097,0.0074540959590474794,0.0,0.008054196747480173,0.0,0.025089864719211444,0.01917059421439472,0.020265224353401456,0.005177160244262,0.009850383089473762,0.0005925200346371132,0.006511253538754009,0.0025408166266478473,0.0012613093326241092,0.0,0.005750950694391343,0.003826129045926745,0.01023526136553427,0.030819679007023076,0.0,0.00642973625610204
